date,cash,total_value,market_value,unit_net_value,units,static_unit_net_value,benchmark_unit_net_value,arithmetic_excess_unit_net_value,geometric_excess_unit_net_value
2020-01-02,6467.2336,99925.2336,93458.0,0.999252,100000.0,1.0,1.013586618952419,-0.0143346189524189,-0.0141424705934203
2020-01-03,6467.2336,100796.2336,94329.0,1.007962,100000.0,0.9993,1.0118105285867456,-0.0038485285867455,-0.0038036059894741
2020-01-06,6467.2336,101210.2336,94743.0,1.012102,100000.0,1.008,1.0079855106528928,0.0041164893471072,0.0040838774998273
2020-01-07,6467.2336,99603.2336,93136.0,0.996032,100000.0,1.0121,1.0155361954054332,-0.0195041954054331,-0.0192058101854719
2020-01-08,6467.2336,99675.2336,93208.0,0.996752,100000.0,0.996,1.0038410312831274,-0.0070890312831274,-0.0070619062801867
2020-01-09,6467.2336,100225.2336,93758.0,1.002252,100000.0,0.9968,1.0165473554161162,-0.0142953554161162,-0.0140626556549001
2020-01-10,6467.2336,99484.2336,93017.0,0.994842,100000.0,1.0023,1.0162581387054344,-0.0214161387054343,-0.0210735224543593
2020-01-13,6467.2336,103987.2336,97520.0,1.039872,100000.0,0.9948,1.0262184907755172,0.0136535092244827,0.0133046805794394
2020-01-14,6467.2336,105473.2336,99006.0,1.054732,100000.0,1.0399,1.02277608448272,0.0319559155172799,0.0312442928634197
2020-01-15,6467.2336,104323.2336,97856.0,1.043232,100000.0,1.0547,1.0171245927184027,0.0261074072815972,0.0256678557066658
2020-01-16,6467.2336,104577.2336,98110.0,1.045772,100000.0,1.0432,1.0128061146388347,0.0329658853611651,0.0325490583880614
2020-01-17,6467.2336,107177.2336,100710.0,1.071772,100000.0,1.0458,1.0142242724733868,0.0575477275266131,0.056740633298266
2020-01-20,6467.2336,109555.2336,103088.0,1.095552,100000.0,1.0718,1.0217860396353338,0.0737659603646663,0.0721931573766585
2020-01-21,6467.2336,106642.2336,100175.0,1.066422,100000.0,1.0956,1.0043271194296337,0.0620948805703664,0.0618273462590861
2020-01-22,6467.2336,112299.2336,105832.0,1.122992,100000.0,1.0664,1.0086289006633111,0.1143630993366888,0.1133847139036761
2020-01-23,35601.31,110670.31,75069.0,1.106703,100000.0,1.123,0.9773760667459828,0.1293269332540171,0.1323205444190898
2020-02-03,76156.5196,108466.5196,32310.0,1.084665,100000.0,1.1067,0.9003500259399169,0.1843149740600831,0.2047147984115047
2020-02-04,76156.5196,109972.5196,33816.0,1.099725,100000.0,1.0847,0.9240966023847048,0.1756283976152952,0.1900541536047986
2020-02-05,76156.5196,112642.5196,36486.0,1.126425,100000.0,1.0997,0.934566208254437,0.1918587917455629,0.2052918135183945
2020-02-06,76156.5196,112606.5196,36450.0,1.126065,100000.0,1.1264,0.9519582434342032,0.1741067565657968,0.182893270546935
2020-02-07,76156.5196,110896.5196,34740.0,1.108965,100000.0,1.1261,0.9519812382131924,0.1569837617868076,0.1649021592919795
2020-02-10,76156.5196,112714.5196,36558.0,1.127145,100000.0,1.109,0.9559201071546936,0.1712248928453064,0.1791205055357179
2020-02-11,76156.5196,111580.5196,35424.0,1.115805,100000.0,1.1271,0.9648199898154124,0.1509850101845876,0.1564903420102996
2020-02-12,76156.5196,111670.5196,35514.0,1.116705,100000.0,1.1158,0.9726236171368322,0.1440813828631678,0.1481368335341357
2020-02-13,76156.5196,110686.5196,34530.0,1.106865,100000.0,1.1167,0.9666396775009098,0.1402253224990901,0.1450647286294102
2020-02-14,76156.5196,110296.5196,34140.0,1.102965,100000.0,1.1069,0.9734295816993392,0.1295354183006608,0.1330711750864688
2020-02-17,76156.5196,111244.5196,35088.0,1.112445,100000.0,1.103,0.9953234185151568,0.1171215814848429,0.117671883637147
2020-02-18,76156.5196,111838.5196,35682.0,1.118385,100000.0,1.1124,0.9904624638183136,0.1279225361816864,0.1291543504723387
2020-02-19,76156.5196,113302.5196,37146.0,1.133025,100000.0,1.1184,0.9889489826165088,0.1440760173834911,0.1456859958562295
2020-02-20,76156.5196,117016.5196,40860.0,1.170165,100000.0,1.133,1.011735148674306,0.1584298513256938,0.1565922183619768
2020-02-21,76156.5196,116656.5196,40500.0,1.166565,100000.0,1.1702,1.0129152055807695,0.1536497944192305,0.1516906781265399
2020-02-24,76156.5196,115876.5196,39720.0,1.158765,100000.0,1.1666,1.0088504756196637,0.1499145243803363,0.1485993494608353
2020-02-25,76156.5196,118666.5196,42510.0,1.186665,100000.0,1.1588,1.0066573058550443,0.1800076941449555,0.1788172529995784
2020-02-26,76156.5196,119176.5196,43020.0,1.191765,100000.0,1.1867,0.9942471798624518,0.1975178201375481,0.1986606792939291
2020-02-27,76156.5196,118186.5196,42030.0,1.181865,100000.0,1.1918,0.9971424471146328,0.1847225528853672,0.1852519200440088
2020-02-28,76156.5196,115378.5196,39222.0,1.153785,100000.0,1.1819,0.9617892925910116,0.1919957074089884,0.1996234610719793
2020-03-02,456.0076,116206.0076,115750.0,1.16206,100000.0,1.1538,0.9934296690892638,0.1686303309107363,0.169745615777038
2020-03-03,456.0076,116230.0076,115774.0,1.1623,100000.0,1.1621,0.9987256205606134,0.1635743794393866,0.1637831012561466
2020-03-04,456.0076,115048.0076,114592.0,1.15048,100000.0,1.1623,1.0045087098339858,0.1459712901660141,0.1453161020277651
2020-03-05,456.0076,116430.0076,115974.0,1.1643,100000.0,1.1505,1.0268865598958703,0.1374134401041296,0.1338155989869647
2020-03-06,39621.0268,115005.0268,75384.0,1.15005,100000.0,1.1643,1.0102341656963254,0.1398158343036746,0.1383994315885204
2020-03-09,39621.0268,109989.0268,70368.0,1.09989,100000.0,1.1501,0.975723762499475,0.124166237500525,0.1272555227951537
2020-03-10,39621.0268,110357.0268,70736.0,1.10357,100000.0,1.0999,0.9966189863496208,0.1069510136503792,0.107313843219178
2020-03-11,39621.0268,110697.0268,71076.0,1.10697,100000.0,1.1036,0.9833633994543892,0.1236066005456107,0.1256977843737043
2020-03-12,73680.6916,108176.6916,34496.0,1.081767,100000.0,1.107,0.9644408444786206,0.1173261555213793,0.1216519978317656
2020-03-13,73680.6916,107472.6916,33792.0,1.074727,100000.0,1.0818,0.9508689695246192,0.1238580304753806,0.1302577268215017
2020-03-16,73680.6916,105712.6916,32032.0,1.057127,100000.0,1.0747,0.9099878164287252,0.1471391835712748,0.1616935753587636
2020-03-17,104264.8804,104264.8804,0.0,1.042649,100000.0,1.0571,0.9055554385203218,0.1370935614796781,0.151391682549761
2020-03-18,104264.8804,104264.8804,0.0,1.042649,100000.0,1.0426,0.887631789437346,0.1550172105626539,0.174641346115957
2020-03-19,104264.8804,104264.8804,0.0,1.042649,100000.0,1.0426,0.876118801573634,0.1665301984263659,0.1900771883074008
2020-03-20,104264.8804,104264.8804,0.0,1.042649,100000.0,1.0426,0.8917736324630234,0.1508753675369765,0.169185723870606
2020-03-23,104264.8804,104264.8804,0.0,1.042649,100000.0,1.0426,0.8617685948488621,0.1808804051511378,0.2098944034771432
2020-03-24,104264.8804,104264.8804,0.0,1.042649,100000.0,1.0426,0.8849119855305722,0.1577370144694277,0.1782516420261304
2020-03-25,104264.8804,104264.8804,0.0,1.042649,100000.0,1.0426,0.908688757879404,0.1339602421205958,0.1474214806323974
2020-03-26,104264.8804,104264.8804,0.0,1.042649,100000.0,1.0426,0.9027152659774598,0.1399337340225401,0.1550142545457231
2020-03-27,104264.8804,104264.8804,0.0,1.042649,100000.0,1.0426,0.9056477837951792,0.1370012162048208,0.1512742797544404
2020-03-30,104264.8804,104264.8804,0.0,1.042649,100000.0,1.0426,0.8968722486972739,0.145776751302726,0.1625390366515073
2020-03-31,104264.8804,104264.8804,0.0,1.042649,100000.0,1.0426,0.8998123337989493,0.1428366662010506,0.1587405071433101
2020-04-01,104264.8804,104264.8804,0.0,1.042649,100000.0,1.0426,0.897107810923648,0.1455411890763519,0.1622337775952536
2020-04-02,104264.8804,104264.8804,0.0,1.042649,100000.0,1.0426,0.9116210804123762,0.1310279195876237,0.1437306819718919
2020-04-03,104264.8804,104264.8804,0.0,1.042649,100000.0,1.0426,0.906418621513774,0.136230378486226,0.1502952115642912
2020-04-07,104264.8804,104264.8804,0.0,1.042649,100000.0,1.0426,0.9271195614509962,0.1155294385490037,0.124611154108531
2020-04-08,104264.8804,104264.8804,0.0,1.042649,100000.0,1.0426,0.9228045252650986,0.1198444747349013,0.1298698385776477
2020-04-09,104264.8804,104264.8804,0.0,1.042649,100000.0,1.0426,0.9258475498391698,0.1168014501608301,0.1261562448171083
2020-04-10,104264.8804,104264.8804,0.0,1.042649,100000.0,1.0426,0.9200787651735336,0.1225702348264664,0.1332171108234943
2020-04-13,104264.8804,104264.8804,0.0,1.042649,100000.0,1.0426,0.9161922081337028,0.1264567918662972,0.1380243040091899
2020-04-14,104264.8804,104264.8804,0.0,1.042649,100000.0,1.0426,0.9338758522623044,0.1087731477376956,0.116474954860642
2020-04-15,104264.8804,104264.8804,0.0,1.042649,100000.0,1.0426,0.9269586712298528,0.115690328770147,0.12480635044565
2020-04-16,104264.8804,104264.8804,0.0,1.042649,100000.0,1.0426,0.928183668038778,0.1144653319612218,0.1233218552563883
2020-04-17,104264.8804,104264.8804,0.0,1.042649,100000.0,1.0426,0.9372415848812112,0.1054074151187888,0.1124655764523598
2020-04-20,104264.8804,104264.8804,0.0,1.042649,100000.0,1.0426,0.94065125656825,0.1019977434317499,0.1084331123990258
2020-04-21,104264.8804,104264.8804,0.0,1.042649,100000.0,1.0426,0.9295669675459453,0.1130820324540546,0.121650226828295
2020-04-22,104264.8804,104264.8804,0.0,1.042649,100000.0,1.0426,0.9372162710958484,0.1054327289041514,0.1124956236417804
2020-04-23,104264.8804,104264.8804,0.0,1.042649,100000.0,1.0426,0.9348653112554488,0.1077836887445511,0.1152932806970945
2020-04-24,104264.8804,104264.8804,0.0,1.042649,100000.0,1.0426,0.92686342109438,0.1157855789056198,0.1249219424032375
2020-04-27,104264.8804,104264.8804,0.0,1.042649,100000.0,1.0426,0.9331605974648964,0.1094884025351035,0.1173307175983953
2020-04-28,104264.8804,104264.8804,0.0,1.042649,100000.0,1.0426,0.9395995017407316,0.1030494982592683,0.1096738536667543
2020-04-29,104264.8804,104264.8804,0.0,1.042649,100000.0,1.0426,0.9439654584244754,0.0986835415755245,0.1045414752148157
2020-04-30,104264.8804,104264.8804,0.0,1.042649,100000.0,1.0426,0.9550833120127143,0.0875656879872855,0.0916838215953665
2020-05-06,13809.574,104192.574,90383.0,1.041926,100000.0,1.0426,0.9608629349818232,0.0810630650181767,0.084364857948975
2020-05-07,13809.574,105140.574,91331.0,1.051406,100000.0,1.0419,0.9580900624449832,0.0933159375550168,0.0973978764761223
2020-05-08,13809.574,105525.574,91716.0,1.055256,100000.0,1.0514,0.9675435773641644,0.0877124226358356,0.0906547515666289
2020-05-11,13809.574,103583.574,89774.0,1.035836,100000.0,1.0553,0.9667035112026684,0.0691324887973316,0.0715136419762503
2020-05-12,13809.574,105389.574,91580.0,1.053896,100000.0,1.0358,0.9667175472938772,0.0871784527061227,0.0901798596189347
2020-05-13,13809.574,105905.574,92096.0,1.059056,100000.0,1.0539,0.9686740807660124,0.0903819192339876,0.093304777147041
2020-05-14,13809.574,103772.574,89963.0,1.037726,100000.0,1.0591,0.95816893307228,0.0795570669277198,0.0830303135300238
2020-05-15,13809.574,105664.574,91855.0,1.056646,100000.0,1.0377,0.955141580099176,0.1015044199008239,0.1062715957672832
2020-05-18,13809.574,107323.574,93514.0,1.073236,100000.0,1.0566,0.9576060247883232,0.1156299752116769,0.120749005560232
2020-05-19,13809.574,108407.574,94598.0,1.084076,100000.0,1.0732,0.9657439795970404,0.1183320204029596,0.1225293896756509
2020-05-20,13809.574,108885.574,95076.0,1.088856,100000.0,1.0841,0.9606110420684604,0.1282449579315397,0.133503522565588
2020-05-21,13809.574,108562.574,94753.0,1.085626,100000.0,1.0889,0.955380559808627,0.1302454401913729,0.1363283341430587
2020-05-22,13809.574,105288.574,91479.0,1.052886,100000.0,1.0856,0.9334767146495124,0.1194092853504874,0.1279188687586292
2020-05-25,13809.574,106241.574,92432.0,1.062416,100000.0,1.0529,0.9347608339156688,0.1276551660843313,0.1365645215895385
2020-05-26,13809.574,107994.574,94185.0,1.079946,100000.0,1.0624,0.945366162684742,0.1345798373152581,0.1423573665182445
2020-05-27,13809.574,107749.574,93940.0,1.077496,100000.0,1.0799,0.9387370754756756,0.1387589245243244,0.147814471324692
2020-05-28,13809.574,106544.574,92735.0,1.065446,100000.0,1.0775,0.9414268543525592,0.1240191456474406,0.1317352963472997
2020-05-29,13809.574,108206.574,94397.0,1.082066,100000.0,1.0654,0.943963310292256,0.1381026897077441,0.1463009083107125
2020-06-01,43921.1497,111891.1497,67970.0,1.118911,100000.0,1.0821,0.9694277090162556,0.1494832909837443,0.1541974606187348
2020-06-02,44881.1497,111855.1497,66974.0,1.118551,100000.0,1.1189,0.972412514325052,0.146138485674948,0.1502844559506539
2020-06-03,44881.1497,111527.1497,66646.0,1.115271,100000.0,1.1186,0.9724320427997776,0.1428389572002224,0.1468883694833498
2020-06-04,44881.1497,111961.1497,67080.0,1.119611,100000.0,1.1153,0.972075013460612,0.1475359865393878,0.1517742813017648
2020-06-05,44881.1497,112269.1497,67388.0,1.122691,100000.0,1.1196,0.9767290883783344,0.1459619116216658,0.14943950513853
2020-06-08,44881.1497,113099.1497,68218.0,1.130991,100000.0,1.1227,0.9817830576372442,0.1492079423627559,0.1519764893089918
2020-06-09,44881.1497,113799.1497,68918.0,1.137991,100000.0,1.131,0.9879038674703976,0.1500871325296023,0.1519248354740343
2020-06-10,44881.1497,113581.1497,68700.0,1.135811,100000.0,1.138,0.9861159867881087,0.1496950132118911,0.1518026431144927
2020-06-11,44881.1497,112691.1497,67810.0,1.126911,100000.0,1.1358,0.975419142704354,0.1514918572956458,0.1553094979001887
2020-06-12,44881.1497,113169.1497,68288.0,1.131691,100000.0,1.1269,0.977176290449544,0.1545147095504561,0.1581236784606927
2020-06-15,76240.3297,111040.3297,34800.0,1.110403,100000.0,1.1317,0.9654361131929964,0.1449668868070037,0.1501568926477727
2020-06-16,76240.3297,111640.3297,35400.0,1.116403,100000.0,1.1104,0.9799804085459444,0.1364225914540557,0.1392095089497493
2020-06-17,76240.3297,110980.3297,34740.0,1.109803,100000.0,1.1164,0.9807185604799672,0.1290844395200328,0.1316223070733548
2020-06-18,110905.2067,110905.2067,0.0,1.109052,100000.0,1.1098,0.9872581828641984,0.1217938171358016,0.1233657205883649
2020-06-19,110905.2067,110905.2067,0.0,1.109052,100000.0,1.1091,1.0005193109641333,0.1085326890358666,0.1084763560748078
2020-06-22,110905.2067,110905.2067,0.0,1.109052,100000.0,1.1091,1.0013337460025522,0.1077182539974477,0.1075747765692229
2020-06-23,110905.2067,110905.2067,0.0,1.109052,100000.0,1.1091,1.0061544720414617,0.1028975279585384,0.1022681216630305
2020-06-24,110905.2067,110905.2067,0.0,1.109052,100000.0,1.1091,1.0103518979883257,0.0987001020116742,0.0976888371350539
2020-06-29,110905.2067,110905.2067,0.0,1.109052,100000.0,1.1091,1.0032061605698082,0.1058458394301917,0.1055075652347197
2020-06-30,110905.2067,110905.2067,0.0,1.109052,100000.0,1.1091,1.016448248406886,0.0926037515931139,0.0911052301366597
2020-07-01,12732.7315,110826.7315,98094.0,1.108267,100000.0,1.1091,1.0369091589791406,0.0713578410208592,0.0688178326933794
2020-07-02,12732.7315,110376.7315,97644.0,1.103767,100000.0,1.1083,1.0584053716389576,0.0453616283610422,0.0428584638518974
2020-07-03,12732.7315,114882.7315,102150.0,1.148827,100000.0,1.1038,1.0788494877229489,0.0699775122770511,0.0648630907956844
2020-07-06,12732.7315,120518.7315,107786.0,1.205187,100000.0,1.1488,1.1399978777430095,0.0651891222569904,0.0571835470308534
2020-07-07,12732.7315,121306.7315,108574.0,1.213067,100000.0,1.2052,1.1468405332337903,0.0662264667662093,0.0577468835876144
2020-07-08,12732.7315,126260.7315,113528.0,1.262607,100000.0,1.2131,1.1653627544776906,0.0972442455223094,0.0834454723635764
2020-07-09,12732.7315,131488.7315,118756.0,1.314887,100000.0,1.2626,1.1816609753774985,0.1332260246225014,0.1127447105375891
2020-07-10,12732.7315,129448.7315,116716.0,1.294487,100000.0,1.3149,1.160268043938385,0.1342189560616149,0.1156792663236896
2020-07-13,12732.7315,136772.7315,124040.0,1.367727,100000.0,1.2945,1.1846366267137671,0.1830903732862325,0.1545540372106619
2020-07-14,12732.7315,135860.7315,123128.0,1.358607,100000.0,1.3677,1.173341601038583,0.1852653989614168,0.1578955342565449
2020-07-15,12732.7315,133530.7315,120798.0,1.335307,100000.0,1.3586,1.1581529636620735,0.1771540363379264,0.1529625549441813
2020-07-16,12732.7315,125824.7315,113092.0,1.258247,100000.0,1.3353,1.102444205866154,0.155802794133846,0.1413248791229637
2020-07-17,13512.7315,124886.7315,111374.0,1.248867,100000.0,1.2582,1.1093884094255066,0.1394785905744933,0.125725660543652
2020-07-20,13512.7315,130322.7315,116810.0,1.303227,100000.0,1.2489,1.142490126098047,0.160736873901953,0.1406899457861561
2020-07-21,13512.7315,132012.7315,118500.0,1.320127,100000.0,1.3032,1.1451113112074578,0.1750156887925422,0.1528372718701012
2020-07-22,13512.7315,132354.7315,118842.0,1.323547,100000.0,1.3201,1.1508240979718194,0.1727229020281806,0.1500862749855367
2020-07-23,13512.7315,136672.7315,123160.0,1.366727,100000.0,1.3235,1.1503335182761265,0.2163934817238737,0.1881136890179102
2020-07-24,13512.7315,131586.7315,118074.0,1.315867,100000.0,1.3667,1.0998414019335785,0.2160255980664216,0.1964152264923264
2020-07-27,13512.7315,136916.7315,123404.0,1.369167,100000.0,1.3159,1.1054215171227746,0.2637454828772254,0.2385926805221869
2020-07-28,13512.7315,134460.7315,120948.0,1.344607,100000.0,1.3692,1.1151387885037145,0.2294682114962858,0.2057754728487066
2020-07-29,13512.7315,136640.7315,123128.0,1.366407,100000.0,1.3446,1.1421736183439364,0.2242333816560635,0.1963216257622766
2020-07-30,13512.7315,137438.7315,123926.0,1.374387,100000.0,1.3664,1.136593991366608,0.2377930086333919,0.2092154370334795
2020-07-31,13512.7315,138738.7315,125226.0,1.387387,100000.0,1.3744,1.1460886381356792,0.2412983618643207,0.2105407503706138
2020-08-03,4781.4271,139613.4271,134832.0,1.396134,100000.0,1.3874,1.164705279554876,0.2314287204451239,0.1987015294835539
2020-08-04,4781.4271,138889.4271,134108.0,1.388894,100000.0,1.3961,1.1658017057683283,0.2230922942316717,0.1913638426911046
2020-08-05,4781.4271,140299.4271,135518.0,1.402994,100000.0,1.3889,1.1661206301711862,0.2368733698288139,0.2031293879039264
2020-08-06,4781.4271,142727.4271,137946.0,1.427274,100000.0,1.403,1.1626190037787845,0.2646549962212154,0.2276369088764458
2020-08-07,45586.3117,143938.3117,98352.0,1.439383,100000.0,1.4273,1.1492327225664538,0.2901502774335462,0.252473038520506
2020-08-10,45586.3117,141904.3117,96318.0,1.419043,100000.0,1.4394,1.1533687314603072,0.2656742685396929,0.2303463422346439
2020-08-11,45586.3117,138220.3117,92634.0,1.382203,100000.0,1.419,1.1428511831851242,0.2393518168148758,0.2094339318508669
2020-08-12,134218.9393,134218.9393,0.0,1.342189,100000.0,1.3822,1.1345176262914396,0.2076713737085604,0.1830481685748732
2020-08-13,134218.9393,134218.9393,0.0,1.342189,100000.0,1.3422,1.13160495428616,0.2105840457138401,0.1860932518156752
2020-08-14,134218.9393,134218.9393,0.0,1.342189,100000.0,1.3422,1.1484278076594636,0.1937611923405364,0.168718652620776
2020-08-17,134218.9393,134218.9393,0.0,1.342189,100000.0,1.3422,1.1754252648811805,0.1667637351188198,0.141875234522611
2020-08-18,134218.9393,134218.9393,0.0,1.342189,100000.0,1.3422,1.1748223964558169,0.1673666035441834,0.1424611958787065
2020-08-19,134218.9393,134218.9393,0.0,1.342189,100000.0,1.3422,1.157227728940182,0.184961271059818,0.1598313507655147
2020-08-20,134218.9393,134218.9393,0.0,1.342189,100000.0,1.3422,1.1422093554526838,0.1999796445473163,0.1750814275794998
2020-08-21,134218.9393,134218.9393,0.0,1.342189,100000.0,1.3422,1.151897602638063,0.1902913973619371,0.1651981885595854
2020-08-24,134218.9393,134218.9393,0.0,1.342189,100000.0,1.3422,1.1609309868341224,0.1812580131658776,0.1561316006045898
2020-08-25,134218.9393,134218.9393,0.0,1.342189,100000.0,1.3422,1.1624204236014215,0.1797685763985783,0.1546502218548584
2020-08-26,134218.9393,134218.9393,0.0,1.342189,100000.0,1.3422,1.1487943083088707,0.1933946916911293,0.1683457954939069
2020-08-27,134218.9393,134218.9393,0.0,1.342189,100000.0,1.3422,1.1549494150257604,0.1872395849742396,0.1621192950429464
2020-08-28,134218.9393,134218.9393,0.0,1.342189,100000.0,1.3422,1.1825138815111265,0.1596751184888736,0.1350302275393384
2020-08-31,134218.9393,134218.9393,0.0,1.342189,100000.0,1.3422,1.1756667344711589,0.1665222655288414,0.141640705351544
2020-09-01,26835.1009,134133.1009,107298.0,1.341331,100000.0,1.3422,1.1819907869050157,0.1593402130949843,0.1348066455849532
2020-09-02,26835.1009,133208.1009,106373.0,1.332081,100000.0,1.3413,1.1824215606468624,0.1496594393531376,0.126570289593894
2020-09-03,26835.1009,132223.1009,105388.0,1.322231,100000.0,1.3321,1.1758815232825437,0.1463494767174564,0.1244593726661451
2020-09-04,26835.1009,130997.1009,104162.0,1.309971,100000.0,1.3222,1.1644387646960623,0.1455322353039376,0.1249805826774617
2020-09-07,26835.1009,128867.1009,102032.0,1.288671,100000.0,1.31,1.1398203639077564,0.1488506360922434,0.1305913114079875
2020-09-08,26835.1009,128664.1009,101829.0,1.286641,100000.0,1.2887,1.1459283093581845,0.1407126906418154,0.1227936246034677
2020-09-09,26835.1009,125952.1009,99117.0,1.259521,100000.0,1.2866,1.1191253069235452,0.1403956930764547,0.1254512718172729
2020-09-10,26835.1009,128683.1009,101848.0,1.286831,100000.0,1.2595,1.118487897508511,0.1683431024914889,0.1505095431667003
2020-09-11,26835.1009,132284.1009,105449.0,1.322841,100000.0,1.2868,1.1295471412619806,0.1932938587380193,0.171125092240119
2020-09-14,26835.1009,135661.1009,108826.0,1.356611,100000.0,1.3228,1.1353490755134632,0.2212619244865368,0.19488448906031
2020-09-15,26835.1009,135353.1009,108518.0,1.353531,100000.0,1.3566,1.1444864244268418,0.2090445755731582,0.1826536087379522
2020-09-16,26835.1009,134893.1009,108058.0,1.348931,100000.0,1.3535,1.1368888225137737,0.2120421774862264,0.1865109175912032
2020-09-17,26835.1009,133920.1009,107085.0,1.339201,100000.0,1.3489,1.1308730270534555,0.2083279729465443,0.184218712413146
2020-09-18,26835.1009,134494.1009,107659.0,1.344941,100000.0,1.3392,1.156351461868664,0.1885895381313358,0.1630901541185194
2020-09-21,67315.408,132519.408,65204.0,1.325194,100000.0,1.3449,1.145205438455634,0.1799885615443659,0.1571670509940028
2020-09-22,67315.408,131599.408,64284.0,1.315994,100000.0,1.3252,1.131616720192182,0.184377279807818,0.1629326224311225
2020-09-23,67315.408,135441.408,68126.0,1.354414,100000.0,1.316,1.1356607011488924,0.2187532988511076,0.1926220557159419
2020-09-24,88917.289,130731.289,41814.0,1.307313,100000.0,1.3544,1.1138714149046351,0.1934415850953648,0.1736659927770265
2020-09-25,88917.289,131589.289,42672.0,1.315893,100000.0,1.3073,1.115569391371407,0.2003236086285929,0.1795707287937762
2020-09-28,88917.289,133317.289,44400.0,1.333173,100000.0,1.3159,1.1184710541990603,0.2147019458009396,0.1919602165785936
2020-09-29,88917.289,133971.289,45054.0,1.339713,100000.0,1.3332,1.120885457171724,0.218827542828276,0.1952273904779111
2020-09-30,88917.289,133923.289,45006.0,1.339233,100000.0,1.3397,1.1198104146380958,0.219422585361904,0.1959461909744944
2020-10-09,7773.4258,138052.4258,130279.0,1.380524,100000.0,1.3392,1.142694345122487,0.2378296548775134,0.2081305958086456
2020-10-12,7773.4258,142917.4258,135144.0,1.429174,100000.0,1.3805,1.1773614399184142,0.2518125600815857,0.2138787219828051
2020-10-13,7773.4258,143308.4258,135535.0,1.433084,100000.0,1.4292,1.1812776802398277,0.2518063197601725,0.2131643761431689
2020-10-14,7773.4258,142275.4258,134502.0,1.422754,100000.0,1.4331,1.173442148272825,0.249311851727175,0.212461988087043
2020-10-15,7773.4258,141698.4258,133925.0,1.416984,100000.0,1.4228,1.171399958028426,0.245584041971574,0.2096500348052894
2020-10-16,7773.4258,137525.4258,129752.0,1.375254,100000.0,1.417,1.1696765457233242,0.2055774542766757,0.1757558147406874
2020-10-19,50617.6558,134923.6558,84306.0,1.349237,100000.0,1.3753,1.1608428157707376,0.1883941842292624,0.1622908645940826
2020-10-20,50617.6558,140937.6558,90320.0,1.409377,100000.0,1.3492,1.1701137882724235,0.2392632117275763,0.2044785850108037
2020-10-21,50617.6558,138333.6558,87716.0,1.383337,100000.0,1.4094,1.1699578534017423,0.2133791465982577,0.182381908867778
2020-10-22,50617.6558,140130.6558,89513.0,1.401307,100000.0,1.3833,1.1663343693270547,0.2349726306729453,0.2014624938202915
2020-10-23,50617.6558,137218.6558,86601.0,1.372187,100000.0,1.4013,1.1518109450314693,0.2203760549685307,0.1913300580439525
2020-10-26,50617.6558,139235.6558,88618.0,1.392357,100000.0,1.3722,1.1451585212951063,0.2471984787048937,0.2158639822418009
2020-10-27,50617.6558,140143.6558,89526.0,1.401437,100000.0,1.3924,1.1471219385545823,0.2543150614454177,0.2216983678002571
2020-10-28,50617.6558,144149.6558,93532.0,1.441497,100000.0,1.4014,1.1563961576651915,0.2851008423348085,0.2465425368676752
2020-10-29,50617.6558,146131.6558,95514.0,1.461317,100000.0,1.4415,1.1650980460027889,0.2962189539972113,0.2542437994926501
2020-10-30,50617.6558,147994.6558,97377.0,1.479947,100000.0,1.4613,1.1461588430023169,0.333788156997683,0.2912232968716084
2020-11-02,8884.2958,153006.2958,144122.0,1.530063,100000.0,1.4799,1.1523829340561735,0.3776800659438264,0.3277383366087025
2020-11-03,8884.2958,150587.2958,141703.0,1.505873,100000.0,1.5301,1.1662309416427907,0.3396420583572093,0.2912305326754394
2020-11-04,8884.2958,153233.2958,144349.0,1.532333,100000.0,1.5059,1.175042091796476,0.3572909082035238,0.3040664761696117
2020-11-05,8884.2958,161088.2958,152204.0,1.610883,100000.0,1.5323,1.192484778957561,0.418398221042439,0.3508625253969211
2020-11-06,8884.2958,163786.2958,154902.0,1.637863,100000.0,1.6109,1.1926327071536054,0.4452302928463947,0.3733171916012623
2020-11-09,8884.2958,164815.2958,155931.0,1.648153,100000.0,1.6379,1.2159770214296453,0.4321759785703547,0.355414593330257
2020-11-10,8884.2958,161672.2958,152788.0,1.616723,100000.0,1.6482,1.209270430586513,0.4074525694134869,0.336940819115098
2020-11-11,58125.1993,152343.1993,94218.0,1.523432,100000.0,1.6167,1.1973147322007782,0.3261172677992217,0.272373887189868
2020-11-12,58125.1993,154275.1993,96150.0,1.542752,100000.0,1.5234,1.1981849454451312,0.3445670545548687,0.2875741811518593
2020-11-13,58125.1993,154027.1993,95902.0,1.540272,100000.0,1.5428,1.1855862232078789,0.3546857767921212,0.2991648939985456
2020-11-16,58125.1993,153785.1993,95660.0,1.537852,100000.0,1.5403,1.1971373892396786,0.3407146107603214,0.2846077767036536
2020-11-17,58125.1993,153221.1993,95096.0,1.532212,100000.0,1.5379,1.1948463085849057,0.3373656914150942,0.282350699827367
2020-11-18,58125.1993,150870.1993,92745.0,1.508702,100000.0,1.5322,1.1940860650638494,0.3146159349361506,0.2634784410781376
2020-11-19,58125.1993,153545.1993,95420.0,1.535452,100000.0,1.5087,1.202951382324304,0.3325006176756959,0.2764040364068987
2020-11-20,58125.1993,154336.1993,96211.0,1.543362,100000.0,1.5355,1.2066859834201789,0.336676016579821,0.2790088069354721
2020-11-23,58125.1993,155460.1993,97335.0,1.554602,100000.0,1.5434,1.2217568640940948,0.3328451359059052,0.2724315661223662
2020-11-24,58125.1993,154390.1993,96265.0,1.543902,100000.0,1.5546,1.214252608290214,0.3296493917097862,0.271483371301104
2020-11-25,58125.1993,152149.1993,94024.0,1.521492,100000.0,1.5439,1.1987310104196378,0.3227609895803622,0.2692522232050824
2020-11-26,101578.6363,150646.6363,49068.0,1.506466,100000.0,1.5215,1.2009014051006086,0.3055645948993915,0.2544460299584643
2020-11-27,101578.6363,149978.6363,48400.0,1.499786,100000.0,1.5065,1.2158342926899968,0.2839517073100033,0.2335447429121024
2020-11-30,101578.6363,150138.6363,48560.0,1.501386,100000.0,1.4998,1.2108269232539002,0.2905590767460999,0.2399674727790737
2020-12-01,8917.2577,150635.2577,141718.0,1.506353,100000.0,1.5014,1.236908763527527,0.2694442364724727,0.2178367915383245
2020-12-02,8917.2577,150762.2577,141845.0,1.507623,100000.0,1.5064,1.236920090042868,0.2707029099571318,0.2188523835422142
2020-12-03,54929.3641,147354.3641,92425.0,1.473544,100000.0,1.5076,1.2344584281613695,0.2390855718386304,0.1936764871010925
2020-12-04,54929.3641,146804.3641,91875.0,1.468044,100000.0,1.4735,1.2366202303134612,0.2314237696865386,0.1871421508508532
2020-12-07,54929.3641,144539.3641,89610.0,1.445394,100000.0,1.468,1.225957390186322,0.2194366098136779,0.1789920364037511
2020-12-08,54929.3641,143214.3641,88285.0,1.432144,100000.0,1.4454,1.2229410952120314,0.2092029047879686,0.1710653976769809
2020-12-09,54929.3641,143104.3641,88175.0,1.431044,100000.0,1.4321,1.2065420585614537,0.2245019414385463,0.1860705475167747
2020-12-10,54929.3641,143049.3641,88120.0,1.430494,100000.0,1.431,1.206011445492574,0.224482554507426,0.1861363383792267
2020-12-11,54929.3641,140659.3641,85730.0,1.406594,100000.0,1.4305,1.193587503104113,0.2130064968958869,0.1784590541890978
2020-12-14,54929.3641,143144.3641,88215.0,1.431444,100000.0,1.4066,1.2046225559595167,0.2268214440404832,0.1882925426876249
2020-12-15,54929.3641,142429.3641,87500.0,1.424294,100000.0,1.4314,1.2071282545515212,0.2171657454484787,0.1799027937832185
2020-12-16,54929.3641,142409.3641,87480.0,1.424094,100000.0,1.4243,1.2092683312754808,0.2148256687245191,0.1776492968255696
2020-12-17,54929.3641,143469.3641,88540.0,1.434694,100000.0,1.4241,1.2247962514897492,0.2098977485102506,0.1713736045933738
2020-12-18,54929.3641,141924.3641,86995.0,1.419244,100000.0,1.4347,1.2205218101206872,0.1987221898793127,0.1628174017305457
2020-12-21,54929.3641,141344.3641,86415.0,1.413444,100000.0,1.4192,1.2319634946410585,0.1814805053589416,0.1473099699369073
2020-12-22,54929.3641,138914.3641,83985.0,1.389144,100000.0,1.4134,1.2119304773606283,0.1772135226393716,0.1462241654532128
2020-12-23,54929.3641,139674.3641,84745.0,1.396744,100000.0,1.3891,1.2222685589530855,0.1744754410469144,0.1427472217696237
2020-12-24,54929.3641,139599.3641,84670.0,1.395994,100000.0,1.3967,1.2205334295631487,0.1754605704368512,0.143757283649045
2020-12-25,54929.3641,139249.3641,84320.0,1.392494,100000.0,1.396,1.2307854638138478,0.1617085361861521,0.1313864527495021
2020-12-28,54929.3641,140279.3641,85350.0,1.402794,100000.0,1.3925,1.236253680842868,0.1665403191571319,0.1347137094415655
2020-12-29,54929.3641,140509.3641,85580.0,1.405094,100000.0,1.4028,1.2310106271274306,0.1740833728725694,0.1414150040920392
2020-12-30,54929.3641,140919.3641,85990.0,1.409194,100000.0,1.4051,1.2482870781474162,0.1609069218525838,0.1289021769666845
2020-12-31,54929.3641,142369.3641,87440.0,1.423694,100000.0,1.4092,1.272106446981743,0.1515875530182573,0.1191626324808909
2021-01-04,18678.4345,140480.4345,121802.0,1.404804,100000.0,1.4237,1.285881247198733,0.1189227528012666,0.0924834645970127
2021-01-05,18678.4345,144806.4345,126128.0,1.448064,100000.0,1.4048,1.310483903154292,0.1375800968457081,0.1049841943991507
2021-01-06,18678.4345,145415.4345,126737.0,1.454154,100000.0,1.4481,1.3224848343696092,0.1316691656303907,0.0995619474858884
2021-01-07,18678.4345,150429.4345,131751.0,1.504294,100000.0,1.4542,1.3459163432852976,0.1583776567147024,0.1176727346427137
2021-01-08,18678.4345,148790.4345,130112.0,1.487904,100000.0,1.5043,1.3414672197098174,0.1464367802901824,0.1091616538508182
2021-01-11,57627.7345,147059.7345,89432.0,1.470597,100000.0,1.4879,1.328219029224388,0.1423779707756118,0.1071946476017238
2021-01-12,57627.7345,149005.7345,91378.0,1.490057,100000.0,1.4706,1.3661028543770684,0.1239541456229316,0.0907355878993851
2021-01-13,57627.7345,148759.7345,91132.0,1.487597,100000.0,1.4901,1.361615845560621,0.1259811544393789,0.092523272882087
2021-01-14,57627.7345,142813.7345,85186.0,1.428137,100000.0,1.4876,1.335370844880664,0.0927661551193359,0.0694684592485812
2021-01-15,57627.7345,143607.7345,85980.0,1.436077,100000.0,1.4281,1.3323500095359997,0.1037269904640005,0.0778526586269356
2021-01-18,57627.7345,143233.7345,85606.0,1.432337,100000.0,1.4361,1.3471036013168158,0.0852333986831841,0.0632715988583707
2021-01-19,57627.7345,141867.7345,84240.0,1.418677,100000.0,1.4323,1.3273317285646502,0.0913452714353497,0.0688187206480241
2021-01-20,57627.7345,145351.7345,87724.0,1.453517,100000.0,1.4187,1.3368299392803589,0.116687060719641,0.0872863909544514
2021-01-21,57627.7345,150339.7345,92712.0,1.503397,100000.0,1.4535,1.3584420290270771,0.1449549709729229,0.1067067772312231
2021-01-22,57627.7345,154091.7345,96464.0,1.540917,100000.0,1.5034,1.3596153730203535,0.1813016269796463,0.1333477324376593
2021-01-25,57627.7345,156335.7345,98708.0,1.563357,100000.0,1.5409,1.373321237721564,0.1900357622784361,0.1383767738083761
2021-01-26,57627.7345,154103.7345,96476.0,1.541037,100000.0,1.5634,1.3457481542967256,0.1952888457032744,0.1451154475521687
2021-01-27,57627.7345,158227.7345,100600.0,1.582277,100000.0,1.541,1.3494184334789734,0.2328585665210265,0.1725621651104079
2021-01-28,57627.7345,151795.7345,94168.0,1.517957,100000.0,1.5823,1.3125924413915695,0.2053645586084302,0.1564572156081511
2021-01-29,57627.7345,150047.7345,92420.0,1.500477,100000.0,1.518,1.3064463177730536,0.1940306822269464,0.148517914274264
2021-02-01,10430.0065,149736.0065,139306.0,1.49736,100000.0,1.5005,1.3224801231250811,0.1748798768749189,0.1322362989181793
2021-02-02,10430.0065,154307.0065,143877.0,1.54307,100000.0,1.4974,1.3428490789919731,0.2002209210080268,0.1491015812129277
2021-02-03,10430.0065,154303.0065,143873.0,1.54303,100000.0,1.5431,1.3389700648255047,0.2040599351744951,0.152400670138274
2021-02-04,10430.0065,154856.0065,144426.0,1.54856,100000.0,1.543,1.3362230675176758,0.2123369324823241,0.1589082973075641
2021-02-05,10430.0065,155344.0065,144914.0,1.55344,100000.0,1.5486,1.3385338963425155,0.2149061036574844,0.1605533518760382
2021-02-08,10430.0065,155084.0065,144654.0,1.55084,100000.0,1.5534,1.3583425558589448,0.1924974441410551,0.1417149476107886
2021-02-09,10430.0065,158528.0065,148098.0,1.58528,100000.0,1.5508,1.3880474164059846,0.1972325835940154,0.1420935490119652
2021-02-10,10430.0065,161707.0065,151277.0,1.61707,100000.0,1.5853,1.4176986957004971,0.1993713042995029,0.140630237513897
2021-02-18,10430.0065,161269.0065,150839.0,1.61269,100000.0,1.6171,1.408096129697975,0.2045938703020249,0.1452982264399154
2021-02-19,10430.0065,158380.0065,147950.0,1.5838,100000.0,1.6127,1.4106496242318691,0.1731503757681307,0.1227451330179987
2021-02-22,53925.3889,150609.3889,96684.0,1.506094,100000.0,1.5838,1.3663421270136396,0.1397518729863605,0.1022817566869658
2021-02-23,98866.8889,148861.8889,49995.0,1.488619,100000.0,1.5061,1.362030093330731,0.1265889066692689,0.092941343432219
2021-02-24,98866.8889,147106.8889,48240.0,1.471069,100000.0,1.4886,1.327342688921089,0.1437263110789108,0.1082812391091985
2021-02-25,98866.8889,147871.8889,49005.0,1.478719,100000.0,1.4711,1.335151662162465,0.1435673378375348,0.1075288612568607
2021-02-26,144797.1019,144797.1019,0.0,1.447971,100000.0,1.4787,1.3027350043832886,0.1452359956167113,0.1114854480213078
2021-03-01,8243.9467,144687.9467,136444.0,1.446879,100000.0,1.448,1.322757256592026,0.124121743407974,0.0938356170713916
2021-03-02,8243.9467,141908.9467,133665.0,1.419089,100000.0,1.4469,1.305876452469975,0.1132125475300249,0.0866946848730529
2021-03-03,8243.9467,146506.9467,138263.0,1.465069,100000.0,1.4191,1.3309174250407432,0.1341515749592567,0.1007963172134063
2021-03-04,8243.9467,143551.9467,135308.0,1.435519,100000.0,1.4651,1.2890516218386054,0.1464673781613945,0.11362413706325
2021-03-05,8243.9467,140773.9467,132530.0,1.407739,100000.0,1.4355,1.2846796845594772,0.1230593154405228,0.0957898820379652
2021-03-08,8243.9467,139744.9467,131501.0,1.397449,100000.0,1.4077,1.2400641500630492,0.1573848499369508,0.1269167001795421
2021-03-09,8243.9467,139566.9467,131323.0,1.395669,100000.0,1.3974,1.2134504517802782,0.1822185482197218,0.1501656272428637
2021-03-10,48054.1261,137454.1261,89400.0,1.374541,100000.0,1.3957,1.221411405376204,0.153129594623796,0.1253710207304237
2021-03-11,48054.1261,139714.1261,91660.0,1.397141,100000.0,1.3745,1.251827859131641,0.145313140868359,0.1160807692594081
2021-03-12,48054.1261,141997.1261,93943.0,1.419971,100000.0,1.3971,1.256261555212088,0.1637094447879121,0.1303147772919581
2021-03-15,48054.1261,140865.1261,92811.0,1.408651,100000.0,1.42,1.229206196062811,0.1794448039371894,0.1459842982503321
2021-03-16,48054.1261,140938.1261,92884.0,1.409381,100000.0,1.4087,1.2399025031135102,0.1694784968864897,0.136686954386263
2021-03-17,89270.4751,138278.4751,49008.0,1.382785,100000.0,1.4094,1.2451497310404205,0.1376352689595794,0.1105371229888749
2021-03-18,89270.4751,138302.4751,49032.0,1.383025,100000.0,1.3828,1.2551361048030751,0.1278888951969248,0.1018924519082256
2021-03-19,89270.4751,138398.4751,49128.0,1.383985,100000.0,1.383,1.222260552278447,0.1617244477215529,0.1323158531297423
2021-03-22,89270.4751,140174.4751,50904.0,1.401745,100000.0,1.384,1.234480812675523,0.1672641873244771,0.1354935496826079
2021-03-23,89270.4751,139598.4751,50328.0,1.395985,100000.0,1.4017,1.2227866493875468,0.1731983506124532,0.141642330409154
2021-03-24,89270.4751,139142.4751,49872.0,1.391425,100000.0,1.396,1.203121328875601,0.1883036711243988,0.1565126198040072
2021-03-25,89270.4751,139814.4751,50544.0,1.398145,100000.0,1.3914,1.2025505115593802,0.1955944884406197,0.1626497070688424
2021-03-26,89270.4751,139262.4751,49992.0,1.392625,100000.0,1.3981,1.22980323035635,0.16282176964365,0.1323966026633956
2021-03-29,89270.4751,140294.4751,51024.0,1.402945,100000.0,1.3926,1.2319726974347711,0.1709723025652287,0.1387792951266122
2021-03-30,89270.4751,140726.4751,51456.0,1.407265,100000.0,1.4029,1.2436536057705274,0.1636113942294725,0.1315570456840384
2021-03-31,89270.4751,140726.4751,51456.0,1.407265,100000.0,1.4073,1.2323348041773652,0.1749301958226348,0.1419502193962687
2021-04-01,141114.9895,141114.9895,0.0,1.41115,100000.0,1.4073,1.247570944568644,0.1635790554313558,0.13111803873239
2021-04-02,141114.9895,141114.9895,0.0,1.41115,100000.0,1.4111,1.2599666683111268,0.1511833316888731,0.1199899453622221
2021-04-06,141114.9895,141114.9895,0.0,1.41115,100000.0,1.4111,1.254787936509316,0.1563620634906839,0.1246123420071014
2021-04-07,141114.9895,141114.9895,0.0,1.41115,100000.0,1.4111,1.2458539034284215,0.1652960965715784,0.1326769504166627
2021-04-08,141114.9895,141114.9895,0.0,1.41115,100000.0,1.4111,1.2479204554450405,0.1632295445549596,0.1308012412511885
2021-04-09,141114.9895,141114.9895,0.0,1.41115,100000.0,1.4111,1.229155739366239,0.181994260633761,0.148064443589222
2021-04-12,141114.9895,141114.9895,0.0,1.41115,100000.0,1.4111,1.207774134442466,0.2033758655575339,0.1683889890980456
2021-04-13,141114.9895,141114.9895,0.0,1.41115,100000.0,1.4111,1.205796363754067,0.2053536362459329,0.1703054034817248
2021-04-14,141114.9895,141114.9895,0.0,1.41115,100000.0,1.4111,1.215800825766436,0.195349174233564,0.1606753097164717
2021-04-15,141114.9895,141114.9895,0.0,1.41115,100000.0,1.4111,1.2080739453506864,0.2030760546493135,0.1680990269104458
2021-04-16,141114.9895,141114.9895,0.0,1.41115,100000.0,1.4111,1.2122742761581655,0.1988757238418341,0.1640517560696692
2021-04-19,141114.9895,141114.9895,0.0,1.41115,100000.0,1.4111,1.2417709143434472,0.1693790856565526,0.1364012344789917
2021-04-20,141114.9895,141114.9895,0.0,1.41115,100000.0,1.4111,1.2408796591675777,0.1702703408324224,0.137217448585341
2021-04-21,141114.9895,141114.9895,0.0,1.41115,100000.0,1.4111,1.2446338863805508,0.166516113619449,0.1337872248550817
2021-04-22,141114.9895,141114.9895,0.0,1.41115,100000.0,1.4111,1.2423145382586127,0.1688354617413872,0.1359039571234903
2021-04-23,141114.9895,141114.9895,0.0,1.41115,100000.0,1.4111,1.2535946490612258,0.1575553509387741,0.1256828521538138
2021-04-26,141114.9895,141114.9895,0.0,1.41115,100000.0,1.4111,1.239383729182432,0.1717662708175678,0.1385900643789108
2021-04-27,141114.9895,141114.9895,0.0,1.41115,100000.0,1.4111,1.242626017430482,0.1685239825695179,0.1356192291209177
2021-04-28,141114.9895,141114.9895,0.0,1.41115,100000.0,1.4111,1.2496373745322962,0.1615126254677037,0.1292475951498757
2021-04-29,141114.9895,141114.9895,0.0,1.41115,100000.0,1.4111,1.2606043462426886,0.1505456537573113,0.1194233973617671
2021-04-30,141114.9895,141114.9895,0.0,1.41115,100000.0,1.4111,1.2506740680236828,0.1604759319763171,0.1283115530090917
2021-05-06,141114.9895,141114.9895,0.0,1.41115,100000.0,1.4111,1.2354504990880075,0.1756995009119921,0.1422149256823248
2021-05-07,141114.9895,141114.9895,0.0,1.41115,100000.0,1.4111,1.2195661109782223,0.1915838890217776,0.1570918438100144
2021-05-10,141114.9895,141114.9895,0.0,1.41115,100000.0,1.4111,1.218679835563408,0.192470164436592,0.1579333298377019
2021-05-11,141114.9895,141114.9895,0.0,1.41115,100000.0,1.4111,1.2261586311183654,0.1849913688816344,0.1508706656600427
2021-05-12,141114.9895,141114.9895,0.0,1.41115,100000.0,1.4111,1.2314041258931436,0.1797458741068562,0.1459682246691236
2021-05-13,141114.9895,141114.9895,0.0,1.41115,100000.0,1.4111,1.2188145332178253,0.1923354667821746,0.157805360487772
2021-05-14,141114.9895,141114.9895,0.0,1.41115,100000.0,1.4111,1.2475253699907538,0.1636246300092461,0.1311593607194208
2021-05-17,141114.9895,141114.9895,0.0,1.41115,100000.0,1.4111,1.265685679776807,0.1454643202231929,0.114929261306681
2021-05-18,141114.9895,141114.9895,0.0,1.41115,100000.0,1.4111,1.266324260900325,0.1448257390996752,0.1143670255489757
2021-05-19,141114.9895,141114.9895,0.0,1.41115,100000.0,1.4111,1.2625822878052413,0.1485677121947586,0.1176697262663293
2021-05-20,141114.9895,141114.9895,0.0,1.41115,100000.0,1.4111,1.2660339457129397,0.1451160542870602,0.1146225618818943
2021-05-21,141114.9895,141114.9895,0.0,1.41115,100000.0,1.4111,1.253276066406676,0.1578739335933239,0.1259690006256733
2021-05-24,141114.9895,141114.9895,0.0,1.41115,100000.0,1.4111,1.2585095023483115,0.1526404976516884,0.1212867263750248
2021-05-25,141114.9895,141114.9895,0.0,1.41115,100000.0,1.4111,1.298272040001347,0.1128779599986529,0.0869447669831477
2021-05-26,141114.9895,141114.9895,0.0,1.41115,100000.0,1.4111,1.2987882508201172,0.1123617491798827,0.0865127545686774
2021-05-27,141114.9895,141114.9895,0.0,1.41115,100000.0,1.4111,1.3030943283182346,0.1080556716817653,0.0829223712616578
2021-05-28,141114.9895,141114.9895,0.0,1.41115,100000.0,1.4111,1.298909302952821,0.1122406970471789,0.0864114967781208
2021-05-31,141114.9895,141114.9895,0.0,1.41115,100000.0,1.4111,1.3014677772477703,0.1096822227522296,0.0842757882059714
2021-06-01,60624.6487,141050.6487,80426.0,1.410506,100000.0,1.4111,1.303935737062368,0.1065702629376321,0.0817296895150092
2021-06-02,60624.6487,140374.6487,79750.0,1.403746,100000.0,1.4105,1.2913139468143464,0.1124320531856535,0.0870679461512995
2021-06-03,60624.6487,138882.6487,78258.0,1.388826,100000.0,1.4037,1.2828463757628592,0.1059796242371406,0.0826128726240651
2021-06-04,60624.6487,141725.6487,81101.0,1.417256,100000.0,1.3888,1.289435209903398,0.1278207900966022,0.0991292847557483
2021-06-07,60624.6487,139444.6487,78820.0,1.394446,100000.0,1.4173,1.2883000928993955,0.1061459071006043,0.0823922218787678
2021-06-08,60624.6487,142145.6487,81521.0,1.421456,100000.0,1.3944,1.2771906853764758,0.1442653146235242,0.1129551885049955
2021-06-09,60624.6487,141961.6487,81337.0,1.419616,100000.0,1.4215,1.2782483475675983,0.1413676524324014,0.1105948250990602
2021-06-10,60624.6487,146909.6487,86285.0,1.469096,100000.0,1.4196,1.286796156239613,0.1822998437603868,0.1416695588313841
2021-06-11,60624.6487,151226.6487,90602.0,1.512266,100000.0,1.4691,1.2753810060342747,0.2368849939657253,0.1857366487700062
2021-06-15,60624.6487,151588.6487,90964.0,1.515886,100000.0,1.5123,1.2611878814780746,0.2546981185219255,0.2019509719863681
2021-06-16,60624.6487,144842.6487,84218.0,1.448426,100000.0,1.5159,1.2401779766601044,0.2082480233398955,0.1679178531300189
2021-06-17,60624.6487,150495.6487,89871.0,1.504956,100000.0,1.4484,1.2454022098080255,0.2595537901919744,0.2084096110861917
2021-06-18,60624.6487,154624.6487,94000.0,1.546246,100000.0,1.505,1.2455421557400257,0.3007038442599743,0.2414240600963957
2021-06-21,60624.6487,154420.6487,93796.0,1.544206,100000.0,1.5462,1.242593282824724,0.3016127171752758,0.2427284304077637
2021-06-22,60624.6487,153223.6487,92599.0,1.532236,100000.0,1.5442,1.2503492362572208,0.2818867637427791,0.2254464237420381
2021-06-23,60624.6487,156129.6487,95505.0,1.561296,100000.0,1.5322,1.256509371556352,0.304786628443648,0.2425661402478278
2021-06-24,60624.6487,156332.6487,95708.0,1.563326,100000.0,1.5613,1.2586038004706412,0.3047221995293587,0.2421112977852213
2021-06-25,60624.6487,157245.6487,96621.0,1.572456,100000.0,1.5633,1.279107380760171,0.2933486192398291,0.2293385400258518
2021-06-28,60624.6487,160740.6487,100116.0,1.607406,100000.0,1.5725,1.2819858779346816,0.3254201220653183,0.2538406449449975
2021-06-29,60624.6487,162135.6487,101511.0,1.621356,100000.0,1.6074,1.2670427134854692,0.3543132865145308,0.2796379970015858
2021-06-30,60624.6487,164304.6487,103680.0,1.643046,100000.0,1.6214,1.2752194079059227,0.3678265920940773,0.2884418083771927
2021-07-01,160764.2977,160764.2977,0.0,1.607643,100000.0,1.643,1.2765920643943645,0.3310509356056355,0.2593239804938716
2021-07-02,160764.2977,160764.2977,0.0,1.607643,100000.0,1.6076,1.24033086020661,0.36731213979339,0.2961404505667178
2021-07-05,160764.2977,160764.2977,0.0,1.607643,100000.0,1.6076,1.2414721042695571,0.3661708957304428,0.2949489517091375
2021-07-06,160764.2977,160764.2977,0.0,1.607643,100000.0,1.6076,1.2408159231081932,0.3668270768918067,0.2956337600608154
2021-07-07,160764.2977,160764.2977,0.0,1.607643,100000.0,1.6076,1.2548240885981512,0.3528189114018487,0.2811700178596401
2021-07-08,160764.2977,160764.2977,0.0,1.607643,100000.0,1.6076,1.2420736301122832,0.3655693698877167,0.2943218187915875
2021-07-09,160764.2977,160764.2977,0.0,1.607643,100000.0,1.6076,1.2374794343801874,0.3701635656198125,0.2991270443255611
2021-07-12,160764.2977,160764.2977,0.0,1.607643,100000.0,1.6076,1.2529246759145876,0.3547183240854124,0.2831122500053575
2021-07-13,160764.2977,160764.2977,0.0,1.607643,100000.0,1.6076,1.2552169038672507,0.3524260961327492,0.2807690806640228
2021-07-14,160764.2977,160764.2977,0.0,1.607643,100000.0,1.6076,1.240811187453072,0.3668318125469278,0.2956387049506688
2021-07-15,160764.2977,160764.2977,0.0,1.607643,100000.0,1.6076,1.257502589780881,0.350140410219119,0.2784411046661388
2021-07-16,160764.2977,160764.2977,0.0,1.607643,100000.0,1.6076,1.2436642487892529,0.3639787512107471,0.2926664102189091
2021-07-19,160764.2977,160764.2977,0.0,1.607643,100000.0,1.6076,1.2482343512656562,0.3594086487343437,0.2879336307079827
2021-07-20,160764.2977,160764.2977,0.0,1.607643,100000.0,1.6076,1.247135776919984,0.3605072230800159,0.2890681429814727
2021-07-21,160764.2977,160764.2977,0.0,1.607643,100000.0,1.6076,1.2556913725712953,0.3519516274287046,0.2802851362337617
2021-07-22,160764.2977,160764.2977,0.0,1.607643,100000.0,1.6076,1.2575731608064191,0.3500698391935808,0.2783693625976389
2021-07-23,160764.2977,160764.2977,0.0,1.607643,100000.0,1.6076,1.2423108034378216,0.3653321965621783,0.2940747158852694
2021-07-26,160764.2977,160764.2977,0.0,1.607643,100000.0,1.6076,1.2022947129510717,0.4053482870489282,0.3371455290308875
2021-07-27,160764.2977,160764.2977,0.0,1.607643,100000.0,1.6076,1.1598236979066034,0.4478193020933965,0.3861098052244298
2021-07-28,160764.2977,160764.2977,0.0,1.607643,100000.0,1.6076,1.1620620516796183,0.4455809483203814,0.383439892625655
2021-07-29,160764.2977,160764.2977,0.0,1.607643,100000.0,1.6076,1.1839808117113044,0.4236621882886955,0.3578285932491944
2021-07-30,160764.2977,160764.2977,0.0,1.607643,100000.0,1.6076,1.1744350247490465,0.4332079752509534,0.3688649998696365
2021-08-02,160764.2977,160764.2977,0.0,1.607643,100000.0,1.6076,1.20435423471679,0.40328876528321,0.3348589257694978
2021-08-03,160764.2977,160764.2977,0.0,1.607643,100000.0,1.6076,1.204530552432966,0.4031124475670338,0.3346635307446612
2021-08-04,160764.2977,160764.2977,0.0,1.607643,100000.0,1.6076,1.2153663172037978,0.3922766827962021,0.3227641553360767
2021-08-05,160764.2977,160764.2977,0.0,1.607643,100000.0,1.6076,1.2079997859679172,0.3996432140320827,0.3308305338083037
2021-08-06,160764.2977,160764.2977,0.0,1.607643,100000.0,1.6076,1.2013831481614885,0.4062598518385116,0.3381601052588618
2021-08-09,160764.2977,160764.2977,0.0,1.607643,100000.0,1.6076,1.2170054397298669,0.3906375602701331,0.3209825917925568
2021-08-10,160764.2977,160764.2977,0.0,1.607643,100000.0,1.6076,1.231062353174858,0.376580646825142,0.3058989220602486
2021-08-11,160764.2977,160764.2977,0.0,1.607643,100000.0,1.6076,1.2242744018239011,0.3833685981760986,0.3131394380254648
2021-08-12,160764.2977,160764.2977,0.0,1.607643,100000.0,1.6076,1.2140244668842357,0.3936185331157644,0.3242261946548548
2021-08-13,160764.2977,160764.2977,0.0,1.607643,100000.0,1.6076,1.2073437756807075,0.4002992243192924,0.3315536406303179
2021-08-16,160764.2977,160764.2977,0.0,1.607643,100000.0,1.6076,1.2061439217829912,0.4014990782170087,0.3328782502369118
2021-08-17,160764.2977,160764.2977,0.0,1.607643,100000.0,1.6076,1.18083887541275,0.4268041245872498,0.361441457826382
2021-08-18,160764.2977,160764.2977,0.0,1.607643,100000.0,1.6076,1.1947126361754112,0.4129303638245887,0.3456315362550171
2021-08-19,160764.2977,160764.2977,0.0,1.607643,100000.0,1.6076,1.1868770797978152,0.4207659202021847,0.3545151619861615
2021-08-20,160764.2977,160764.2977,0.0,1.607643,100000.0,1.6076,1.1642065711315783,0.4434364288684214,0.380891535801428
2021-08-23,160764.2977,160764.2977,0.0,1.607643,100000.0,1.6076,1.180466565042112,0.4271764349578879,0.361870846331551
2021-08-24,160764.2977,160764.2977,0.0,1.607643,100000.0,1.6076,1.1932850558518044,0.4143579441481955,0.3472413754921397
2021-08-25,160764.2977,160764.2977,0.0,1.607643,100000.0,1.6076,1.1956692385098306,0.4119737614901693,0.3445549556862519
2021-08-26,160764.2977,160764.2977,0.0,1.607643,100000.0,1.6076,1.1721013476087794,0.4355416523912205,0.371590437362584
2021-08-27,160764.2977,160764.2977,0.0,1.607643,100000.0,1.6076,1.1783099135252295,0.4293330864747704,0.3643634680033418
2021-08-30,160764.2977,160764.2977,0.0,1.607643,100000.0,1.6076,1.1749478424953337,0.4326951575046662,0.368267545039034
2021-08-31,160764.2977,160764.2977,0.0,1.607643,100000.0,1.6076,1.1730778933980115,0.4345651066019882,0.3704486369129329
2021-09-01,160764.2977,160764.2977,0.0,1.607643,100000.0,1.6076,1.1886637643610272,0.4189792356389727,0.3524791856208364
2021-09-02,160764.2977,160764.2977,0.0,1.607643,100000.0,1.6076,1.1886521937397525,0.4189908062602476,0.3524923509727546
2021-09-03,160764.2977,160764.2977,0.0,1.607643,100000.0,1.6076,1.1822202708936314,0.4254227291063686,0.3598506467705842
2021-09-06,160764.2977,160764.2977,0.0,1.607643,100000.0,1.6076,1.2043518424786364,0.4032911575213636,0.3348615772375649
2021-09-07,160764.2977,160764.2977,0.0,1.607643,100000.0,1.6076,1.2187792843209468,0.3888637156790531,0.3190599977219925
2021-09-08,160764.2977,160764.2977,0.0,1.607643,100000.0,1.6076,1.2137270238035758,0.3939159761964241,0.3245507173120121
2021-09-09,160764.2977,160764.2977,0.0,1.607643,100000.0,1.6076,1.2132097389186955,0.3944332610813044,0.3251154754435561
2021-09-10,160764.2977,160764.2977,0.0,1.607643,100000.0,1.6076,1.223830446361615,0.3838125536383849,0.3136157911248571
2021-09-13,160764.2977,160764.2977,0.0,1.607643,100000.0,1.6076,1.2184937780204632,0.3891492219795367,0.3193690677778753
2021-09-14,160764.2977,160764.2977,0.0,1.607643,100000.0,1.6076,1.2003083497337943,0.4073346502662054,0.3393583410100784
2021-09-15,160764.2977,160764.2977,0.0,1.607643,100000.0,1.6076,1.1881413776621252,0.4195016223378747,0.3530738262506412
2021-09-16,160764.2977,160764.2977,0.0,1.607643,100000.0,1.6076,1.1735875621777487,0.4340554378222512,0.3698534747733721
2021-09-17,160764.2977,160764.2977,0.0,1.607643,100000.0,1.6076,1.1853638182913515,0.4222791817086484,0.3562443658161802
2021-09-22,160764.2977,160764.2977,0.0,1.607643,100000.0,1.6076,1.1770220594382823,0.4306209405617176,0.3658563041437181
2021-09-23,160764.2977,160764.2977,0.0,1.607643,100000.0,1.6076,1.1846938695553066,0.4229491304446933,0.3570113269881727
2021-09-24,160764.2977,160764.2977,0.0,1.607643,100000.0,1.6076,1.1837740783957449,0.4238689216042552,0.3580657232997399
2021-09-27,160764.2977,160764.2977,0.0,1.607643,100000.0,1.6076,1.19059491081602,0.4170480891839798,0.3502854626668443
2021-09-28,160764.2977,160764.2977,0.0,1.607643,100000.0,1.6076,1.1921713957594076,0.4154716042405924,0.3484998933193988
2021-09-29,160764.2977,160764.2977,0.0,1.607643,100000.0,1.6076,1.1799905340600898,0.4276524659399101,0.3624202513459589
2021-09-30,160764.2977,160764.2977,0.0,1.607643,100000.0,1.6076,1.187912870097246,0.4197301299027538,0.3533341042667492
2021-10-08,160764.2977,160764.2977,0.0,1.607643,100000.0,1.6076,1.2034278282864157,0.4042151717135844,0.3358865086983691
2021-10-11,160764.2977,160764.2977,0.0,1.607643,100000.0,1.6076,1.2049537100696708,0.4026892899303291,0.3341948213986125
2021-10-12,160764.2977,160764.2977,0.0,1.607643,100000.0,1.6076,1.1921735683022203,0.4154694316977794,0.3484974358972337
2021-10-13,160764.2977,160764.2977,0.0,1.607643,100000.0,1.6076,1.2059098974240023,0.4017331025759976,0.3331369146518803
2021-10-14,160764.2977,160764.2977,0.0,1.607643,100000.0,1.6076,1.1994419201314197,0.4082010798685802,0.3403258407242051
2021-10-15,160764.2977,160764.2977,0.0,1.607643,100000.0,1.6076,1.2039569278985045,0.4036860721014956,0.3352994303592953
2021-10-18,160764.2977,160764.2977,0.0,1.607643,100000.0,1.6076,1.1899615779700847,0.4176814220299152,0.3510041246394055
2021-10-19,160764.2977,160764.2977,0.0,1.607643,100000.0,1.6076,1.201665944886105,0.4059770551138952,0.3378451863777951
2021-10-20,160764.2977,160764.2977,0.0,1.607643,100000.0,1.6076,1.19860519822122,0.4090378017787799,0.3412614949324506
2021-10-21,160764.2977,160764.2977,0.0,1.607643,100000.0,1.6076,1.202957851131557,0.4046851488684428,0.3364084190379384
2021-10-22,160764.2977,160764.2977,0.0,1.607643,100000.0,1.6076,1.2106984014796145,0.3969445985203854,0.3278641468719814
2021-10-25,160764.2977,160764.2977,0.0,1.607643,100000.0,1.6076,1.2155312351728536,0.3921117648271464,0.3225846884727619
2021-10-26,160764.2977,160764.2977,0.0,1.607643,100000.0,1.6076,1.2115217707952202,0.3961212292047797,0.3269617094414847
2021-10-27,160764.2977,160764.2977,0.0,1.607643,100000.0,1.6076,1.1956709960725556,0.4119720039274444,0.344552979273276
2021-10-28,160764.2977,160764.2977,0.0,1.607643,100000.0,1.6076,1.1873649499176404,0.4202780500823595,0.3539586123975711
2021-10-29,160764.2977,160764.2977,0.0,1.607643,100000.0,1.6076,1.1982599103774834,0.4093830896225165,0.3416479897867484
2021-11-01,160764.2977,160764.2977,0.0,1.607643,100000.0,1.6076,1.1938452545598934,0.4137977454401065,0.3466091973474832
2021-11-02,160764.2977,160764.2977,0.0,1.607643,100000.0,1.6076,1.1814350553355206,0.4262079446644793,0.3607544424381743
2021-11-03,160764.2977,160764.2977,0.0,1.607643,100000.0,1.6076,1.1768620235879084,0.4307809764120915,0.3660420404243873
2021-11-04,160764.2977,160764.2977,0.0,1.607643,100000.0,1.6076,1.188488789227489,0.4191542107725112,0.3526783042227595
2021-11-05,160764.2977,160764.2977,0.0,1.607643,100000.0,1.6076,1.1820453445812795,0.4255976554187202,0.3600518858009471
2021-11-08,160764.2977,160764.2977,0.0,1.607643,100000.0,1.6076,1.1834693853688427,0.4241736146311572,0.358415367457062
2021-11-09,160764.2977,160764.2977,0.0,1.607643,100000.0,1.6076,1.183119068942864,0.424523931057136,0.3588175883568971
2021-11-10,160764.2977,160764.2977,0.0,1.607643,100000.0,1.6076,1.176881698526194,0.4307613014738058,0.366019203130822
2021-11-11,160764.2977,160764.2977,0.0,1.607643,100000.0,1.6076,1.1957902418213473,0.4118527581786526,0.34441889871199
2021-11-12,160764.2977,160764.2977,0.0,1.607643,100000.0,1.6076,1.1932813210310134,0.4143616789689865,0.3472455921885811
2021-11-15,160764.2977,160764.2977,0.0,1.607643,100000.0,1.6076,1.1918173689232303,0.4158256310767694,0.3489004623690412
2021-11-16,160764.2977,160764.2977,0.0,1.607643,100000.0,1.6076,1.1920475364084615,0.4155954635915382,0.3486400088067731
2021-11-17,160764.2977,160764.2977,0.0,1.607643,100000.0,1.6076,1.1926416414307923,0.4150013585692076,0.3479681944287451
2021-11-18,160764.2977,160764.2977,0.0,1.607643,100000.0,1.6076,1.1808913825991676,0.4267516174008323,0.3613809226565299
2021-11-19,160764.2977,160764.2977,0.0,1.607643,100000.0,1.6076,1.193692053675673,0.4139509463243269,0.3467820239312724
2021-11-22,160764.2977,160764.2977,0.0,1.607643,100000.0,1.6076,1.1991457464016166,0.4084972535983833,0.3406568841395614
2021-11-23,160764.2977,160764.2977,0.0,1.607643,100000.0,1.6076,1.199376841489397,0.4082661585106029,0.3403985673123506
2021-11-24,160764.2977,160764.2977,0.0,1.607643,100000.0,1.6076,1.2001853691642117,0.4074576308357882,0.3394955823528616
2021-11-25,160764.2977,160764.2977,0.0,1.607643,100000.0,1.6076,1.1952504503693462,0.4123925496306537,0.345026056675586
2021-11-26,160764.2977,160764.2977,0.0,1.607643,100000.0,1.6076,1.1863857189631333,0.4212572810368666,0.3550761563490778
2021-11-29,160764.2977,160764.2977,0.0,1.607643,100000.0,1.6076,1.1842611429659866,0.4233818570340133,0.357507176139928
2021-11-30,160764.2977,160764.2977,0.0,1.607643,100000.0,1.6076,1.1795262201629015,0.4281167798370984,0.3629565604552411
2021-12-01,160764.2977,160764.2977,0.0,1.607643,100000.0,1.6076,1.1824127728332363,0.4252302271667636,0.359629257173744
2021-12-02,160764.2977,160764.2977,0.0,1.607643,100000.0,1.6076,1.1854182050934612,0.4222247949065387,0.3561821415364965
2021-12-03,160764.2977,160764.2977,0.0,1.607643,100000.0,1.6076,1.1963674547130403,0.4112755452869596,0.3437702552562396
2021-12-06,160764.2977,160764.2977,0.0,1.607643,100000.0,1.6076,1.194317794827059,0.4133252051729412,0.3460764019117643
2021-12-07,160764.2977,160764.2977,0.0,1.607643,100000.0,1.6076,1.2015141842268953,0.4061288157731046,0.3380141667111696
2021-12-08,160764.2977,160764.2977,0.0,1.607643,100000.0,1.6076,1.2195361103589262,0.3881068896410737,0.3182414086343441
2021-12-09,160764.2977,160764.2977,0.0,1.607643,100000.0,1.6076,1.2397383906940376,0.3679046093059623,0.2967598745570827
2021-12-10,160764.2977,160764.2977,0.0,1.607643,100000.0,1.6076,1.233984105920885,0.373658894079115,0.3028068937729669
2021-12-13,160764.2977,160764.2977,0.0,1.607643,100000.0,1.6076,1.240985918480677,0.3666570815193228,0.2954562788014681
2021-12-14,160764.2977,160764.2977,0.0,1.607643,100000.0,1.6076,1.2326605879569703,0.3749824120430294,0.3042057284110386
2021-12-15,160764.2977,160764.2977,0.0,1.607643,100000.0,1.6076,1.2219696756474134,0.3856733243525865,0.3156161171906761
2021-12-16,160764.2977,160764.2977,0.0,1.607643,100000.0,1.6076,1.229007982044349,0.378635017955651,0.3080818216703722
2021-12-17,160764.2977,160764.2977,0.0,1.607643,100000.0,1.6076,1.2094862934640076,0.3981567065359923,0.3291948893407124
2021-12-20,160764.2977,160764.2977,0.0,1.607643,100000.0,1.6076,1.1913389457030534,0.4163040542969465,0.3494421598475234
2021-12-21,160764.2977,160764.2977,0.0,1.607643,100000.0,1.6076,1.1994109186777926,0.4082320813222073,0.3403604844386729
2021-12-22,160764.2977,160764.2977,0.0,1.607643,100000.0,1.6076,1.199647481738496,0.4079955182615038,0.3400961736444843
2021-12-23,160764.2977,160764.2977,0.0,1.607643,100000.0,1.6076,1.208016531634994,0.3996264683650059,0.3308120856791008
2021-12-24,160764.2977,160764.2977,0.0,1.607643,100000.0,1.6076,1.20132949367718,0.4063135063228198,0.33821987095241
2021-12-27,160764.2977,160764.2977,0.0,1.607643,100000.0,1.6076,1.2008361311738385,0.4068068688261614,0.338769677448413
2021-12-28,160764.2977,160764.2977,0.0,1.607643,100000.0,1.6076,1.20978031906159,0.39786268093841,0.3288718411678466
2021-12-29,160764.2977,160764.2977,0.0,1.607643,100000.0,1.6076,1.1920865445367246,0.4155564554632753,0.348595877847754
2021-12-30,160764.2977,160764.2977,0.0,1.607643,100000.0,1.6076,1.201370015262235,0.4062729847377648,0.338174733492981
2021-12-31,160764.2977,160764.2977,0.0,1.607643,100000.0,1.6076,1.2059744390329683,0.4016685609670316,0.3330655675331864
2022-01-04,160764.2977,160764.2977,0.0,1.607643,100000.0,1.6076,1.2004556920755962,0.4071873079244037,0.3391939499411045
2022-01-05,160764.2977,160764.2977,0.0,1.607643,100000.0,1.6076,1.1883370285682788,0.4193059714317211,0.3528510526486794
2022-01-06,160764.2977,160764.2977,0.0,1.607643,100000.0,1.6076,1.1761589740872027,0.4314840259127972,0.3668585926045113
2022-01-07,160764.2977,160764.2977,0.0,1.607643,100000.0,1.6076,1.1771688647470289,0.430474135252971,0.3656859675314969
2022-01-10,160764.2977,160764.2977,0.0,1.607643,100000.0,1.6076,1.182460153795038,0.4251828462049618,0.3595747770784172
2022-01-11,160764.2977,160764.2977,0.0,1.607643,100000.0,1.6076,1.1711649816562937,0.4364780183437065,0.3726870468125056
2022-01-12,160764.2977,160764.2977,0.0,1.607643,100000.0,1.6076,1.182834514655522,0.4248084853444778,0.3591444788607603
2022-01-13,160764.2977,160764.2977,0.0,1.607643,100000.0,1.6076,1.16338913359017,0.4442538664098299,0.3818617980717089
2022-01-14,160764.2977,160764.2977,0.0,1.607643,100000.0,1.6076,1.1538232567095383,0.4538197432904616,0.3933182492651952
2022-01-17,160764.2977,160764.2977,0.0,1.607643,100000.0,1.6076,1.1637204097532916,0.4439225902467083,0.3814684236231791
2022-01-18,160764.2977,160764.2977,0.0,1.607643,100000.0,1.6076,1.1749666142416626,0.4326763857583373,0.3682456850381164
2022-01-19,160764.2977,160764.2977,0.0,1.607643,100000.0,1.6076,1.1669187345226155,0.4407242654773842,0.3776820548327932
2022-01-20,160764.2977,160764.2977,0.0,1.607643,100000.0,1.6076,1.1774471943330516,0.4301958056669483,0.3653631413259486
2022-01-21,160764.2977,160764.2977,0.0,1.607643,100000.0,1.6076,1.1666589569875825,0.4409840430124174,0.3779888204442176
2022-01-24,160764.2977,160764.2977,0.0,1.607643,100000.0,1.6076,1.168471077389124,0.4391719226108759,0.3758517699831973
2022-01-25,160764.2977,160764.2977,0.0,1.607643,100000.0,1.6076,1.1420376757492547,0.4656053242507452,0.4076969912093979
2022-01-26,160764.2977,160764.2977,0.0,1.607643,100000.0,1.6076,1.1503030538555548,0.4573399461444452,0.3975821368217231
2022-01-27,160764.2977,160764.2977,0.0,1.607643,100000.0,1.6076,1.1277392683036918,0.4799037316963082,0.4255449332877834
2022-01-28,160764.2977,160764.2977,0.0,1.607643,100000.0,1.6076,1.114043826925866,0.4935991730741338,0.4430697977441244
2022-02-07,160764.2977,160764.2977,0.0,1.607643,100000.0,1.6076,1.1312088435869505,0.4764341564130494,0.4211725881688868
2022-02-08,160764.2977,160764.2977,0.0,1.607643,100000.0,1.6076,1.1250288136541926,0.4826141863458073,0.4289794007837311
2022-02-09,160764.2977,160764.2977,0.0,1.607643,100000.0,1.6076,1.135595671328057,0.4720473286719429,0.4156825713503229
2022-02-10,160764.2977,160764.2977,0.0,1.607643,100000.0,1.6076,1.132617969501942,0.4750250304980579,0.4194044623068673
2022-02-11,160764.2977,160764.2977,0.0,1.607643,100000.0,1.6076,1.123227897715025,0.484415102284975,0.4312705402620584
2022-02-14,160764.2977,160764.2977,0.0,1.607643,100000.0,1.6076,1.1110940019974216,0.4965489980025783,0.4469009796740228
2022-02-15,160764.2977,160764.2977,0.0,1.607643,100000.0,1.6076,1.122912317563464,0.484730682436536,0.4316727805500633
2022-02-16,160764.2977,160764.2977,0.0,1.607643,100000.0,1.6076,1.127278591584922,0.480364408415078,0.4261275003366285
2022-02-17,160764.2977,160764.2977,0.0,1.607643,100000.0,1.6076,1.1300066218616738,0.4776363781383261,0.4226845833446757
2022-02-18,160764.2977,160764.2977,0.0,1.607643,100000.0,1.6076,1.135394259521859,0.472248740478141,0.4159337045415536
2022-02-21,160764.2977,160764.2977,0.0,1.607643,100000.0,1.6076,1.131263572137368,0.4763794278626319,0.4211038343279967
2022-02-22,160764.2977,160764.2977,0.0,1.607643,100000.0,1.6076,1.116577817395629,0.4910651826043712,0.4397948579614097
2022-02-23,160764.2977,160764.2977,0.0,1.607643,100000.0,1.6076,1.1285130841146824,0.4791299158853175,0.4245674442146097
2022-02-24,160764.2977,160764.2977,0.0,1.607643,100000.0,1.6076,1.105633620768885,0.5020093792311149,0.4540467744477643
2022-02-25,160764.2977,160764.2977,0.0,1.607643,100000.0,1.6076,1.1164001082756283,0.4912428917243714,0.4400240452172084
2022-02-28,160764.2977,160764.2977,0.0,1.607643,100000.0,1.6076,1.1184069519807749,0.489236048019225,0.4374400991989138
2022-03-01,160764.2977,160764.2977,0.0,1.607643,100000.0,1.6076,1.127692814944439,0.479950185055561,0.4256036561509952
2022-03-02,160764.2977,160764.2977,0.0,1.607643,100000.0,1.6076,1.1176636005903555,0.4899793994096442,0.438396132030098
2022-03-03,160764.2977,160764.2977,0.0,1.607643,100000.0,1.6076,1.1110794776943445,0.4965635223056555,0.446919893918029
2022-03-04,160764.2977,160764.2977,0.0,1.607643,100000.0,1.6076,1.097605269524563,0.5100377304754369,0.4646822902885332
2022-03-07,160764.2977,160764.2977,0.0,1.607643,100000.0,1.6076,1.062538817420503,0.5451041825794969,0.5130204879505782
2022-03-08,160764.2977,160764.2977,0.0,1.607643,100000.0,1.6076,1.0412072542132136,0.5664357457867863,0.5440182475628375
2022-03-09,160764.2977,160764.2977,0.0,1.607643,100000.0,1.6076,1.0316762112493731,0.5759667887506268,0.5582825139033918
2022-03-10,160764.2977,160764.2977,0.0,1.607643,100000.0,1.6076,1.0479070833219726,0.5597359166780274,0.5341465150742253
2022-03-11,160764.2977,160764.2977,0.0,1.607643,100000.0,1.6076,1.0512475021555168,0.5563954978444832,0.5292716479265152
2022-03-14,160764.2977,160764.2977,0.0,1.607643,100000.0,1.6076,1.019083127859198,0.5885598721408021,0.577538628646711
2022-03-15,160764.2977,160764.2977,0.0,1.607643,100000.0,1.6076,0.9724721494047442,0.6351708505952557,0.653150685070053
2022-03-16,160764.2977,160764.2977,0.0,1.607643,100000.0,1.6076,1.014524034560421,0.593118965439579,0.584627810908954
2022-03-17,160764.2977,160764.2977,0.0,1.607643,100000.0,1.6076,1.0344466427268726,0.5731963572731273,0.5541091571065881
2022-03-18,160764.2977,160764.2977,0.0,1.607643,100000.0,1.6076,1.0413319191137416,0.5663110808862584,0.5438334026755227
2022-03-21,160764.2977,160764.2977,0.0,1.607643,100000.0,1.6076,1.0395851458707497,0.5680578541292505,0.546427444048798
2022-03-22,160764.2977,160764.2977,0.0,1.607643,100000.0,1.6076,1.03874276070288,0.5689002392971201,0.5476815442854839
2022-03-23,160764.2977,160764.2977,0.0,1.607643,100000.0,1.6076,1.0439232744780096,0.5637197255219903,0.5400011086100802
2022-03-24,160764.2977,160764.2977,0.0,1.607643,100000.0,1.6076,1.0377690465424827,0.5698739534575172,0.5491336972866521
2022-03-25,160764.2977,160764.2977,0.0,1.607643,100000.0,1.6076,1.019038334420297,0.5886046655797033,0.5776079718478349
2022-03-28,160764.2977,160764.2977,0.0,1.607643,100000.0,1.6076,1.0126652411042858,0.5949777588957141,0.5875364678725479
2022-03-29,160764.2977,160764.2977,0.0,1.607643,100000.0,1.6076,1.0091691070954008,0.5984738929045992,0.5930362797441668
2022-03-30,160764.2977,160764.2977,0.0,1.607643,100000.0,1.6076,1.0384507855951433,0.5691922144048567,0.5481166968145232
2022-03-31,160764.2977,160764.2977,0.0,1.607643,100000.0,1.6076,1.0307609360495915,0.5768820639504082,0.5596662075314167
2022-04-01,160764.2977,160764.2977,0.0,1.607643,100000.0,1.6076,1.0438355428053063,0.5638074571946934,0.5401305417129807
2022-04-06,160764.2977,160764.2977,0.0,1.607643,100000.0,1.6076,1.0408289144260046,0.5668140855739954,0.5445794959362573
2022-04-07,160764.2977,160764.2977,0.0,1.607643,100000.0,1.6076,1.0274662382574982,0.5801767617425018,0.5646674704625194
2022-04-08,160764.2977,160764.2977,0.0,1.607643,100000.0,1.6076,1.032755305941507,0.5748876940584926,0.5566543117727181
2022-04-11,160764.2977,160764.2977,0.0,1.607643,100000.0,1.6076,1.000851490319211,0.606791509680789,0.6062752721557714
2022-04-12,160764.2977,160764.2977,0.0,1.607643,100000.0,1.6076,1.0203561403053545,0.5872868596946457,0.5755704665224954
2022-04-13,160764.2977,160764.2977,0.0,1.607643,100000.0,1.6076,1.0105343671740408,0.5971086328259592,0.5908840433559657
2022-04-14,160764.2977,160764.2977,0.0,1.607643,100000.0,1.6076,1.0231867194850075,0.5844562805149924,0.5712117538127959
2022-04-15,160764.2977,160764.2977,0.0,1.607643,100000.0,1.6076,1.0224980478238197,0.5851449521761805,0.5722699944724035
2022-04-18,160764.2977,160764.2977,0.0,1.607643,100000.0,1.6076,1.0170391556414804,0.5906038443585195,0.5807090524317189
2022-04-19,160764.2977,160764.2977,0.0,1.607643,100000.0,1.6076,1.0093540417510498,0.5982889582489501,0.5927444023615591
2022-04-20,160764.2977,160764.2977,0.0,1.607643,100000.0,1.6076,0.9937037268214404,0.6139392731785595,0.6178292951988482
2022-04-21,160764.2977,160764.2977,0.0,1.607643,100000.0,1.6076,0.975405814520354,0.6322371854796458,0.6481786104489669
2022-04-22,160764.2977,160764.2977,0.0,1.607643,100000.0,1.6076,0.9796580910706032,0.6279849089293967,0.6410245724027184
2022-04-25,160764.2977,160764.2977,0.0,1.607643,100000.0,1.6076,0.9312428280150916,0.6764001719849084,0.7263413490406465
2022-04-26,160764.2977,160764.2977,0.0,1.607643,100000.0,1.6076,0.9237260983979796,0.6839169016020202,0.7403892807490651
2022-04-27,160764.2977,160764.2977,0.0,1.607643,100000.0,1.6076,0.9509234783796968,0.6567195216203032,0.6906123747615367
2022-04-28,160764.2977,160764.2977,0.0,1.607643,100000.0,1.6076,0.9571655600408944,0.6504774399591057,0.6795871760485348
2022-04-29,160764.2977,160764.2977,0.0,1.607643,100000.0,1.6076,0.9803882607405824,0.6272547392594175,0.6398023766477896
2022-05-05,160764.2977,160764.2977,0.0,1.607643,100000.0,1.6076,0.978916106673415,0.6287268933265849,0.6422684120124915
2022-05-06,160764.2977,160764.2977,0.0,1.607643,100000.0,1.6076,0.9541649366675704,0.6534780633324296,0.6848690810361442
2022-05-09,160764.2977,160764.2977,0.0,1.607643,100000.0,1.6076,0.946505234204876,0.6611377657951241,0.6985040778464595
2022-05-10,160764.2977,160764.2977,0.0,1.607643,100000.0,1.6076,0.9568631371991791,0.6507798628008207,0.6801180205412753
2022-05-11,160764.2977,160764.2977,0.0,1.607643,100000.0,1.6076,0.9706684750685216,0.6369745249314783,0.6562225325042239
2022-05-12,160764.2977,160764.2977,0.0,1.607643,100000.0,1.6076,0.9663519254258328,0.6412910745741671,0.6636206310569264
2022-05-13,160764.2977,160764.2977,0.0,1.607643,100000.0,1.6076,0.973640977438241,0.634002022561759,0.6511661251459337
2022-05-16,160764.2977,160764.2977,0.0,1.607643,100000.0,1.6076,0.965814355337832,0.6418286446621679,0.664546598541355
2022-05-17,160764.2977,160764.2977,0.0,1.607643,100000.0,1.6076,0.9778623501772372,0.6297806498227627,0.6440381406530431
2022-05-18,160764.2977,160764.2977,0.0,1.607643,100000.0,1.6076,0.9744481625304182,0.6331948374695817,0.6497983800650002
2022-05-19,160764.2977,160764.2977,0.0,1.607643,100000.0,1.6076,0.9763257033222896,0.6313172966777104,0.6466257054684033
2022-05-20,160764.2977,160764.2977,0.0,1.607643,100000.0,1.6076,0.9953663079277728,0.6122766920722271,0.6151270011810124
2022-05-23,160764.2977,160764.2977,0.0,1.607643,100000.0,1.6076,0.9896011360299608,0.6180418639700392,0.6245363323343311
2022-05-24,160764.2977,160764.2977,0.0,1.607643,100000.0,1.6076,0.96645300969313,0.6411899903068701,0.663446627902232
2022-05-25,160764.2977,160764.2977,0.0,1.607643,100000.0,1.6076,0.97231748388492,0.6353255161150799,0.6534136500113319
2022-05-26,160764.2977,160764.2977,0.0,1.607643,100000.0,1.6076,0.9747258818516056,0.6329171181483945,0.6493283187947103
2022-05-27,160764.2977,160764.2977,0.0,1.607643,100000.0,1.6076,0.976740781052576,0.630902218947424,0.6459259520909304
2022-05-30,160764.2977,160764.2977,0.0,1.607643,100000.0,1.6076,0.9835071778495544,0.6241358221504455,0.634602203427862
2022-05-31,160764.2977,160764.2977,0.0,1.607643,100000.0,1.6076,0.9987637254969214,0.6088792745030785,0.6096329481731417
2022-06-01,160764.2977,160764.2977,0.0,1.607643,100000.0,1.6076,0.9967277843644344,0.6109152156355655,0.6129208247416489
2022-06-02,160764.2977,160764.2977,0.0,1.607643,100000.0,1.6076,0.9982878653890525,0.6093551346109475,0.6104002219574909
2022-06-06,160764.2977,160764.2977,0.0,1.607643,100000.0,1.6076,1.016966070324821,0.590676929675179,0.5808226517198511
2022-06-07,160764.2977,160764.2977,0.0,1.607643,100000.0,1.6076,1.0201500660758154,0.5874929339241846,0.5758887378050941
2022-06-08,160764.2977,160764.2977,0.0,1.607643,100000.0,1.6076,1.030081198665591,0.577561801334409,0.5606954112769034
2022-06-09,160764.2977,160764.2977,0.0,1.607643,100000.0,1.6076,1.0193069730007371,0.5883360269992628,0.5771921929144277
2022-06-10,160764.2977,160764.2977,0.0,1.607643,100000.0,1.6076,1.0347634922292912,0.5728795077707087,0.5536332814916951
2022-06-13,160764.2977,160764.2977,0.0,1.607643,100000.0,1.6076,1.022645853966897,0.5849971460331029,0.5720427494658764
2022-06-14,160764.2977,160764.2977,0.0,1.607643,100000.0,1.6076,1.0306912682160096,0.5769517317839903,0.5597716305316309
2022-06-15,160764.2977,160764.2977,0.0,1.607643,100000.0,1.6076,1.044338352208297,0.563304647791703,0.5393890271295427
2022-06-16,160764.2977,160764.2977,0.0,1.607643,100000.0,1.6076,1.0374652078863509,0.570177792113649,0.549587386429357
2022-06-17,160764.2977,160764.2977,0.0,1.607643,100000.0,1.6076,1.0518633081953868,0.5557796918046132,0.5283763465027866
2022-06-20,160764.2977,160764.2977,0.0,1.607643,100000.0,1.6076,1.0570843435555717,0.5505586564444285,0.5208275572340697
2022-06-21,160764.2977,160764.2977,0.0,1.607643,100000.0,1.6076,1.0558962555638771,0.5517467444361226,0.5225387830753077
2022-06-22,160764.2977,160764.2977,0.0,1.607643,100000.0,1.6076,1.0424843432284696,0.5651586567715303,0.5421267575312361
2022-06-23,160764.2977,160764.2977,0.0,1.607643,100000.0,1.6076,1.060366421070874,0.5472765789291261,0.5161202467883002
2022-06-24,160764.2977,160764.2977,0.0,1.607643,100000.0,1.6076,1.0727899973004336,0.5348530026995664,0.4985626301936718
2022-06-27,160764.2977,160764.2977,0.0,1.607643,100000.0,1.6076,1.084871190546872,0.522771809453128,0.4818745432714497
2022-06-28,160764.2977,160764.2977,0.0,1.607643,100000.0,1.6076,1.0961617490834628,0.5114812509165372,0.4666111103988108
2022-06-29,160764.2977,160764.2977,0.0,1.607643,100000.0,1.6076,1.0792794803258074,0.5283635196741925,0.4895520847989185
2022-06-30,160764.2977,160764.2977,0.0,1.607643,100000.0,1.6076,1.0948177506316803,0.5128252493683196,0.4684115224405463
2022-07-01,67826.0065,160690.0065,92864.0,1.6069,100000.0,1.6076,1.0903523451903978,0.5165476548096022,0.4737437921678449
2022-07-04,67826.0065,160234.0065,92408.0,1.60234,100000.0,1.6069,1.0975076759721245,0.5048323240278756,0.4599806772018402
2022-07-05,67826.0065,159935.0065,92109.0,1.59935,100000.0,1.6023,1.0959229402481658,0.5034270597518342,0.4593635567459113
2022-07-06,67826.0065,158974.0065,91148.0,1.58974,100000.0,1.5994,1.079917280310336,0.5098227196896639,0.472094232572291
2022-07-07,106094.1931,161094.1931,55000.0,1.610942,100000.0,1.5897,1.0846782736271794,0.5262637263728207,0.4851795589239447
2022-07-08,106094.1931,160194.1931,54100.0,1.601942,100000.0,1.6109,1.081091722780316,0.5208502772196839,0.4817817639748256
2022-07-11,157876.7881,157876.7881,0.0,1.578768,100000.0,1.6019,1.0629877770544387,0.5157802229455613,0.4852174541223786
2022-07-12,157876.7881,157876.7881,0.0,1.578768,100000.0,1.5788,1.0529798487378064,0.5257881512621936,0.4993335360524222
2022-07-13,157876.7881,157876.7881,0.0,1.578768,100000.0,1.5788,1.054894444810469,0.523873555189531,0.4966122987628913
2022-07-14,157876.7881,157876.7881,0.0,1.578768,100000.0,1.5788,1.0550439596950845,0.5237240403049155,0.4964002073015758
2022-07-15,157876.7881,157876.7881,0.0,1.578768,100000.0,1.5788,1.0370907249728998,0.5416772750271002,0.5223046180856112
2022-07-18,157876.7881,157876.7881,0.0,1.578768,100000.0,1.5788,1.047845666268962,0.5309223337310378,0.5066798964980022
2022-07-19,157876.7881,157876.7881,0.0,1.578768,100000.0,1.5788,1.042171252957436,0.5365967470425639,0.5148834661480337
2022-07-20,157876.7881,157876.7881,0.0,1.578768,100000.0,1.5788,1.045701659439464,0.5330663405605358,0.5097690490864093
2022-07-21,157876.7881,157876.7881,0.0,1.578768,100000.0,1.5788,1.0340468460280594,0.5447211539719405,0.5267857603011916
2022-07-22,157876.7881,157876.7881,0.0,1.578768,100000.0,1.5788,1.034578093772368,0.5441899062276319,0.526001767777007
2022-07-25,157876.7881,157876.7881,0.0,1.578768,100000.0,1.5788,1.0283314229196103,0.5504365770803896,0.5352715718027998
2022-07-26,157876.7881,157876.7881,0.0,1.578768,100000.0,1.5788,1.0364678886821297,0.5423001113178703,0.5232194043246294
2022-07-27,157876.7881,157876.7881,0.0,1.578768,100000.0,1.5788,1.0313562860121868,0.5474117139878132,0.5307687764278046
2022-07-28,157876.7881,157876.7881,0.0,1.578768,100000.0,1.5788,1.0315119279557476,0.5472560720442523,0.5305378030177561
2022-07-29,157876.7881,157876.7881,0.0,1.578768,100000.0,1.5788,1.0179466194513724,0.5608213805486275,0.5509339781008213
2022-08-01,157876.7881,157876.7881,0.0,1.578768,100000.0,1.5788,1.022481253335556,0.5562867466644439,0.5440556928058247
2022-08-02,157876.7881,157876.7881,0.0,1.578768,100000.0,1.5788,1.0025489297529286,0.5762190702470713,0.5747540625165064
2022-08-03,157876.7881,157876.7881,0.0,1.578768,100000.0,1.5788,0.9927728288418788,0.5859951711581212,0.5902610890768587
2022-08-04,157876.7881,157876.7881,0.0,1.578768,100000.0,1.5788,1.001209447260926,0.5775585527390739,0.5768608699399895
2022-08-05,157876.7881,157876.7881,0.0,1.578768,100000.0,1.5788,1.01472666689629,0.56404133310371,0.5558554352660545
2022-08-08,157876.7881,157876.7881,0.0,1.578768,100000.0,1.5788,1.0125696248099123,0.5661983751900874,0.5591698203433453
2022-08-09,157876.7881,157876.7881,0.0,1.578768,100000.0,1.5788,1.014575223574795,0.564192776425205,0.5560876742458836
2022-08-10,157876.7881,157876.7881,0.0,1.578768,100000.0,1.5788,1.0032112623838303,0.5755567376161694,0.5737143901759352
2022-08-11,157876.7881,157876.7881,0.0,1.578768,100000.0,1.5788,1.0236686822412284,0.5550993177587715,0.5422646285743866
2022-08-12,157876.7881,157876.7881,0.0,1.578768,100000.0,1.5788,1.0230850737740624,0.5556829262259375,0.5431443977342731
2022-08-15,157876.7881,157876.7881,0.0,1.578768,100000.0,1.5788,1.021749179639291,0.5570188203607089,0.5451619942159913
2022-08-16,157876.7881,157876.7881,0.0,1.578768,100000.0,1.5788,1.0198348032619693,0.5589331967380307,0.5480624851694291
2022-08-17,157876.7881,157876.7881,0.0,1.578768,100000.0,1.5788,1.029384617972139,0.5493833820278606,0.5337007882535989
2022-08-18,157876.7881,157876.7881,0.0,1.578768,100000.0,1.5788,1.0203871173483876,0.5583808826516123,0.5472245515041778
2022-08-19,157876.7881,157876.7881,0.0,1.578768,100000.0,1.5788,1.0133017473273649,0.5654662526726353,0.5580433016760127
2022-08-22,157876.7881,157876.7881,0.0,1.578768,100000.0,1.5788,1.0207036983342783,0.5580643016657214,0.5467446650545558
2022-08-23,157876.7881,157876.7881,0.0,1.578768,100000.0,1.5788,1.0157448815684678,0.5630231184315322,0.5542957967576829
2022-08-24,157876.7881,157876.7881,0.0,1.578768,100000.0,1.5788,0.996542825298193,0.5822251747018069,0.5842450117761764
2022-08-25,157876.7881,157876.7881,0.0,1.578768,100000.0,1.5788,1.0047985123989105,0.5739694876010895,0.5712284408450841
2022-08-26,157876.7881,157876.7881,0.0,1.578768,100000.0,1.5788,1.0026762309975443,0.5760917690024556,0.574554129431504
2022-08-29,157876.7881,157876.7881,0.0,1.578768,100000.0,1.5788,0.9982762215359984,0.5804917784640016,0.5814941455490421
2022-08-30,157876.7881,157876.7881,0.0,1.578768,100000.0,1.5788,0.9949254282002564,0.5838425717997435,0.586820434226784
2022-08-31,157876.7881,157876.7881,0.0,1.578768,100000.0,1.5788,0.9956690969283896,0.5830989030716105,0.5856352324988832
2022-09-01,157876.7881,157876.7881,0.0,1.578768,100000.0,1.5788,0.9871008077685066,0.5916671922314933,0.5993989545698459
2022-09-02,157876.7881,157876.7881,0.0,1.578768,100000.0,1.5788,0.9821878340971136,0.5965801659028864,0.6073992623328499
2022-09-05,157876.7881,157876.7881,0.0,1.578768,100000.0,1.5788,0.9801894120466924,0.5985785879533075,0.6106764474260549
2022-09-06,157876.7881,157876.7881,0.0,1.578768,100000.0,1.5788,0.989185643319587,0.5895823566804129,0.5960280162395464
2022-09-07,157876.7881,157876.7881,0.0,1.578768,100000.0,1.5788,0.9898454128381816,0.5889225871618184,0.5949642030195423
2022-09-08,157876.7881,157876.7881,0.0,1.578768,100000.0,1.5788,0.9856225998741742,0.5931454001258257,0.6017976862559233
2022-09-09,157876.7881,157876.7881,0.0,1.578768,100000.0,1.5788,0.9993177971460658,0.5794502028539341,0.5798457752966832
2022-09-13,157876.7881,157876.7881,0.0,1.578768,100000.0,1.5788,1.0035474450762267,0.5752205549237732,0.5731872047963622
2022-09-14,157876.7881,157876.7881,0.0,1.578768,100000.0,1.5788,0.9923782560100538,0.5863897439899461,0.5908933820734636
2022-09-15,157876.7881,157876.7881,0.0,1.578768,100000.0,1.5788,0.9830435474489828,0.5957244525510171,0.6060000638801137
2022-09-16,157876.7881,157876.7881,0.0,1.578768,100000.0,1.5788,0.9599911594594928,0.6187768405405071,0.6445651446299767
2022-09-19,157876.7881,157876.7881,0.0,1.578768,100000.0,1.5788,0.9588481334232272,0.6199198665767728,0.6465256018839696
2022-09-20,157876.7881,157876.7881,0.0,1.578768,100000.0,1.5788,0.960028629720372,0.618739370279628,0.6445009566640201
2022-09-21,157876.7881,157876.7881,0.0,1.578768,100000.0,1.5788,0.9529248297013267,0.6258431702986732,0.6567602719459309
2022-09-22,157876.7881,157876.7881,0.0,1.578768,100000.0,1.5788,0.9445298313440376,0.6342381686559624,0.6714855874413839
2022-09-23,157876.7881,157876.7881,0.0,1.578768,100000.0,1.5788,0.9412776568056584,0.6374903431943415,0.677260677107479
2022-09-26,157876.7881,157876.7881,0.0,1.578768,100000.0,1.5788,0.9365556960276724,0.6422123039723276,0.6857171513624025
2022-09-27,157876.7881,157876.7881,0.0,1.578768,100000.0,1.5788,0.9501323066367944,0.6286356933632055,0.6616296372327364
2022-09-28,157876.7881,157876.7881,0.0,1.578768,100000.0,1.5788,0.9346107819979986,0.6441572180020013,0.6892251089003387
2022-09-29,157876.7881,157876.7881,0.0,1.578768,100000.0,1.5788,0.9342284144628772,0.6445395855371229,0.6899164867594965
2022-09-30,157876.7881,157876.7881,0.0,1.578768,100000.0,1.5788,0.9287950801718348,0.6499729198281652,0.6998022854599044
2022-10-10,157876.7881,157876.7881,0.0,1.578768,100000.0,1.5788,0.9083026799340852,0.6704653200659146,0.7381518681796355
2022-10-11,157876.7881,157876.7881,0.0,1.578768,100000.0,1.5788,0.9099504438102202,0.6688175561897798,0.7350043738527685
2022-10-12,157876.7881,157876.7881,0.0,1.578768,100000.0,1.5788,0.9237716485652768,0.6549963514347231,0.7090457392278791
2022-10-13,157876.7881,157876.7881,0.0,1.578768,100000.0,1.5788,0.9160497234999888,0.6627182765000111,0.7234522968556076
2022-10-14,157876.7881,157876.7881,0.0,1.578768,100000.0,1.5788,0.9379696796507516,0.6407983203492483,0.6831759429450284
2022-10-17,157876.7881,157876.7881,0.0,1.578768,100000.0,1.5788,0.9389319696534346,0.6398360303465653,0.6814508942354287
2022-10-18,157876.7881,157876.7881,0.0,1.578768,100000.0,1.5788,0.9369436779992774,0.6418243220007226,0.6850191074144989
2022-10-19,157876.7881,157876.7881,0.0,1.578768,100000.0,1.5788,0.9218742375503725,0.6568937624496276,0.7125633147045549
2022-10-20,157876.7881,157876.7881,0.0,1.578768,100000.0,1.5788,0.9165999382753744,0.6621680617246256,0.7224177463621979
2022-10-21,157876.7881,157876.7881,0.0,1.578768,100000.0,1.5788,0.91366236746482,0.6651056325351801,0.7279555952169494
2022-10-24,157876.7881,157876.7881,0.0,1.578768,100000.0,1.5788,0.8869279832082466,0.6918400167917533,0.7800408036390847
2022-10-25,157876.7881,157876.7881,0.0,1.578768,100000.0,1.5788,0.8854830957739145,0.6932849042260855,0.7829453860100544
2022-10-26,157876.7881,157876.7881,0.0,1.578768,100000.0,1.5788,0.8926716493732674,0.6860963506267326,0.7685875888502021
2022-10-27,157876.7881,157876.7881,0.0,1.578768,100000.0,1.5788,0.8863839931341796,0.6923840068658204,0.7811332472483044
2022-10-28,157876.7881,157876.7881,0.0,1.578768,100000.0,1.5788,0.8644595454342299,0.7143084545657701,0.8263063995747344
2022-10-31,157876.7881,157876.7881,0.0,1.578768,100000.0,1.5788,0.8564953208187877,0.7222726791812123,0.8432885289913061
2022-11-01,157876.7881,157876.7881,0.0,1.578768,100000.0,1.5788,0.8871232435449062,0.6916447564550937,0.7796490076072307
2022-11-02,157876.7881,157876.7881,0.0,1.578768,100000.0,1.5788,0.897774049249496,0.680993950750504,0.7585360161833463
2022-11-03,157876.7881,157876.7881,0.0,1.578768,100000.0,1.5788,0.8904732069204725,0.6882947930795275,0.7729539617029697
2022-11-04,157876.7881,157876.7881,0.0,1.578768,100000.0,1.5788,0.9195896745240388,0.6591783254759611,0.7168178849084388
2022-11-07,157876.7881,157876.7881,0.0,1.578768,100000.0,1.5788,0.9215724249734928,0.6571955750265072,0.7131241747444972
2022-11-08,157876.7881,157876.7881,0.0,1.578768,100000.0,1.5788,0.9152325056539216,0.6635354943460784,0.7249911801067326
2022-11-09,157876.7881,157876.7881,0.0,1.578768,100000.0,1.5788,0.9066754453670056,0.6720925546329942,0.7412713756254239
2022-11-10,157876.7881,157876.7881,0.0,1.578768,100000.0,1.5788,0.8996984339701146,0.6790695660298853,0.7547746449144559
2022-11-11,157876.7881,157876.7881,0.0,1.578768,100000.0,1.5788,0.9247803675166192,0.6539876324833809,0.707181570300397
2022-11-14,157876.7881,157876.7881,0.0,1.578768,100000.0,1.5788,0.9261420880592148,0.6526259119407851,0.7046714757434263
2022-11-15,157876.7881,157876.7881,0.0,1.578768,100000.0,1.5788,0.9437068525979262,0.6350611474020738,0.6729432404287592
2022-11-16,157876.7881,157876.7881,0.0,1.578768,100000.0,1.5788,0.9359973281140888,0.6427706718859111,0.6867227636012692
2022-11-17,157876.7881,157876.7881,0.0,1.578768,100000.0,1.5788,0.9321585426055548,0.6466094573944451,0.6936689713608724
2022-11-18,157876.7881,157876.7881,0.0,1.578768,100000.0,1.5788,0.927985454020317,0.650782545979683,0.7012852875659783
2022-11-21,157876.7881,157876.7881,0.0,1.578768,100000.0,1.5788,0.9200662425391166,0.6587017574608833,0.7159286223164292
2022-11-22,157876.7881,157876.7881,0.0,1.578768,100000.0,1.5788,0.9201750649645234,0.6585929350354766,0.7157256918941486
2022-11-23,157876.7881,157876.7881,0.0,1.578768,100000.0,1.5788,0.9211407480396898,0.6576272519603101,0.7139270012317103
2022-11-24,157876.7881,157876.7881,0.0,1.578768,100000.0,1.5788,0.9170591747691336,0.6617088252308665,0.7215552097796192
2022-11-25,157876.7881,157876.7881,0.0,1.578768,100000.0,1.5788,0.9216894249476908,0.657078575052309,0.7129067094261177
2022-11-28,157876.7881,157876.7881,0.0,1.578768,100000.0,1.5788,0.9113066231481128,0.6674613768518872,0.7324223920881197
2022-11-29,157876.7881,157876.7881,0.0,1.578768,100000.0,1.5788,0.9394227446338752,0.6393452553661247,0.6805724675266396
2022-11-30,157876.7881,157876.7881,0.0,1.578768,100000.0,1.5788,0.9405490738242508,0.6382189261757492,0.6785599432688458
2022-12-01,157876.7881,157876.7881,0.0,1.578768,100000.0,1.5788,0.9507361514858946,0.6280318485141053,0.6605742797647502
2022-12-02,157876.7881,157876.7881,0.0,1.578768,100000.0,1.5788,0.9449213284410934,0.6338466715589065,0.6707930623225642
2022-12-05,157876.7881,157876.7881,0.0,1.578768,100000.0,1.5788,0.963455828213477,0.615312171786523,0.6386511490905482
2022-12-06,157876.7881,157876.7881,0.0,1.578768,100000.0,1.5788,0.9686606549396396,0.6101073450603602,0.629846316095473
2022-12-07,157876.7881,157876.7881,0.0,1.578768,100000.0,1.5788,0.9662789133409544,0.6124890866590457,0.6338636580005002
2022-12-08,157876.7881,157876.7881,0.0,1.578768,100000.0,1.5788,0.9664592832156358,0.6123087167843642,0.6335587307383195
2022-12-09,157876.7881,157876.7881,0.0,1.578768,100000.0,1.5788,0.9759951350663776,0.6027728649336225,0.6175982269549201
2022-12-12,157876.7881,157876.7881,0.0,1.578768,100000.0,1.5788,0.965058969524864,0.6137090304751358,0.6359290466750323
2022-12-13,157876.7881,157876.7881,0.0,1.578768,100000.0,1.5788,0.9631642192646412,0.6156037807353587,0.6391472694089084
2022-12-14,157876.7881,157876.7881,0.0,1.578768,100000.0,1.5788,0.9654110679241614,0.6133569320758385,0.6353324013517745
2022-12-15,157876.7881,157876.7881,0.0,1.578768,100000.0,1.5788,0.9647038442119844,0.6140641557880154,0.6365312623892485
2022-12-16,157876.7881,157876.7881,0.0,1.578768,100000.0,1.5788,0.965250275345392,0.6135177246546079,0.6356048170357422
2022-12-19,157876.7881,157876.7881,0.0,1.578768,100000.0,1.5788,0.95035827549996,0.6284097245000401,0.6612345477493204
2022-12-20,157876.7881,157876.7881,0.0,1.578768,100000.0,1.5788,0.9346858445727242,0.6440821554272758,0.689089450928517
2022-12-21,157876.7881,157876.7881,0.0,1.578768,100000.0,1.5788,0.9350571541090326,0.6437108458909674,0.6884187165054376
2022-12-22,157876.7881,157876.7881,0.0,1.578768,100000.0,1.5788,0.9363971980446832,0.6423708019553168,0.6860024819560215
2022-12-23,157876.7881,157876.7881,0.0,1.578768,100000.0,1.5788,0.9344909259843722,0.6442770740156277,0.6894417656725349
2022-12-26,157876.7881,157876.7881,0.0,1.578768,100000.0,1.5788,0.938218399186972,0.640549600813028,0.6827297368801406
2022-12-27,157876.7881,157876.7881,0.0,1.578768,100000.0,1.5788,0.949048232183606,0.629719767816394,0.6635276758985273
2022-12-28,157876.7881,157876.7881,0.0,1.578768,100000.0,1.5788,0.9449986123798187,0.6337693876201812,0.6706564214143558
2022-12-29,157876.7881,157876.7881,0.0,1.578768,100000.0,1.5788,0.9414435267878564,0.6373244732121435,0.6769651658094169
2022-12-30,157876.7881,157876.7881,0.0,1.578768,100000.0,1.5788,0.9450887851118628,0.633679214888137,0.6704970208837397
2023-01-03,157876.7881,157876.7881,0.0,1.578768,100000.0,1.5788,0.9490592657718256,0.6297087342281743,0.6635083360321672
2023-01-04,157876.7881,157876.7881,0.0,1.578768,100000.0,1.5788,0.9502916345799596,0.6284763654200403,0.6613510448272382
2023-01-05,157876.7881,157876.7881,0.0,1.578768,100000.0,1.5788,0.968753488426365,0.610014511573635,0.6296901315571388
2023-01-06,157876.7881,157876.7881,0.0,1.578768,100000.0,1.5788,0.9717585789382824,0.6070094210617176,0.6246504370714381
2023-01-09,157876.7881,157876.7881,0.0,1.578768,100000.0,1.5788,0.979626308477988,0.5991416915220119,0.611602287869216
2023-01-10,157876.7881,157876.7881,0.0,1.578768,100000.0,1.5788,0.9806891701255064,0.5980788298744937,0.6098556485516742
2023-01-11,157876.7881,157876.7881,0.0,1.578768,100000.0,1.5788,0.9788723384794372,0.5998956615205627,0.6128436139613771
2023-01-12,157876.7881,157876.7881,0.0,1.578768,100000.0,1.5788,0.9807857140224294,0.5979822859775705,0.6096971819920853
2023-01-13,157876.7881,157876.7881,0.0,1.578768,100000.0,1.5788,0.9945796521446508,0.584188347855349,0.5873721090066952
2023-01-16,157876.7881,157876.7881,0.0,1.578768,100000.0,1.5788,1.0101016405847214,0.5686663594152785,0.5629793444213123
2023-01-17,157876.7881,157876.7881,0.0,1.578768,100000.0,1.5788,1.009925371689732,0.5688426283102679,0.5632521414513258
2023-01-18,157876.7881,157876.7881,0.0,1.578768,100000.0,1.5788,1.0082342301891138,0.5705337698108861,0.5658742311336438
2023-01-19,157876.7881,157876.7881,0.0,1.578768,100000.0,1.5788,1.0145061415954542,0.5642618584045458,0.5561936347838805
2023-01-20,157876.7881,157876.7881,0.0,1.578768,100000.0,1.5788,1.0207354809268934,0.5580325190731066,0.5466965041387384
2023-01-30,157876.7881,157876.7881,0.0,1.578768,100000.0,1.5788,1.0255732455600006,0.5531947544399993,0.5394005321754807
2023-01-31,157876.7881,157876.7881,0.0,1.578768,100000.0,1.5788,1.014713656050004,0.5640543439499961,0.5558753847323803
2023-02-01,29354.0521,157774.0521,128420.0,1.577741,100000.0,1.5788,1.0242521930660204,0.5534888069339796,0.5403833261778559
2023-02-02,29354.0521,155713.0521,126359.0,1.557131,100000.0,1.5777,1.0206433553473768,0.5364876446526232,0.5256367386725691
2023-02-03,29354.0521,153059.0521,123705.0,1.530591,100000.0,1.5571,1.0109969235085032,0.5195940764914968,0.5139422924140349
2023-02-06,75992.3434,150050.3434,74058.0,1.500503,100000.0,1.5306,0.997631147194634,0.502871852805366,0.5040659107521406
2023-02-07,75992.3434,149702.3434,73710.0,1.497023,100000.0,1.5005,0.9994266928032524,0.4975963071967476,0.4978817463850795
2023-02-08,75992.3434,149279.3434,73287.0,1.492793,100000.0,1.497,0.9950102306017504,0.4977827693982497,0.5002790464749358
2023-02-09,75992.3434,150124.3434,74132.0,1.501243,100000.0,1.4928,1.0083665844265643,0.4928764155734357,0.4887869383868204
2023-02-10,75992.3434,148773.3434,72781.0,1.487733,100000.0,1.5012,1.0023745648842244,0.4853584351157756,0.4842086502582348
2023-02-13,75992.3434,150224.3434,74232.0,1.502243,100000.0,1.4877,1.0114710016430533,0.4907719983569467,0.4852061972708335
2023-02-14,75992.3434,149294.3434,73302.0,1.492943,100000.0,1.5022,1.011889936247098,0.4810530637529018,0.4754005811511808
2023-02-15,75992.3434,148752.3434,72760.0,1.487523,100000.0,1.4929,1.006617028375924,0.4809059716240758,0.4777447212471355
2023-02-16,75992.3434,148014.3434,72022.0,1.480143,100000.0,1.4875,0.9992446141870324,0.4808983858129676,0.4812619242428622
2023-02-17,75992.3434,145177.3434,69185.0,1.451773,100000.0,1.4801,0.9848470997322384,0.4669259002677615,0.4741100424570574
2023-02-20,75992.3434,145319.3434,69327.0,1.453193,100000.0,1.4518,1.0090093397615547,0.4441836602384452,0.4402175903975409
2023-02-21,75992.3434,144968.3434,68976.0,1.449683,100000.0,1.4532,1.0116613066292517,0.4380216933707483,0.4329726663463984
2023-02-22,75992.3434,143981.3434,67989.0,1.439813,100000.0,1.4497,1.002531012377368,0.4372819876226321,0.4361780156662451
2023-02-23,75992.3434,144359.3434,68367.0,1.443593,100000.0,1.4398,1.0017244131394325,0.4418685868605674,0.4411079345423347
2023-02-24,102715.558,143255.558,40540.0,1.432556,100000.0,1.4436,0.9913253538846454,0.4412306461153545,0.4450916587438536
2023-02-27,142773.415,142773.415,0.0,1.427734,100000.0,1.4326,0.9871264144809898,0.4406075855190102,0.4463537588047144
2023-02-28,142773.415,142773.415,0.0,1.427734,100000.0,1.4277,0.9933790171079456,0.4343549828920544,0.4372500077126706
2023-03-01,56603.5342,142704.5342,86101.0,1.427045,100000.0,1.4277,1.0074109096946948,0.4196340903053051,0.4165470973830123
2023-03-02,97797.9118,142401.9118,44604.0,1.424019,100000.0,1.427,1.0051642074987348,0.4188547925012651,0.4167028525056113
2023-03-03,97797.9118,142590.9118,44793.0,1.425909,100000.0,1.424,1.0082920832954876,0.4176169167045125,0.4141824810719323
2023-03-06,97797.9118,142443.9118,44646.0,1.424439,100000.0,1.4259,1.0030337729591707,0.4214052270408293,0.4201306460475313
2023-03-07,97797.9118,142170.9118,44373.0,1.421709,100000.0,1.4244,0.988348774945827,0.4333602250541729,0.4384689251807148
2023-03-08,97797.9118,141813.9118,44016.0,1.418139,100000.0,1.4217,0.9847496282327658,0.4333893717672342,0.4401010768036499
2023-03-09,141421.1278,141421.1278,0.0,1.414211,100000.0,1.4181,0.981269361109595,0.4329416388904051,0.4412057036009416
2023-03-10,141421.1278,141421.1278,0.0,1.414211,100000.0,1.4142,0.968401243563507,0.4458097564364931,0.4603564477013782
2023-03-13,141421.1278,141421.1278,0.0,1.414211,100000.0,1.4142,0.9785440404087112,0.435666959591289,0.4452195727535397
2023-03-14,141421.1278,141421.1278,0.0,1.414211,100000.0,1.4142,0.9726878414080856,0.4415231585919145,0.4539207130961513
2023-03-15,141421.1278,141421.1278,0.0,1.414211,100000.0,1.4142,0.9732264367410096,0.4409845632589905,0.4531160957111806
2023-03-16,141421.1278,141421.1278,0.0,1.414211,100000.0,1.4142,0.9615700122304404,0.4526409877695598,0.4707311813100556
2023-03-17,141421.1278,141421.1278,0.0,1.414211,100000.0,1.4142,0.9663713074369978,0.4478396925630022,0.4634240370306099
2023-03-20,141421.1278,141421.1278,0.0,1.414211,100000.0,1.4142,0.9615520704442864,0.4526589295557137,0.4707586239677712
2023-03-21,141421.1278,141421.1278,0.0,1.414211,100000.0,1.4142,0.9721221503164804,0.4420888496835198,0.4547667693196735
2023-03-22,141421.1278,141421.1278,0.0,1.414211,100000.0,1.4142,0.9762876960283556,0.4379233039716446,0.4485596876342539
2023-03-23,141421.1278,141421.1278,0.0,1.414211,100000.0,1.4142,0.9859657151750976,0.4282452848249026,0.4343409494201842
2023-03-24,141421.1278,141421.1278,0.0,1.414211,100000.0,1.4142,0.9830257521263892,0.431185247873611,0.4386306736531689
2023-03-27,141421.1278,141421.1278,0.0,1.414211,100000.0,1.4142,0.97946947041535,0.43474152958465,0.4438540890920217
2023-03-28,141421.1278,141421.1278,0.0,1.414211,100000.0,1.4142,0.9763052716556084,0.4379057283443917,0.4485336103960553
2023-03-29,141421.1278,141421.1278,0.0,1.414211,100000.0,1.4142,0.9779235231243144,0.4362874768756857,0.4461366012362753
2023-03-30,141421.1278,141421.1278,0.0,1.414211,100000.0,1.4142,0.9858280882494708,0.4283829117505292,0.4345411911636705
2023-03-31,141421.1278,141421.1278,0.0,1.414211,100000.0,1.4142,0.9888550018318936,0.4253559981681066,0.4301500193457257
2023-04-03,51541.2814,141349.2814,89808.0,1.413493,100000.0,1.4142,0.9985318248595584,0.4149611751404418,0.4155713066018756
2023-04-04,51541.2814,142175.2814,90634.0,1.421753,100000.0,1.4135,1.0015923274185086,0.4201606725814915,0.4194927028488808
2023-04-06,51541.2814,144651.2814,93110.0,1.446513,100000.0,1.4218,1.0000141337335828,0.4464988662664171,0.4464925556595887
2023-04-07,51541.2814,144267.2814,92726.0,1.442673,100000.0,1.4465,1.0065170914065171,0.4361559085934829,0.4333318453479953
2023-04-10,51541.2814,144673.2814,93132.0,1.446733,100000.0,1.4427,1.0020089186055865,0.4447240813944138,0.4438324581115505
2023-04-11,51541.2814,147247.2814,95706.0,1.472473,100000.0,1.4467,1.000870432939694,0.4716025670603059,0.4711924256520841
2023-04-12,51541.2814,147431.2814,95890.0,1.474313,100000.0,1.4725,1.000172216736484,0.474140783263516,0.474059142345121
2023-04-13,51541.2814,145773.2814,94232.0,1.457733,100000.0,1.4743,0.9932618218489996,0.4644711781510002,0.4676220991625019
2023-04-14,51541.2814,147665.2814,96124.0,1.476653,100000.0,1.4577,0.9988811892723938,0.4777718107276062,0.4783069456695099
2023-04-17,51541.2814,148735.2814,97194.0,1.487353,100000.0,1.4767,1.0128891594776048,0.4744638405223951,0.4684262202658964
2023-04-18,51541.2814,149633.2814,98092.0,1.496333,100000.0,1.4874,1.0159767089740497,0.4803562910259502,0.4728024636618118
2023-04-19,51541.2814,149225.2814,97684.0,1.492253,100000.0,1.4963,1.0068293028961877,0.4854236971038124,0.4821310779369157
2023-04-20,51541.2814,148815.2814,97274.0,1.488153,100000.0,1.4923,1.004012393648842,0.4841406063511579,0.4822058068343808
2023-04-21,51541.2814,147523.2814,95982.0,1.475233,100000.0,1.4882,0.984373583041336,0.4908594169586641,0.4986515540594833
2023-04-24,51541.2814,145387.2814,93846.0,1.453873,100000.0,1.4752,0.9721867651572272,0.4816862348427728,0.4954667684299034
2023-04-25,51541.2814,146605.2814,95064.0,1.466053,100000.0,1.4539,0.9673102365017904,0.4987427634982098,0.5155975246389184
2023-04-26,51541.2814,144667.2814,93126.0,1.446673,100000.0,1.4661,0.9664720987771734,0.4802009012228266,0.4968595594538112
2023-04-27,51541.2814,146065.2814,94524.0,1.460653,100000.0,1.4467,0.9735966233900208,0.4870563766099791,0.5002650634860155
2023-04-28,51541.2814,145719.2814,94178.0,1.457193,100000.0,1.4607,0.9835237526424772,0.4736692473575227,0.4816042785798455
2023-05-04,10203.1384,145803.1384,135600.0,1.458031,100000.0,1.4572,0.9838072328637084,0.4742237671362915,0.4820291529631273
2023-05-05,10203.1384,143941.1384,133738.0,1.439411,100000.0,1.458,0.9805436097570216,0.4588673902429785,0.4679724447510149
2023-05-08,10203.1384,145061.1384,134858.0,1.450611,100000.0,1.4394,0.9917199999482496,0.4588910000517505,0.4627223410596708
2023-05-09,10203.1384,144602.1384,134399.0,1.446021,100000.0,1.4506,0.9832282868198832,0.4627927131801167,0.4706869395274988
2023-05-10,10203.1384,143390.1384,133187.0,1.433901,100000.0,1.446,0.9756595626388154,0.4582414373611847,0.4696734956625681
2023-05-11,10203.1384,144323.1384,134120.0,1.443231,100000.0,1.4339,0.9741446900331864,0.4690863099668134,0.4815365877022159
2023-05-12,10203.1384,143986.1384,133783.0,1.439861,100000.0,1.4432,0.9612311199621754,0.4786298800378247,0.4979342325669387
2023-05-15,10203.1384,146743.1384,136540.0,1.467431,100000.0,1.4399,0.9761520951819812,0.4912789048180187,0.5032811046996022
2023-05-16,10203.1384,145259.1384,135056.0,1.452591,100000.0,1.4674,0.9711035450748076,0.4814874549251923,0.4958147433063913
2023-05-17,10203.1384,143795.1384,133592.0,1.437951,100000.0,1.4526,0.9666997763818772,0.4712512236181229,0.4874845687684981
2023-05-18,10203.1384,144127.1384,133924.0,1.441271,100000.0,1.438,0.9657001869924688,0.4755708130075311,0.4924621734708641
2023-05-19,10203.1384,143597.1384,133394.0,1.435971,100000.0,1.4413,0.9628856943938708,0.4730853056061294,0.4913203180403807
2023-05-22,10203.1384,145490.1384,135287.0,1.454901,100000.0,1.436,0.9689364458239468,0.4859645541760531,0.5015443027977002
2023-05-23,10203.1384,143267.1384,133064.0,1.432671,100000.0,1.4549,0.9552324607384288,0.4774385392615711,0.4998139812925684
2023-05-24,53027.3944,139326.3944,86299.0,1.393264,100000.0,1.4327,0.9420276234668896,0.4512363765331103,0.4790054615091341
2023-05-25,53027.3944,139417.3944,86390.0,1.394174,100000.0,1.3933,0.939929801480117,0.454244198519883,0.4832745996611451
2023-05-26,53027.3944,139155.3944,86128.0,1.391554,100000.0,1.3942,0.940040015309348,0.4515139846906519,0.4803135795682782
2023-05-29,53027.3944,139528.3944,86501.0,1.395284,100000.0,1.3916,0.9358878954238464,0.4593961045761536,0.490866595051004
2023-05-30,53027.3944,139194.3944,86167.0,1.391944,100000.0,1.3953,0.93681830519154,0.45512569480846,0.4858206679847121
2023-05-31,53027.3944,137898.3944,84871.0,1.378984,100000.0,1.3919,0.9272469847485786,0.4517370152514214,0.4871808942834246
2023-06-01,137874.949,137874.949,0.0,1.378749,100000.0,1.379,0.929279044596714,0.449469955403286,0.4836759830286992
2023-06-02,137874.949,137874.949,0.0,1.378749,100000.0,1.3787,0.9426965225474182,0.4360524774525818,0.4625586994574366
2023-06-05,137874.949,137874.949,0.0,1.378749,100000.0,1.3787,0.9384040417498284,0.4403449582501716,0.4692487869394368
2023-06-06,137874.949,137874.949,0.0,1.378749,100000.0,1.3787,0.9295951617813296,0.4491538382186703,0.4831714456839282
2023-06-07,137874.949,137874.949,0.0,1.378749,100000.0,1.3787,0.9250008195856736,0.4537481804143264,0.4905381387851844
2023-06-08,137874.949,137874.949,0.0,1.378749,100000.0,1.3787,0.9325302427113568,0.4462187572886431,0.4785032558206905
2023-06-09,137874.949,137874.949,0.0,1.378749,100000.0,1.3787,0.9365618719078032,0.4421871280921967,0.4721387250064419
2023-06-12,137874.949,137874.949,0.0,1.378749,100000.0,1.3787,0.9384487619569496,0.4403002380430505,0.4691787723443648
2023-06-13,137874.949,137874.949,0.0,1.378749,100000.0,1.3787,0.943446830956958,0.4353021690430421,0.4613955495525974
2023-06-14,137874.949,137874.949,0.0,1.378749,100000.0,1.3787,0.9432313586489576,0.4355176413510424,0.461729391583056
2023-06-15,137874.949,137874.949,0.0,1.378749,100000.0,1.3787,0.9582376977139064,0.4205113022860935,0.4388381956682761
2023-06-16,137874.949,137874.949,0.0,1.378749,100000.0,1.3787,0.9674774734772188,0.4112715265227811,0.4250967467434943
2023-06-19,137874.949,137874.949,0.0,1.378749,100000.0,1.3787,0.9595579446583044,0.4191910553416956,0.4368585114377519
2023-06-20,137874.949,137874.949,0.0,1.378749,100000.0,1.3787,0.9579297092568948,0.4208192907431051,0.4393008032599299
2023-06-21,137874.949,137874.949,0.0,1.378749,100000.0,1.3787,0.9432332138540566,0.4355157861459434,0.4617265165699831
2023-06-26,137874.949,137874.949,0.0,1.378749,100000.0,1.3787,0.929969449410034,0.4487795505899661,0.4825745091676598
2023-06-27,137874.949,137874.949,0.0,1.378749,100000.0,1.3787,0.9386931119969498,0.4400558880030502,0.4687963322399238
2023-06-28,137874.949,137874.949,0.0,1.378749,100000.0,1.3787,0.9375617298137392,0.4411872701862609,0.4705687702013066
2023-06-29,137874.949,137874.949,0.0,1.378749,100000.0,1.3787,0.932934677422918,0.445814322577082,0.477862312727588
2023-06-30,137874.949,137874.949,0.0,1.378749,100000.0,1.3787,0.9379652369227508,0.4407837630772492,0.4699361401957282
2023-07-03,137874.949,137874.949,0.0,1.378749,100000.0,1.3787,0.950275621230684,0.428473378769316,0.4508937924919174
2023-07-04,137874.949,137874.949,0.0,1.378749,100000.0,1.3787,0.9517722835336316,0.4269767164663683,0.4486122614131376
2023-07-05,137874.949,137874.949,0.0,1.378749,100000.0,1.3787,0.9443983558879488,0.4343506441120512,0.4599231260876806
2023-07-06,137874.949,137874.949,0.0,1.378749,100000.0,1.3787,0.9380392254313664,0.4407097745686337,0.4698201979410499
2023-07-07,137874.949,137874.949,0.0,1.378749,100000.0,1.3787,0.933875779030524,0.4448732209694759,0.4763730155110224
2023-07-10,137874.949,137874.949,0.0,1.378749,100000.0,1.3787,0.9384230087809056,0.4403259912190944,0.4692190910697265
2023-07-11,137874.949,137874.949,0.0,1.378749,100000.0,1.3787,0.9445645187972675,0.4341844812027323,0.4596663039551685
2023-07-12,137874.949,137874.949,0.0,1.378749,100000.0,1.3787,0.9382057544995864,0.4405432455004135,0.4695593086991749
2023-07-13,137874.949,137874.949,0.0,1.378749,100000.0,1.3787,0.9516281633901588,0.4271208366098412,0.4488316477396283
2023-07-14,137874.949,137874.949,0.0,1.378749,100000.0,1.3787,0.951794106604137,0.426954893395863,0.4485790471209956
2023-07-17,137874.949,137874.949,0.0,1.378749,100000.0,1.3787,0.9440003411624532,0.4347486588375466,0.4605386670752596
2023-07-18,137874.949,137874.949,0.0,1.378749,100000.0,1.3787,0.9410135585955912,0.4377354414044089,0.4651744253905374
2023-07-19,137874.949,137874.949,0.0,1.378749,100000.0,1.3787,0.9400193151261388,0.4387296848738611,0.4667241170624128
2023-07-20,137874.949,137874.949,0.0,1.378749,100000.0,1.3787,0.933386541917468,0.4453624580825319,0.4771468604717805
2023-07-21,137874.949,137874.949,0.0,1.378749,100000.0,1.3787,0.9329509104675332,0.4457980895324668,0.4778365984005122
2023-07-24,137874.949,137874.949,0.0,1.378749,100000.0,1.3787,0.9288770265338998,0.4498719734661002,0.4843181181310891
2023-07-25,137874.949,137874.949,0.0,1.378749,100000.0,1.3787,0.9557028772839676,0.4230461227160322,0.4426544408009902
2023-07-26,137874.949,137874.949,0.0,1.378749,100000.0,1.3787,0.9537250089531952,0.4250239910468049,0.4456462681138136
2023-07-27,137874.949,137874.949,0.0,1.378749,100000.0,1.3787,0.9525857665589076,0.4261632334410925,0.4473751848933791
2023-07-28,137874.949,137874.949,0.0,1.378749,100000.0,1.3787,0.9746509413298464,0.4040980586701536,0.4146079806979805
2023-07-31,137874.949,137874.949,0.0,1.378749,100000.0,1.3787,0.979995030491394,0.3987539695086061,0.4068938689501935
2023-08-01,51447.8626,137805.8626,86358.0,1.378059,100000.0,1.3787,0.9759357685032112,0.4021232314967887,0.4120386243384886
2023-08-02,51447.8626,136007.8626,84560.0,1.360079,100000.0,1.3781,0.9690749271203422,0.3910040728796579,0.4034817762147116
2023-08-03,51447.8626,136379.8626,84932.0,1.363799,100000.0,1.3601,0.977640335830203,0.3861586641697969,0.3949905195368954
2023-08-04,51447.8626,136993.8626,85546.0,1.369939,100000.0,1.3638,0.981447241103748,0.388491758896252,0.3958356013710418
2023-08-07,51447.8626,136537.8626,85090.0,1.365379,100000.0,1.3699,0.9740200495432518,0.391358950456748,0.401797633057213
2023-08-08,51447.8626,136729.8626,85282.0,1.367299,100000.0,1.3654,0.9714762460149398,0.3958227539850603,0.4074446036212944
2023-08-09,51447.8626,136029.8626,84582.0,1.360299,100000.0,1.3673,0.9685062091151544,0.3917927908848454,0.4045330708233607
2023-08-10,51447.8626,135697.8626,84250.0,1.356979,100000.0,1.3603,0.9704960142261028,0.386482985773897,0.3982324297149102
2023-08-11,93892.6126,133672.6126,39780.0,1.336726,100000.0,1.357,0.9481694019997788,0.3885565980002212,0.4097966008824147
2023-08-14,93892.6126,132844.6126,38952.0,1.328446,100000.0,1.3367,0.9412495602126462,0.3871964397873538,0.4113642716601948
2023-08-15,93892.6126,132724.6126,38832.0,1.327246,100000.0,1.3284,0.9389621899680708,0.3882838100319291,0.4135244360000616
2023-08-16,132206.7394,132206.7394,0.0,1.322067,100000.0,1.3272,0.9320779388261248,0.3899890611738752,0.418408209151516
2023-08-17,132206.7394,132206.7394,0.0,1.322067,100000.0,1.3221,0.9351944392863502,0.3868725607136499,0.4136814168921638
2023-08-18,132206.7394,132206.7394,0.0,1.322067,100000.0,1.3221,0.9236977821096272,0.3983692178903729,0.4312765772594367
2023-08-21,132206.7394,132206.7394,0.0,1.322067,100000.0,1.3221,0.9104065069268352,0.411660493073165,0.4521721779678009
2023-08-22,132206.7394,132206.7394,0.0,1.322067,100000.0,1.3221,0.917405536678979,0.4046614633210211,0.4410933302036757
2023-08-23,132206.7394,132206.7394,0.0,1.322067,100000.0,1.3221,0.9023702710608432,0.4196967289391569,0.465104782813549
2023-08-24,132206.7394,132206.7394,0.0,1.322067,100000.0,1.3221,0.9089111872065248,0.4131558127934753,0.4545612581392919
2023-08-25,132206.7394,132206.7394,0.0,1.322067,100000.0,1.3221,0.9054259403222992,0.416641059677701,0.4601602860300113
2023-08-28,132206.7394,132206.7394,0.0,1.322067,100000.0,1.3221,0.916036663832515,0.4060303361674851,0.4432468177296911
2023-08-29,132206.7394,132206.7394,0.0,1.322067,100000.0,1.3221,0.9251875362146404,0.3968794637853596,0.4289719092079131
2023-08-30,132206.7394,132206.7394,0.0,1.322067,100000.0,1.3221,0.9247976990379364,0.3972693009620636,0.4295742748661046
2023-08-31,132206.7394,132206.7394,0.0,1.322067,100000.0,1.3221,0.9191242133289598,0.4029427866710403,0.4383986199336747
2023-09-01,132206.7394,132206.7394,0.0,1.322067,100000.0,1.3221,0.9255255008803552,0.3965414991196448,0.4284501061747694
2023-09-04,132206.7394,132206.7394,0.0,1.322067,100000.0,1.3221,0.939551949904775,0.3825150500952251,0.4071249600769746
2023-09-05,132206.7394,132206.7394,0.0,1.322067,100000.0,1.3221,0.9325621473569388,0.3895048526430613,0.4176717377463725
2023-09-06,132206.7394,132206.7394,0.0,1.322067,100000.0,1.3221,0.9305387288588692,0.3915282711411307,0.4207544070962705
2023-09-07,132206.7394,132206.7394,0.0,1.322067,100000.0,1.3221,0.917466001718847,0.4046009982811531,0.4409983558226076
2023-09-08,132206.7394,132206.7394,0.0,1.322067,100000.0,1.3221,0.9129544114348392,0.4091125885651608,0.4481194060086544
2023-09-11,132206.7394,132206.7394,0.0,1.322067,100000.0,1.3221,0.919678138514543,0.402388861485457,0.4375322676859454
2023-09-12,132206.7394,132206.7394,0.0,1.322067,100000.0,1.3221,0.9179859473584084,0.4040810526415918,0.4401821768670571
2023-09-13,132206.7394,132206.7394,0.0,1.322067,100000.0,1.3221,0.91213875586675,0.4099282441332501,0.4494143478682915
2023-09-14,132206.7394,132206.7394,0.0,1.322067,100000.0,1.3221,0.9113713844524188,0.4106956155475811,0.4506347495147
2023-09-15,132206.7394,132206.7394,0.0,1.322067,100000.0,1.3221,0.9053343761864304,0.4167326238135695,0.4603079644108798
2023-09-18,132206.7394,132206.7394,0.0,1.322067,100000.0,1.3221,0.9099563755844164,0.4121106244155836,0.4528905291211427
2023-09-19,132206.7394,132206.7394,0.0,1.322067,100000.0,1.3221,0.9081966403163256,0.4138703596836744,0.4557056713395495
2023-09-20,132206.7394,132206.7394,0.0,1.322067,100000.0,1.3221,0.9045808699891548,0.4174861300108454,0.4615243853386495
2023-09-21,132206.7394,132206.7394,0.0,1.322067,100000.0,1.3221,0.8964655682111189,0.4256014317888812,0.4747549118235086
2023-09-22,132206.7394,132206.7394,0.0,1.322067,100000.0,1.3221,0.912695659144729,0.409371340855271,0.4485299527324209
2023-09-25,132206.7394,132206.7394,0.0,1.322067,100000.0,1.3221,0.9067568058748288,0.4153101941251712,0.4580171788448663
2023-09-26,132206.7394,132206.7394,0.0,1.322067,100000.0,1.3221,0.9014570463509076,0.4206099536490925,0.466589013144574
2023-09-27,132206.7394,132206.7394,0.0,1.322067,100000.0,1.3221,0.9033127884828668,0.4187542115171334,0.4635760910907065
2023-09-28,132206.7394,132206.7394,0.0,1.322067,100000.0,1.3221,0.9006330423598731,0.421433957640127,0.4679308195665015
2023-10-09,132206.7394,132206.7394,0.0,1.322067,100000.0,1.3221,0.8994637749356953,0.4226032250643048,0.4698390717230583
2023-10-10,132206.7394,132206.7394,0.0,1.322067,100000.0,1.3221,0.8927261338177497,0.4293408661822504,0.4809323373856786
2023-10-11,132206.7394,132206.7394,0.0,1.322067,100000.0,1.3221,0.8952703035049628,0.4267966964950372,0.4767238395199058
2023-10-12,132206.7394,132206.7394,0.0,1.322067,100000.0,1.3221,0.9037735140228236,0.4182934859771764,0.4628299894685925
2023-10-13,132206.7394,132206.7394,0.0,1.322067,100000.0,1.3221,0.8942602175603899,0.4278067824396102,0.4783918305196442
2023-10-16,132206.7394,132206.7394,0.0,1.322067,100000.0,1.3221,0.8852738969884184,0.4367931030115817,0.4933988277497987
2023-10-17,132206.7394,132206.7394,0.0,1.322067,100000.0,1.3221,0.8883995758317643,0.4336674241682358,0.4881445646371618
2023-10-18,132206.7394,132206.7394,0.0,1.322067,100000.0,1.3221,0.8813631978717084,0.4407038021282917,0.5000251918760519
2023-10-19,132206.7394,132206.7394,0.0,1.322067,100000.0,1.3221,0.8625591807375222,0.4595078192624778,0.5327261358108559
2023-10-20,132206.7394,132206.7394,0.0,1.322067,100000.0,1.3221,0.8569555825574687,0.4651114174425313,0.5427485705320558
2023-10-23,132206.7394,132206.7394,0.0,1.322067,100000.0,1.3221,0.8480835279732337,0.4739834720267664,0.558887723193376
2023-10-24,132206.7394,132206.7394,0.0,1.322067,100000.0,1.3221,0.8512291746819863,0.4708378253180137,0.5531269830993701
2023-10-25,132206.7394,132206.7394,0.0,1.322067,100000.0,1.3221,0.8554588958439278,0.4666081041560723,0.5454477198413534
2023-10-26,132206.7394,132206.7394,0.0,1.322067,100000.0,1.3221,0.8578235988484153,0.4642434011515848,0.5411874909652847
2023-10-27,132206.7394,132206.7394,0.0,1.322067,100000.0,1.3221,0.8695993423395563,0.4524676576604438,0.5203173871350133
2023-10-30,132206.7394,132206.7394,0.0,1.322067,100000.0,1.3221,0.8748199627196531,0.447247037280347,0.5112446632904202
2023-10-31,132206.7394,132206.7394,0.0,1.322067,100000.0,1.3221,0.8720698164452747,0.4499971835547254,0.5160105017612018
2023-11-01,132206.7394,132206.7394,0.0,1.322067,100000.0,1.3221,0.8717088325899773,0.4503581674100227,0.5166382977581416
2023-11-02,132206.7394,132206.7394,0.0,1.322067,100000.0,1.3221,0.8675986012827616,0.4544683987172385,0.5238233418602773
2023-11-03,132206.7394,132206.7394,0.0,1.322067,100000.0,1.3221,0.8749089637432136,0.4471580362567865,0.5110909303565299
2023-11-06,132206.7394,132206.7394,0.0,1.322067,100000.0,1.3221,0.8867412665792779,0.4353257334207222,0.4909275679703608
2023-11-07,132206.7394,132206.7394,0.0,1.322067,100000.0,1.3221,0.8836047250218659,0.4384622749781341,0.4962199302038408
2023-11-08,132206.7394,132206.7394,0.0,1.322067,100000.0,1.3221,0.8814841767726315,0.4405828232273686,0.4998193215906266
2023-11-09,132206.7394,132206.7394,0.0,1.322067,100000.0,1.3221,0.8819123385809838,0.4401546614190162,0.4990911705887171
2023-11-10,132206.7394,132206.7394,0.0,1.322067,100000.0,1.3221,0.8754833205954783,0.4465836794045218,0.5100995860215458
2023-11-13,132206.7394,132206.7394,0.0,1.322067,100000.0,1.3221,0.873756222290772,0.4483107777092281,0.5130845037462148
2023-11-14,132206.7394,132206.7394,0.0,1.322067,100000.0,1.3221,0.8744017116122237,0.4476652883877764,0.5119675344211876
2023-11-15,132206.7394,132206.7394,0.0,1.322067,100000.0,1.3221,0.880550007773553,0.4415169922264471,0.5014104688305108
2023-11-16,132206.7394,132206.7394,0.0,1.322067,100000.0,1.3221,0.8720352754556043,0.4500317245443958,0.5160705503676692
2023-11-17,132206.7394,132206.7394,0.0,1.322067,100000.0,1.3221,0.8709866940052289,0.4510803059947712,0.5178957486944837
2023-11-20,132206.7394,132206.7394,0.0,1.322067,100000.0,1.3221,0.8730017396697599,0.4490652603302402,0.5143921712001549
2023-11-21,132206.7394,132206.7394,0.0,1.322067,100000.0,1.3221,0.8741598026315641,0.447907197368436,0.5123859459335232
2023-11-22,132206.7394,132206.7394,0.0,1.322067,100000.0,1.3221,0.8652130272209115,0.4568539727790885,0.5280248429066265
2023-11-23,132206.7394,132206.7394,0.0,1.322067,100000.0,1.3221,0.8693882639383692,0.4526787360616309,0.5206865043369406
2023-11-24,132206.7394,132206.7394,0.0,1.322067,100000.0,1.3221,0.8636489184483814,0.4584180815516187,0.5307921676961116
2023-11-27,132206.7394,132206.7394,0.0,1.322067,100000.0,1.3221,0.8572859799392276,0.4647810200607725,0.5421539963755391
2023-11-28,132206.7394,132206.7394,0.0,1.322067,100000.0,1.3221,0.8588923922701315,0.4631746077298686,0.5392696592708845
2023-11-29,132206.7394,132206.7394,0.0,1.322067,100000.0,1.3221,0.851516511776976,0.4705504882230241,0.5526028934436775
2023-11-30,132206.7394,132206.7394,0.0,1.322067,100000.0,1.3221,0.8534438501793968,0.4686231498206032,0.5490966391310887
2023-12-01,132206.7394,132206.7394,0.0,1.322067,100000.0,1.3221,0.8501919929787319,0.4718750070212681,0.5550217020605044
2023-12-04,132206.7394,132206.7394,0.0,1.322067,100000.0,1.3221,0.8446402184884806,0.4774267815115195,0.5652427756351632
2023-12-05,132206.7394,132206.7394,0.0,1.322067,100000.0,1.3221,0.8285582998568486,0.4935087001431515,0.5956233861013955
2023-12-06,132206.7394,132206.7394,0.0,1.322067,100000.0,1.3221,0.8298620452401037,0.4922049547598964,0.5931166000217385
2023-12-07,132206.7394,132206.7394,0.0,1.322067,100000.0,1.3221,0.827832133524188,0.494234866475812,0.5970230514872508
2023-12-08,132206.7394,132206.7394,0.0,1.322067,100000.0,1.3221,0.8298287980118837,0.4922382019881164,0.5931804285021538
2023-12-11,132206.7394,132206.7394,0.0,1.322067,100000.0,1.3221,0.8347092079516722,0.4873577920483278,0.5838653598230639
2023-12-12,132206.7394,132206.7394,0.0,1.322067,100000.0,1.3221,0.8365029471763785,0.4855640528236216,0.5804690281877025
2023-12-13,132206.7394,132206.7394,0.0,1.322067,100000.0,1.3221,0.8225405759596514,0.4995264240403487,0.6072969998562749
2023-12-14,132206.7394,132206.7394,0.0,1.322067,100000.0,1.3221,0.8182342787661935,0.5038327212338066,0.6157560668241993
2023-12-15,132206.7394,132206.7394,0.0,1.322067,100000.0,1.3221,0.8156925989595077,0.5063744010404924,0.6207907264163244
2023-12-18,132206.7394,132206.7394,0.0,1.322067,100000.0,1.3221,0.8127179240469752,0.5093490759530249,0.6267230743684011
2023-12-19,132206.7394,132206.7394,0.0,1.322067,100000.0,1.3221,0.8138592413417025,0.5082077586582976,0.6244418356919834
2023-12-20,132206.7394,132206.7394,0.0,1.322067,100000.0,1.3221,0.804939854616852,0.5171271453831481,0.6424419693186871
2023-12-21,132206.7394,132206.7394,0.0,1.322067,100000.0,1.3221,0.8130850837824045,0.5089819162175956,0.6259885052248824
2023-12-22,132206.7394,132206.7394,0.0,1.322067,100000.0,1.3221,0.8146371825429786,0.5074298174570215,0.6228905681336865
2023-12-25,132206.7394,132206.7394,0.0,1.322067,100000.0,1.3221,0.8171326042751587,0.5049343957248414,0.6179344614118609
2023-12-26,132206.7394,132206.7394,0.0,1.322067,100000.0,1.3221,0.8116010173456546,0.5104659826543455,0.6289617333450706
2023-12-27,132206.7394,132206.7394,0.0,1.322067,100000.0,1.3221,0.8144245906850001,0.507642409315,0.6233141964537561
2023-12-28,132206.7394,132206.7394,0.0,1.322067,100000.0,1.3221,0.8335095493387031,0.4885574506612969,0.5861449950380446
2023-12-29,132206.7394,132206.7394,0.0,1.322067,100000.0,1.3221,0.837554287023809,0.4845127129761911,0.5784851447634201
2024-01-02,132206.7394,132206.7394,0.0,1.322067,100000.0,1.3221,0.8266286668586473,0.4954383331413527,0.5993481148241768
2024-01-03,132206.7394,132206.7394,0.0,1.322067,100000.0,1.3221,0.8246623691491495,0.4974046308508506,0.603161547633186
2024-01-04,132206.7394,132206.7394,0.0,1.322067,100000.0,1.3221,0.8170352304180596,0.5050317695819405,0.6181272860455802
2024-01-05,132206.7394,132206.7394,0.0,1.322067,100000.0,1.3221,0.8126558479079422,0.5094111520920579,0.6268473344570875
2024-01-08,132206.7394,132206.7394,0.0,1.322067,100000.0,1.3221,0.8021458669167155,0.5199211330832846,0.6481628273941682
2024-01-09,132206.7394,132206.7394,0.0,1.322067,100000.0,1.3221,0.8037186414499051,0.518348358550095,0.6449375836486717
2024-01-10,132206.7394,132206.7394,0.0,1.322067,100000.0,1.3221,0.7999666356009316,0.5221003643990685,0.6526526747042005
2024-01-11,132206.7394,132206.7394,0.0,1.322067,100000.0,1.3221,0.8044930187045437,0.5175739812954564,0.6433542234199789
2024-01-12,132206.7394,132206.7394,0.0,1.322067,100000.0,1.3221,0.8016845799331105,0.5203824200668896,0.6491111755078391
2024-01-15,132206.7394,132206.7394,0.0,1.322067,100000.0,1.3221,0.8008919191440101,0.52117508085599,0.6507433380187175
2024-01-16,132206.7394,132206.7394,0.0,1.322067,100000.0,1.3221,0.805763468038392,0.516303531961608,0.6407631425864144
2024-01-17,132206.7394,132206.7394,0.0,1.322067,100000.0,1.3221,0.7882380777868455,0.5338289222131546,0.6772432558853265
2024-01-18,132206.7394,132206.7394,0.0,1.322067,100000.0,1.3221,0.7993806837167987,0.5226863162832014,0.653864081194607
2024-01-19,132206.7394,132206.7394,0.0,1.322067,100000.0,1.3221,0.798171797899522,0.5238952021004781,0.6563689715411729
2024-01-22,132206.7394,132206.7394,0.0,1.322067,100000.0,1.3221,0.7857529817356765,0.5363140182643236,0.6825478626624377
2024-01-23,132206.7394,132206.7394,0.0,1.322067,100000.0,1.3221,0.7889339993942753,0.5331330006057248,0.6757637533875478
2024-01-24,132206.7394,132206.7394,0.0,1.322067,100000.0,1.3221,0.799961729071657,0.5221052709283431,0.6526628111750272
2024-01-25,132206.7394,132206.7394,0.0,1.322067,100000.0,1.3221,0.8160263405925636,0.5060406594074365,0.6201278491083648
2024-01-26,132206.7394,132206.7394,0.0,1.322067,100000.0,1.3221,0.8138055624468016,0.5082614375531985,0.624548984434379
2024-01-29,132206.7394,132206.7394,0.0,1.322067,100000.0,1.3221,0.8065163395602396,0.5155506604397605,0.6392315135498299
2024-01-30,132206.7394,132206.7394,0.0,1.322067,100000.0,1.3221,0.7921332029449623,0.5299337970550378,0.6689958141949743
2024-01-31,132206.7394,132206.7394,0.0,1.322067,100000.0,1.3221,0.7848864544909278,0.5371805455090723,0.6844054225110614
2024-02-01,132206.7394,132206.7394,0.0,1.322067,100000.0,1.3221,0.7854623247999837,0.5366046752000164,0.6831704822209794
2024-02-02,132206.7394,132206.7394,0.0,1.322067,100000.0,1.3221,0.7761659652811544,0.5459010347188457,0.7033302916356314
2024-02-05,132206.7394,132206.7394,0.0,1.322067,100000.0,1.3221,0.781241952895317,0.5408250471046832,0.6922631908083812
2024-02-06,132206.7394,132206.7394,0.0,1.322067,100000.0,1.3221,0.8084037178212535,0.5136632821787466,0.6354044035857871
2024-02-07,132206.7394,132206.7394,0.0,1.322067,100000.0,1.3221,0.816199997554058,0.5058670024459421,0.6197831462409895
2024-02-08,132206.7394,132206.7394,0.0,1.322067,100000.0,1.3221,0.821399307486111,0.5006676925138891,0.6095302101558624
2024-02-19,132206.7394,132206.7394,0.0,1.322067,100000.0,1.3221,0.830889682401336,0.4911773175986641,0.5911462472119324
2024-02-20,132206.7394,132206.7394,0.0,1.322067,100000.0,1.3221,0.8326097504551412,0.4894572495448589,0.5878591372216095
2024-02-21,132206.7394,132206.7394,0.0,1.322067,100000.0,1.3221,0.8438427976336659,0.4782242023663342,0.5667219104167123
2024-02-22,132206.7394,132206.7394,0.0,1.322067,100000.0,1.3221,0.851117984429019,0.4709490155709811,0.5533298839724576
2024-02-23,132206.7394,132206.7394,0.0,1.322067,100000.0,1.3221,0.8518666329182071,0.470200367081793,0.5519647664459466
2024-02-26,132206.7394,132206.7394,0.0,1.322067,100000.0,1.3221,0.8429853023084776,0.4790816976915225,0.5683155997851668
2024-02-27,132206.7394,132206.7394,0.0,1.322067,100000.0,1.3221,0.853098342640319,0.4689686573596811,0.5497240281914442
2024-02-28,132206.7394,132206.7394,0.0,1.322067,100000.0,1.3221,0.8422288912505861,0.479838108749414,0.5697241138770779
2024-02-29,132206.7394,132206.7394,0.0,1.322067,100000.0,1.3221,0.8582966273274489,0.4637703726725511,0.5403381044577005
2024-03-01,8248.6522,132107.6522,123859.0,1.321077,100000.0,1.3221,0.8635989011424909,0.4574780988575091,0.5297344615101898
2024-03-04,8248.6522,132179.6522,123931.0,1.321797,100000.0,1.3211,0.8643470370092174,0.4574499629907826,0.529243398084217
2024-03-05,8248.6522,134069.6522,125821.0,1.340697,100000.0,1.3218,0.8703631986284367,0.4703338013715633,0.5403879691980769
2024-03-06,8248.6522,134112.6522,125864.0,1.341127,100000.0,1.3407,0.8668319133650461,0.4742950866349539,0.547159235051393
2024-03-07,8248.6522,136339.6522,128091.0,1.363397,100000.0,1.3411,0.8616254755397186,0.5017715244602814,0.5823545597302282
2024-03-08,8248.6522,137082.6522,128834.0,1.370827,100000.0,1.3634,0.8653335423205601,0.5054934576794399,0.5841602491495486
2024-03-11,8248.6522,137400.6522,129152.0,1.374007,100000.0,1.3708,0.8761605192777656,0.4978464807222343,0.5682137802016209
2024-03-12,8248.6522,137171.6522,128923.0,1.371717,100000.0,1.374,0.8781696087575054,0.4935473912424947,0.5620183007025255
2024-03-13,8248.6522,138026.6522,129778.0,1.380267,100000.0,1.3717,0.8720345187272092,0.5082324812727907,0.5828123432712147
2024-03-14,8248.6522,141064.6522,132816.0,1.410647,100000.0,1.3803,0.8695597483570512,0.5410872516429488,0.6222542529886885
2024-03-15,8248.6522,143479.6522,135231.0,1.434797,100000.0,1.4106,0.87145647587534,0.5633405241246601,0.6464356393230184
2024-03-18,8248.6522,142210.6522,133962.0,1.422107,100000.0,1.4348,0.8796425683742551,0.5424644316257449,0.6166873354348019
2024-03-19,8248.6522,142715.6522,134467.0,1.427157,100000.0,1.4221,0.873320786125585,0.5538362138744151,0.6341727148525382
2024-03-20,8248.6522,142093.6522,133845.0,1.420937,100000.0,1.4272,0.8752134614853684,0.5457235385146315,0.6235319296717134
2024-03-21,8248.6522,141545.6522,133297.0,1.415457,100000.0,1.4209,0.8741653682468611,0.5412916317531389,0.6192096500444755
2024-03-22,8248.6522,141097.6522,132849.0,1.410977,100000.0,1.4155,0.865356097708868,0.5456209022911319,0.6305160427432446
2024-03-25,8248.6522,141872.6522,133624.0,1.418727,100000.0,1.411,0.8606597680539588,0.5580672319460412,0.6484179377965922
2024-03-26,8248.6522,142142.6522,133894.0,1.421427,100000.0,1.4187,0.8650495982980543,0.5563774017019457,0.6431739900192925
2024-03-27,8248.6522,142552.6522,134304.0,1.425527,100000.0,1.4214,0.8550509948281031,0.5704760051718969,0.6671836049808746
2024-03-28,8248.6522,144446.6522,136198.0,1.444467,100000.0,1.4255,0.859488401318748,0.5849785986812519,0.6806125571720287
2024-03-29,8248.6522,146657.6522,138409.0,1.466577,100000.0,1.4445,0.8635209092965571,0.6030560907034429,0.6983688341660488
2024-04-01,13382.8157,149057.8157,135675.0,1.490578,100000.0,1.4666,0.8777186718655045,0.6128593281344955,0.698241187955958
2024-04-02,13382.8157,149127.8157,135745.0,1.491278,100000.0,1.4906,0.8740642351583773,0.6172137648416228,0.7061423405910046
2024-04-03,13382.8157,150071.8157,136689.0,1.500718,100000.0,1.4913,0.870921908290328,0.629796091709672,0.723137270649213
2024-04-08,13382.8157,146659.8157,133277.0,1.466598,100000.0,1.5007,0.8632581048479413,0.6033398951520588,0.6989102005110444
2024-04-09,13382.8157,145855.8157,132473.0,1.458558,100000.0,1.4666,0.862545169056907,0.596012830943093,0.6909931819509971
2024-04-10,13382.8157,147037.8157,133655.0,1.470378,100000.0,1.4586,0.8555201664333786,0.6148578335666214,0.7186947282960416
2024-04-11,13382.8157,146775.8157,133393.0,1.467758,100000.0,1.4704,0.8554069256905652,0.6123510743094347,0.7158593833164106
2024-04-12,13382.8157,146538.8157,133156.0,1.465388,100000.0,1.4678,0.8484729013486632,0.6169150986513368,0.7270887469366893
2024-04-15,13382.8157,150540.8157,137158.0,1.505408,100000.0,1.4654,0.8663504876418805,0.6390575123581196,0.7376431611385945
2024-04-16,13382.8157,148329.8157,134947.0,1.483298,100000.0,1.5054,0.8570839090470075,0.6262140909529925,0.7306333537976237
2024-04-17,13382.8157,148602.8157,135220.0,1.486028,100000.0,1.4833,0.8703360296379752,0.6156919703620247,0.7074186858817368
2024-04-18,13382.8157,149551.8157,136169.0,1.495518,100000.0,1.486,0.8714098028207464,0.6241081971792535,0.7162051599133041
2024-04-19,13382.8157,148439.8157,135057.0,1.484398,100000.0,1.4955,0.8645406862467127,0.6198573137532875,0.7169787652728234
2024-04-22,64935.7097,146423.7097,81488.0,1.464237,100000.0,1.4844,0.8619147410715873,0.6023222589284127,0.6988188392967585
2024-04-23,64935.7097,147030.7097,82095.0,1.470307,100000.0,1.4642,0.8558903042612034,0.6144166957387966,0.7178685080083429
2024-04-24,64935.7097,147549.7097,82614.0,1.475497,100000.0,1.4703,0.859648803328023,0.6158481966719771,0.7163951072668253
2024-04-25,64935.7097,148269.7097,83334.0,1.482697,100000.0,1.4755,0.8617626142534772,0.6209343857465227,0.7205399439199647
2024-04-26,64935.7097,150306.7097,85371.0,1.503067,100000.0,1.4827,0.8749412345476977,0.6281257654523023,0.7179062326134542
2024-04-29,64935.7097,152386.7097,87451.0,1.523867,100000.0,1.5031,0.8846185213766374,0.6392484786233626,0.7226261526025572
2024-04-30,65941.3097,151590.3097,85649.0,1.515903,100000.0,1.5239,0.8798540373449368,0.6360489626550632,0.7229028175791701
2024-05-06,13766.0246,153701.0246,139935.0,1.53701,100000.0,1.5159,0.8929094085530471,0.6441005914469529,0.7213504363121372
2024-05-07,13766.0246,153730.0246,139964.0,1.5373,100000.0,1.537,0.8931854679538829,0.6441145320461172,0.7211430941903483
2024-05-08,13766.0246,152335.0246,138569.0,1.52335,100000.0,1.5373,0.8861590495159368,0.6371909504840632,0.7190480657305569
2024-05-09,13766.0246,154717.0246,140951.0,1.54717,100000.0,1.5234,0.894541085848127,0.652628914151873,0.7295684060538219
2024-05-10,13766.0246,154650.0246,140884.0,1.5465,100000.0,1.5472,0.894959996041578,0.6515400039584219,0.7280101980425868
2024-05-13,13766.0246,154807.0246,141041.0,1.54807,100000.0,1.5465,0.8945727463877753,0.6534972536122248,0.7305132603815652
2024-05-14,13766.0246,152632.0246,138866.0,1.52632,100000.0,1.5481,0.8927064832900578,0.6336135167099421,0.7097669038705399
2024-05-15,15866.0246,153346.0246,137480.0,1.53346,100000.0,1.5263,0.8851417624463085,0.6483182375536916,0.7324456545377585
2024-05-16,15866.0246,155088.0246,139222.0,1.55088,100000.0,1.5335,0.8886332828530397,0.6622467171469604,0.7452418561465037
2024-05-17,15866.0246,155677.0246,139811.0,1.55677,100000.0,1.5509,0.8978142046756488,0.6589557953243512,0.7339556356901378
2024-05-20,62404.4459,154026.4459,91622.0,1.540264,100000.0,1.5568,0.9009857998451928,0.6392782001548074,0.7095319374230407
2024-05-21,62404.4459,153452.4459,91048.0,1.534524,100000.0,1.5403,0.8973727390938897,0.6371512609061103,0.7100185164410782
2024-05-22,62404.4459,153866.4459,91462.0,1.538664,100000.0,1.5345,0.8993963528767065,0.6392676471232935,0.7107741154148612
2024-05-23,62404.4459,152972.4459,90568.0,1.529724,100000.0,1.5387,0.8889829646035898,0.6407410353964103,0.7207573833342531
2024-05-24,110977.2191,151173.2191,40196.0,1.511732,100000.0,1.5297,0.8791415165339904,0.6325904834660097,0.7195547833527343
2024-05-27,110977.2191,150979.2191,40002.0,1.509792,100000.0,1.5117,0.8874978729219168,0.6222941270780832,0.7011781617338404
2024-05-28,110977.2191,150537.2191,39560.0,1.505372,100000.0,1.5098,0.8810203999084991,0.6243516000915008,0.7086687211287555
2024-05-29,110977.2191,150735.2191,39758.0,1.507352,100000.0,1.5054,0.8820822363110945,0.6252697636889055,0.7088565418841335
2024-05-30,110977.2191,150847.2191,39870.0,1.508472,100000.0,1.5074,0.8773929124964931,0.6310790875035069,0.7192662244191872
2024-05-31,110977.2191,150529.2191,39552.0,1.505292,100000.0,1.5085,0.8738808627807068,0.6314111372192933,0.7225368629885431
2024-06-03,7072.1795,151309.1795,144237.0,1.513092,100000.0,1.5053,0.8760347559005346,0.6370572440994655,0.7272054445426561
2024-06-04,7072.1795,151763.1795,144691.0,1.517632,100000.0,1.5131,0.8826068443739964,0.6350251556260037,0.7194881386586185
2024-06-05,7072.1795,152946.1795,145874.0,1.529462,100000.0,1.5176,0.8775104495037459,0.6519515504962542,0.7429558825937048
2024-06-06,53706.476,151860.476,98154.0,1.518605,100000.0,1.5295,0.876888418762558,0.641716581237442,0.7318109892966949
2024-06-07,53706.476,151764.476,98058.0,1.517645,100000.0,1.5186,0.8724625096614076,0.6451824903385923,0.7394959476126717
2024-06-11,53706.476,153356.476,99650.0,1.533565,100000.0,1.5176,0.8648373237777901,0.66872767622221,0.7732409990136269
2024-06-12,53706.476,153370.476,99664.0,1.533705,100000.0,1.5336,0.8651413333080762,0.6685636666919239,0.7727797077218699
2024-06-13,53706.476,155964.476,102258.0,1.559645,100000.0,1.5337,0.8607494037529477,0.6988955962470522,0.8119617547218763
2024-06-14,53706.476,154536.476,100830.0,1.545365,100000.0,1.5596,0.8645092454024047,0.6808557545975954,0.7875633004719067
2024-06-17,53706.476,155350.476,101644.0,1.553505,100000.0,1.5454,0.8632070622971277,0.6902979377028722,0.7996898633635856
2024-06-18,53706.476,154874.476,101168.0,1.548745,100000.0,1.5535,0.8654996075875052,0.6832453924124948,0.7894231105626657
2024-06-19,53706.476,154978.476,101272.0,1.549785,100000.0,1.5487,0.8613885707307068,0.6883964292692931,0.7991706097114031
2024-06-20,53706.476,155018.476,101312.0,1.550185,100000.0,1.5498,0.8551718516760589,0.695013148323941,0.8127175221702849
2024-06-21,53706.476,154834.476,101128.0,1.548345,100000.0,1.5502,0.8533015364198359,0.6950434635801642,0.8145344100707133
2024-06-24,53706.476,155696.476,101990.0,1.556965,100000.0,1.5483,0.8487100014424214,0.7082549985575786,0.8345076614554641
2024-06-25,53706.476,156078.476,102372.0,1.560785,100000.0,1.557,0.8440944708516883,0.7166905291483118,0.8490643570087286
2024-06-26,53706.476,155820.476,102114.0,1.558205,100000.0,1.5608,0.8495532898022471,0.708651710197753,0.8341462727578959
2024-06-27,53706.476,155482.476,101776.0,1.554825,100000.0,1.5582,0.843170578712434,0.711654421287566,0.8440218850784618
2024-06-28,53706.476,155812.476,102106.0,1.558125,100000.0,1.5548,0.8450110154023273,0.7131139845976727,0.8439108740590138
2024-07-01,155997.3248,155997.3248,0.0,1.559973,100000.0,1.5581,0.8490450368369276,0.7109279631630725,0.8373265637493119
2024-07-02,155997.3248,155997.3248,0.0,1.559973,100000.0,1.56,0.8474834911767052,0.7124895088232949,0.8407119622283434
2024-07-03,155997.3248,155997.3248,0.0,1.559973,100000.0,1.56,0.8454399339390753,0.7145330660609247,0.8451612437228637
2024-07-04,155997.3248,155997.3248,0.0,1.559973,100000.0,1.56,0.8411433521617934,0.7188296478382067,0.8545863745944939
2024-07-05,155997.3248,155997.3248,0.0,1.559973,100000.0,1.56,0.8375422281906663,0.7224307718093338,0.8625604148581183
2024-07-08,155997.3248,155997.3248,0.0,1.559973,100000.0,1.56,0.8303898999119287,0.7295831000880714,0.8786030516091912
2024-07-09,155997.3248,155997.3248,0.0,1.559973,100000.0,1.56,0.8396783015773073,0.7202946984226928,0.8578222124707089
2024-07-10,155997.3248,155997.3248,0.0,1.559973,100000.0,1.56,0.8370308750799841,0.722942124920016,0.8636982773794741
2024-07-11,155997.3248,155997.3248,0.0,1.559973,100000.0,1.56,0.8466006332449674,0.7133723667550327,0.84263150621648
2024-07-12,155997.3248,155997.3248,0.0,1.559973,100000.0,1.56,0.8476337872003098,0.7123392127996903,0.8403855810803738
2024-07-15,155997.3248,155997.3248,0.0,1.559973,100000.0,1.56,0.8485724477485751,0.711400552251425,0.8383498122510418
2024-07-16,155997.3248,155997.3248,0.0,1.559973,100000.0,1.56,0.8539515661116612,0.7060214338883388,0.8267698800566643
2024-07-17,155997.3248,155997.3248,0.0,1.559973,100000.0,1.56,0.8547573353894207,0.7052156646105794,0.8250478064505744
2024-07-18,155997.3248,155997.3248,0.0,1.559973,100000.0,1.56,0.8594801505381761,0.700492849461824,0.815019228801503
2024-07-19,155997.3248,155997.3248,0.0,1.559973,100000.0,1.56,0.8638947087133924,0.6960782912866077,0.8057443624388956
2024-07-22,155997.3248,155997.3248,0.0,1.559973,100000.0,1.56,0.85801402588758,0.70195897411242,0.8181206284900442
2024-07-23,155997.3248,155997.3248,0.0,1.559973,100000.0,1.56,0.8396946078537024,0.7202783921462976,0.8577861348751088
2024-07-24,155997.3248,155997.3248,0.0,1.559973,100000.0,1.56,0.8343946774556273,0.7255783225443727,0.8695864704661405
2024-07-25,155997.3248,155997.3248,0.0,1.559973,100000.0,1.56,0.8297823690632239,0.7301906309367762,0.8799784837090705
2024-07-26,155997.3248,155997.3248,0.0,1.559973,100000.0,1.56,0.8322286766814698,0.7277443233185302,0.8744523515104368
2024-07-29,155997.3248,155997.3248,0.0,1.559973,100000.0,1.56,0.8277002430880116,0.7322727569119885,0.8847076740970872
2024-07-30,155997.3248,155997.3248,0.0,1.559973,100000.0,1.56,0.8224861647469476,0.7374868352530525,0.8966556118058877
2024-07-31,155997.3248,155997.3248,0.0,1.559973,100000.0,1.56,0.8402332275972197,0.7197397724027803,0.8565952270906858
2024-08-01,155997.3248,155997.3248,0.0,1.559973,100000.0,1.56,0.8346632672148804,0.7253097327851197,0.8689848484711042
2024-08-02,155997.3248,155997.3248,0.0,1.559973,100000.0,1.56,0.8261501459960966,0.7338228540039035,0.8882439318813249
2024-08-05,155997.3248,155997.3248,0.0,1.559973,100000.0,1.56,0.8161243735356837,0.7438486264643164,0.9114402786939836
2024-08-06,155997.3248,155997.3248,0.0,1.559973,100000.0,1.56,0.8160409869486067,0.7439320130513933,0.9116355979044044
2024-08-07,155997.3248,155997.3248,0.0,1.559973,100000.0,1.56,0.8156772935174412,0.7442957064825588,0.9124879562025516
2024-08-08,155997.3248,155997.3248,0.0,1.559973,100000.0,1.56,0.8160307344993759,0.7439422655006241,0.9116596153170908
2024-08-09,155997.3248,155997.3248,0.0,1.559973,100000.0,1.56,0.8132700184380524,0.7467029815619477,0.9181489107345284
2024-08-12,155997.3248,155997.3248,0.0,1.559973,100000.0,1.56,0.8118632603506214,0.7481097396493787,0.9214725880393831
2024-08-13,155997.3248,155997.3248,0.0,1.559973,100000.0,1.56,0.8139444587232842,0.7460285412767158,0.9165595186272312
2024-08-14,155997.3248,155997.3248,0.0,1.559973,100000.0,1.56,0.8078048527332077,0.7521681472667924,0.931126056895835
2024-08-15,155997.3248,155997.3248,0.0,1.559973,100000.0,1.56,0.8157905586708478,0.7441824413291522,0.9122224245174332
2024-08-16,155997.3248,155997.3248,0.0,1.559973,100000.0,1.56,0.8166891126141461,0.7432838873858539,0.9101185211183618
2024-08-19,155997.3248,155997.3248,0.0,1.559973,100000.0,1.56,0.8194557360390738,0.7405172639609262,0.9036696326519048
2024-08-20,155997.3248,155997.3248,0.0,1.559973,100000.0,1.56,0.8135326764231076,0.7464403235768925,0.9175296152316796
2024-08-21,155997.3248,155997.3248,0.0,1.559973,100000.0,1.56,0.8108308143024876,0.7491421856975125,0.9239192350403672
2024-08-22,155997.3248,155997.3248,0.0,1.559973,100000.0,1.56,0.8087560847370774,0.7512169152629227,0.9288547306659702
2024-08-23,155997.3248,155997.3248,0.0,1.559973,100000.0,1.56,0.8121869448191932,0.7477860551808069,0.920706815039088
2024-08-26,155997.3248,155997.3248,0.0,1.559973,100000.0,1.56,0.8114625848704446,0.7485104151295554,0.9224213526111744
2024-08-27,155997.3248,155997.3248,0.0,1.559973,100000.0,1.56,0.806851594650085,0.753121405349915,0.9334075935941212
2024-08-28,155997.3248,155997.3248,0.0,1.559973,100000.0,1.56,0.8022530782429563,0.7577199217570437,0.944489890168516
2024-08-29,155997.3248,155997.3248,0.0,1.559973,100000.0,1.56,0.8001014308977218,0.7598715691022783,0.9497190478083444
2024-08-30,155997.3248,155997.3248,0.0,1.559973,100000.0,1.56,0.8107813340296521,0.7491916659703479,0.9240366477688896
2024-09-02,155997.3248,155997.3248,0.0,1.559973,100000.0,1.56,0.7970085598919142,0.7629644401080858,0.9572851265381076
2024-09-03,155997.3248,155997.3248,0.0,1.559973,100000.0,1.56,0.7990632483601374,0.7609097516398626,0.9522522193348592
2024-09-04,155997.3248,155997.3248,0.0,1.559973,100000.0,1.56,0.7938727506523044,0.7661002493476956,0.9650164320644729
2024-09-05,155997.3248,155997.3248,0.0,1.559973,100000.0,1.56,0.795238010730944,0.764734989269056,0.96164290306766
2024-09-06,155997.3248,155997.3248,0.0,1.559973,100000.0,1.56,0.7887906603897901,0.77118233961021,0.9776768138064936
2024-09-09,155997.3248,155997.3248,0.0,1.559973,100000.0,1.56,0.7794184327466532,0.7805545672533468,1.0014576695379014
2024-09-10,155997.3248,155997.3248,0.0,1.559973,100000.0,1.56,0.7801028081434016,0.7798701918565984,0.9997018132938698
2024-09-11,155997.3248,155997.3248,0.0,1.559973,100000.0,1.56,0.7777532152962328,0.7822197847037673,1.0057429134585232
2024-09-12,155997.3248,155997.3248,0.0,1.559973,100000.0,1.56,0.77441989994537,0.7855531000546301,1.014376180299661
2024-09-13,155997.3248,155997.3248,0.0,1.559973,100000.0,1.56,0.7711909398813205,0.7887820601186796,1.0228103305260126
2024-09-18,155997.3248,155997.3248,0.0,1.559973,100000.0,1.56,0.7740624068049298,0.7859105931950703,1.0153065002071937
2024-09-19,155997.3248,155997.3248,0.0,1.559973,100000.0,1.56,0.7801712798579071,0.7798017201420929,0.9995263095100329
2024-09-20,155997.3248,155997.3248,0.0,1.559973,100000.0,1.56,0.7813952270113158,0.7785777729886842,0.9963943291112644
2024-09-23,155997.3248,155997.3248,0.0,1.559973,100000.0,1.56,0.7842547327441559,0.7757182672558441,0.9891151877930756
2024-09-24,155997.3248,155997.3248,0.0,1.559973,100000.0,1.56,0.8182208773504118,0.7417521226495882,0.906542650257902
2024-09-25,155997.3248,155997.3248,0.0,1.559973,100000.0,1.56,0.8303343902225205,0.7296386097774795,0.8787286403757699
2024-09-26,155997.3248,155997.3248,0.0,1.559973,100000.0,1.56,0.8654337478064927,0.6945392521935073,0.8025331274102374
2024-09-27,155997.3248,155997.3248,0.0,1.559973,100000.0,1.56,0.9040914620019436,0.6558815379980566,0.7254592765932422
2024-09-30,155997.3248,155997.3248,0.0,1.559973,100000.0,1.56,0.9807821256651956,0.5791908743348045,0.5905397938833563
2024-10-08,26481.7952,155893.7952,129412.0,1.558938,100000.0,1.56,1.038938338377251,0.5199996616227489,0.5005106101243237
2024-10-09,96450.7172,141560.7172,45110.0,1.415607,100000.0,1.5589,0.96567914506095,0.4499278549390502,0.4659185788988458
2024-10-10,96450.7172,140520.7172,44070.0,1.405207,100000.0,1.4156,0.9758837495286594,0.4293232504713407,0.4399327795741028
2024-10-11,96450.7172,138570.7172,42120.0,1.385707,100000.0,1.4052,0.9488805314068988,0.4368264685931011,0.4603598178428441
2024-10-14,96450.7172,140000.7172,43550.0,1.400007,100000.0,1.3857,0.966987186708644,0.4330198132913558,0.4478030518328117
2024-10-15,96450.7172,138830.7172,42380.0,1.388307,100000.0,1.4,0.9412712368195892,0.4470357631804108,0.4749276783288056
2024-10-16,96450.7172,137868.7172,41418.0,1.378687,100000.0,1.3883,0.935313611803359,0.4433733881966409,0.4740371385612381
2024-10-17,96450.7172,137036.7172,40586.0,1.370367,100000.0,1.3787,0.9247273965289232,0.4456396034710765,0.4819145676269989
2024-10-18,96450.7172,139220.7172,42770.0,1.392207,100000.0,1.3704,0.9581729119990026,0.4340340880009974,0.4529809625858523
2024-10-21,96450.7172,141976.7172,45526.0,1.419767,100000.0,1.3922,0.9606050370624792,0.4591619629375206,0.4779924581091448
2024-10-22,96450.7172,144238.7172,47788.0,1.442387,100000.0,1.4198,0.9661164852524228,0.4762705147475772,0.4929742137907307
2024-10-23,96450.7172,147358.7172,50908.0,1.473587,100000.0,1.4424,0.9698838697752424,0.5037031302247574,0.5193437543625545
2024-10-24,96450.7172,144810.7172,48360.0,1.448107,100000.0,1.4736,0.9590515468980813,0.4890554531019189,0.5099365666878914
2024-10-25,96450.7172,149646.7172,53196.0,1.496467,100000.0,1.4481,0.96578584376473,0.5306811562352701,0.549481191572059
2024-10-28,96450.7172,148658.7172,52208.0,1.486587,100000.0,1.4965,0.9676742228600737,0.5189127771399265,0.5362473907863532
2024-10-29,96450.7172,146474.7172,50024.0,1.464747,100000.0,1.4866,0.9580301100275735,0.5067168899724265,0.5289154116020867
2024-10-30,96450.7172,146500.7172,50050.0,1.465007,100000.0,1.4647,0.9494375079166576,0.5155694920833422,0.5430262526858158
2024-10-31,96450.7172,147774.7172,51324.0,1.477747,100000.0,1.465,0.949825856047164,0.5279211439528361,0.5558083522276973
2024-11-01,26855.0852,145821.0852,118966.0,1.458211,100000.0,1.4777,0.94957703886857,0.5086339611314299,0.5356426496342752
2024-11-04,26855.0852,147627.0852,120772.0,1.476271,100000.0,1.4582,0.9629397882688566,0.5133312117311435,0.5330875491747977
2024-11-05,26855.0852,151032.0852,124177.0,1.510321,100000.0,1.4763,0.9873041480115796,0.5230168519884204,0.5297423828733738
2024-11-06,26855.0852,148443.0852,121588.0,1.484431,100000.0,1.5103,0.9823513850729338,0.5020796149270662,0.5110998188186906
2024-11-07,26855.0852,151675.0852,124820.0,1.516751,100000.0,1.4844,1.011988799150391,0.5047622008496089,0.4987823988500455
2024-11-08,26855.0852,149899.0852,123044.0,1.498991,100000.0,1.5168,1.0018222263872087,0.4971687736127912,0.4962644674052512
2024-11-11,26855.0852,152377.0852,125522.0,1.523771,100000.0,1.499,1.0084336403266487,0.5153373596733513,0.5110275372273625
2024-11-12,72403.7948,151965.7948,79562.0,1.519658,100000.0,1.5238,0.9973541113700584,0.5223038886299416,0.523689512757366
2024-11-13,72403.7948,152811.7948,80408.0,1.528118,100000.0,1.5197,1.003492667704618,0.524625332295382,0.5227993678273766
2024-11-14,122232.9326,149732.9326,27500.0,1.497329,100000.0,1.5281,0.9860949936777752,0.5112340063222247,0.5184429589440547
2024-11-15,122232.9326,148788.9326,26556.0,1.487889,100000.0,1.4973,0.9688151495853062,0.5190738504146938,0.535782136186536
2024-11-18,122232.9326,148524.9326,26292.0,1.485249,100000.0,1.4879,0.9643113462805952,0.5209376537194048,0.5402172812014414
2024-11-19,122232.9326,149104.9326,26872.0,1.491049,100000.0,1.4852,0.9707827410562546,0.5202662589437455,0.5359245039499494
2024-11-20,122232.9326,148987.9326,26755.0,1.489879,100000.0,1.491,0.9729507679096648,0.5169282320903351,0.5312994748962778
2024-11-21,122232.9326,149058.9326,26826.0,1.490589,100000.0,1.4899,0.9738112901484356,0.5167777098515643,0.5306754143020802
2024-11-22,122232.9326,148142.9326,25910.0,1.481429,100000.0,1.4906,0.9436400408037686,0.5377889591962315,0.5699090076107374
2024-11-25,122232.9326,148642.9326,26410.0,1.486429,100000.0,1.4814,0.9393418235167283,0.5470871764832717,0.5824154347083947
2024-11-26,122232.9326,147904.9326,25672.0,1.479049,100000.0,1.4864,0.9374118731808128,0.5416371268191872,0.5778005829831359
2024-11-27,122232.9326,148222.9326,25990.0,1.482229,100000.0,1.479,0.9537327959324892,0.5284962040675107,0.554134456025271
2024-11-28,147669.8216,147669.8216,0.0,1.476698,100000.0,1.4822,0.9453125570216178,0.5313854429783823,0.5621267156892642
2024-11-29,147669.8216,147669.8216,0.0,1.476698,100000.0,1.4767,0.9560612003845812,0.5206367996154189,0.5445643013292347
2024-12-02,30199.9208,147575.9208,117376.0,1.475759,100000.0,1.4767,0.9636403967102204,0.5121186032897795,0.5314416093784624
2024-12-03,30199.9208,147995.9208,117796.0,1.479959,100000.0,1.4758,0.964680092704596,0.5152789072954042,0.5341448540217701
2024-12-04,30199.9208,148180.9208,117981.0,1.481809,100000.0,1.48,0.9594722390648506,0.5223367609351494,0.5444000771134814
2024-12-05,55766.6408,147385.6408,91619.0,1.473856,100000.0,1.4818,0.9572829261739896,0.5165730738260104,0.5396242424281172
2024-12-06,55766.6408,147604.6408,91838.0,1.476046,100000.0,1.4739,0.969867172929352,0.5061788270706481,0.5219053095093462
2024-12-09,55766.6408,147791.6408,92025.0,1.477916,100000.0,1.476,0.968263470174316,0.5096525298256839,0.526357283450889
2024-12-10,55766.6408,148130.6408,92364.0,1.481306,100000.0,1.4779,0.975358677664482,0.5059473223355179,0.51872950322954
2024-12-11,55766.6408,148475.6408,92709.0,1.484756,100000.0,1.4813,0.9736972682666332,0.5110587317333668,0.5248640911185349
2024-12-12,55766.6408,149592.6408,93826.0,1.495926,100000.0,1.4848,0.9833819270947816,0.5125440729052184,0.5212055039687726
2024-12-13,55766.6408,149002.6408,93236.0,1.490026,100000.0,1.4959,0.9601127730358407,0.5299132269641593,0.5519281087039323
2024-12-16,55766.6408,148919.6408,93153.0,1.489196,100000.0,1.49,0.954903747687612,0.534292252312388,0.5595247202728297
2024-12-17,55766.6408,148992.6408,93226.0,1.489926,100000.0,1.4892,0.9573916265464294,0.5325343734535707,0.5562346261315929
2024-12-18,55766.6408,149340.6408,93574.0,1.493406,100000.0,1.4899,0.9622387404368112,0.5311672595631887,0.5520119251507829
2024-12-19,55766.6408,148573.6408,92807.0,1.485736,100000.0,1.4934,0.9631110529921976,0.5226249470078025,0.5426424558041454
2024-12-20,55766.6408,148369.6408,92603.0,1.483696,100000.0,1.4857,0.958785642304102,0.5249103576958978,0.5474741532783713
2024-12-23,55766.6408,148770.6408,93004.0,1.487706,100000.0,1.4837,0.9602082184560606,0.5274977815439393,0.5493577032616055
2024-12-24,55766.6408,149487.6408,93721.0,1.494876,100000.0,1.4877,0.9724419290901036,0.5224340709098966,0.5372393510414846
2024-12-25,55766.6408,149333.6408,93567.0,1.493336,100000.0,1.4949,0.972915714297533,0.520420285702467,0.5349078836476828
2024-12-26,55766.6408,148357.6408,92591.0,1.483576,100000.0,1.4933,0.9733675543814898,0.5102084456185102,0.524168330166618
2024-12-27,55766.6408,148859.6408,93093.0,1.488596,100000.0,1.4836,0.9717932175703222,0.5168027824296778,0.5318032407365307
2024-12-30,55766.6408,148126.6408,92360.0,1.481266,100000.0,1.4886,0.976193031747121,0.505072968252879,0.5173904666671665
2024-12-31,55766.6408,148013.6408,92247.0,1.480136,100000.0,1.4813,0.9605351007123688,0.519600899287631,0.5409494134074595
2025-01-02,54908.5595,146312.5595,91404.0,1.463126,100000.0,1.4801,0.9325811387986068,0.5305448612013931,0.56889941167464
2025-01-03,54908.5595,146114.5595,91206.0,1.461146,100000.0,1.4631,0.921540129758412,0.539605870241588,0.5855478810055177
2025-01-06,54908.5595,146996.5595,92088.0,1.469966,100000.0,1.4611,0.9200278690862776,0.5499381309137226,0.5977407308975236
2025-01-07,54908.5595,147146.5595,92238.0,1.471466,100000.0,1.47,0.9266518788919152,0.5448141211080848,0.587938290007646
2025-01-08,54908.5595,148592.5595,93684.0,1.485926,100000.0,1.4715,0.9249699401850112,0.560956059814989,0.6064586917308765
2025-01-09,54908.5595,148946.5595,94038.0,1.489466,100000.0,1.4859,0.9226904789726996,0.5667755210273004,0.6142639746953216
2025-01-10,54908.5595,147506.5595,92598.0,1.475066,100000.0,1.4895,0.9111206632475368,0.5639453367524632,0.6189579048096381
2025-01-13,99430.6055,146314.6055,46884.0,1.463146,100000.0,1.4751,0.9086875129391372,0.554458487060863,0.6101750922794953
2025-01-14,99430.6055,147250.6055,47820.0,1.472506,100000.0,1.4631,0.9326163632848924,0.5398896367151077,0.5788978812397099
2025-01-15,99430.6055,148198.6055,48768.0,1.481986,100000.0,1.4725,0.9266324724701568,0.5553535275298431,0.5993244830384776
2025-01-16,99430.6055,148618.6055,49188.0,1.486186,100000.0,1.482,0.9276961884884446,0.5584898115115554,0.6020180080954509
2025-01-17,99430.6055,148282.6055,48852.0,1.482826,100000.0,1.4862,0.9306155245857244,0.5522104754142757,0.5933819722813021
2025-01-20,99430.6055,147574.6055,48144.0,1.475746,100000.0,1.4828,0.9348467347938632,0.5408992652061367,0.578596731501027
2025-01-21,99430.6055,147598.6055,48168.0,1.475986,100000.0,1.4757,0.9355639424387436,0.5404220575612563,0.5776431017131045
2025-01-22,99430.6055,146770.6055,47340.0,1.467706,100000.0,1.476,0.9268742838084432,0.5408317161915568,0.5835006166848515
2025-01-23,99430.6055,147226.6055,47796.0,1.472266,100000.0,1.4677,0.9285164576586876,0.5437495423413123,0.5856110980654137
2025-01-24,99430.6055,147742.6055,48312.0,1.477426,100000.0,1.4723,0.9356247736375132,0.5418012263624867,0.5790796071549891
2025-01-27,99430.6055,148210.6055,48780.0,1.482106,100000.0,1.4774,0.9317719276271768,0.5503340723728231,0.5906317372903558
2025-02-05,23326.7711,147369.7711,124043.0,1.473698,100000.0,1.4821,0.926402719965014,0.5472952800349861,0.5907746903589133
2025-02-06,23326.7711,149973.7711,126647.0,1.499738,100000.0,1.4737,0.9380579483565062,0.5616800516434938,0.5987690340746721
2025-02-07,23326.7711,152454.7711,129128.0,1.524548,100000.0,1.4997,0.950231853036703,0.574316146963297,0.6043958062739387
2025-02-10,23326.7711,153982.7711,130656.0,1.539828,100000.0,1.5245,0.9522723345395636,0.5875556654604364,0.6170038172373529
2025-02-11,23326.7711,155604.7711,132278.0,1.556048,100000.0,1.5398,0.94789634510193,0.6081516548980702,0.6415803352767164
2025-02-12,23326.7711,157017.7711,133691.0,1.570178,100000.0,1.556,0.9568615016894176,0.6133164983105823,0.6409668454919772
2025-02-13,23326.7711,156837.7711,133511.0,1.568378,100000.0,1.5702,0.9532677985386864,0.6151102014613138,0.6452648483503252
2025-02-14,23326.7711,159131.7711,135805.0,1.591318,100000.0,1.5684,0.9615353491877994,0.6297826508122006,0.6549760769005244
2025-02-17,23326.7711,156090.7711,132764.0,1.560908,100000.0,1.5913,0.9635833491534292,0.5973246508465707,0.6198993074873693
2025-02-18,23326.7711,156997.7711,133671.0,1.569978,100000.0,1.5609,0.955133524603349,0.6148444753966511,0.6437262011633251
2025-02-19,23326.7711,156967.7711,133641.0,1.569678,100000.0,1.57,0.9618164859920636,0.6078615140079363,0.6319932366109933
2025-02-20,23326.7711,157500.7711,134174.0,1.575008,100000.0,1.5697,0.95906680351896,0.6159411964810398,0.6422297114456044
2025-02-21,23326.7711,158257.7711,134931.0,1.582578,100000.0,1.575,0.971161788750673,0.611416211249327,0.6295719398472917
2025-02-24,69898.1495,157050.1495,87152.0,1.570501,100000.0,1.5826,0.9690314518534826,0.6014695481465173,0.6206914615579056
2025-02-25,69898.1495,156383.1495,86485.0,1.563831,100000.0,1.5705,0.9582745821205412,0.6055564178794588,0.6319236982571723
2025-02-26,69898.1495,156884.1495,86986.0,1.568841,100000.0,1.5638,0.9666451698844236,0.6021958301155764,0.6229750573186825
2025-02-27,69898.1495,158304.1495,88406.0,1.583041,100000.0,1.5688,0.9686406382530424,0.6144003617469577,0.6342913331150732
2025-02-28,69898.1495,156540.1495,86642.0,1.565401,100000.0,1.583,0.9495839714770976,0.6158170285229024,0.6485124507367013
2025-03-03,43549.2059,156252.2059,112703.0,1.562522,100000.0,1.5654,0.9491995290415366,0.6133224709584634,0.6461470451610649
2025-03-04,104254.1867,154801.1867,50547.0,1.548012,100000.0,1.5625,0.9484054524380188,0.5996065475619813,0.6322259599210471
2025-03-05,104254.1867,153728.1867,49474.0,1.537282,100000.0,1.548,0.9526406415728832,0.584641358427117,0.613706084869347
2025-03-06,104254.1867,153931.1867,49677.0,1.539312,100000.0,1.5373,0.9657409038622682,0.5735710961377318,0.5939181967377176
2025-03-07,104254.1867,154569.1867,50315.0,1.545692,100000.0,1.5393,0.9627572946725488,0.5829347053274513,0.6054845894735266
2025-03-10,104254.1867,154192.1867,49938.0,1.541922,100000.0,1.5457,0.9590438331505644,0.5828781668494355,0.6077701004912535
2025-03-11,104254.1867,154511.1867,50257.0,1.545112,100000.0,1.5419,0.962122960992284,0.5829890390077159,0.6059402619457819
2025-03-12,104254.1867,153641.1867,49387.0,1.536412,100000.0,1.5451,0.9586605136023,0.5777514863977,0.6026653629726737
2025-03-13,104254.1867,153003.1867,48749.0,1.530032,100000.0,1.5364,0.9548397187011068,0.5751922812988933,0.6023966850492377
2025-03-14,104254.1867,155062.1867,50808.0,1.550622,100000.0,1.53,0.9780242656433004,0.5725977343566997,0.5854637297573295
2025-03-17,104254.1867,155497.1867,51243.0,1.554972,100000.0,1.5506,0.9756395703628128,0.5793324296371873,0.5937975941481648
2025-03-18,104254.1867,156164.1867,51910.0,1.561642,100000.0,1.555,0.9783089419836084,0.5833330580163915,0.5962667139008582
2025-03-19,104254.1867,155468.1867,51214.0,1.554682,100000.0,1.5616,0.978905805402994,0.5757761945970058,0.5881834507662067
2025-03-20,104254.1867,154801.1867,50547.0,1.548012,100000.0,1.5547,0.9703190862450892,0.5776929137549107,0.5953638570487663
2025-03-21,104254.1867,153728.1867,49474.0,1.537282,100000.0,1.548,0.9556004260234376,0.5816815739765624,0.6087079475227188
2025-03-24,104254.1867,153699.1867,49445.0,1.536992,100000.0,1.5373,0.9605198929126768,0.5764721070873231,0.6001667548386023
2025-03-25,104254.1867,154047.1867,49793.0,1.540472,100000.0,1.537,0.9598965684100385,0.5805754315899616,0.6048312398403717
2025-03-26,104254.1867,154598.1867,50344.0,1.545982,100000.0,1.5405,0.956738203782121,0.5892437962178789,0.615888227195815
2025-03-27,153605.9459,153605.9459,0.0,1.536059,100000.0,1.546,0.9599250311619506,0.5761339688380495,0.6001864209548349
2025-03-28,153605.9459,153605.9459,0.0,1.536059,100000.0,1.5361,0.9557153022760092,0.5803436977239907,0.6072349122609195
2025-03-31,153605.9459,153605.9459,0.0,1.536059,100000.0,1.5361,0.9489143644893604,0.5871446355106397,0.6187540809613521
2025-04-01,153605.9459,153605.9459,0.0,1.536059,100000.0,1.5361,0.9490067585854044,0.5870522414145956,0.618596481114275
2025-04-02,153605.9459,153605.9459,0.0,1.536059,100000.0,1.5361,0.9482016239830736,0.5878573760169266,0.6199708597286904
2025-04-03,153605.9459,153605.9459,0.0,1.536059,100000.0,1.5361,0.9426158943573936,0.5934431056426064,0.6295704424198918
2025-04-07,153605.9459,153605.9459,0.0,1.536059,100000.0,1.5361,0.8762037504386865,0.6598552495613136,0.7530842560659501
2025-04-08,153605.9459,153605.9459,0.0,1.536059,100000.0,1.5361,0.8911719357461408,0.6448870642538592,0.7236393319701235
2025-04-09,153605.9459,153605.9459,0.0,1.536059,100000.0,1.5361,0.899968366312002,0.636090633687998,0.7067922134803986
2025-04-10,153605.9459,153605.9459,0.0,1.536059,100000.0,1.5361,0.9117637603308356,0.6242952396691646,0.6847116181088813
2025-04-11,153605.9459,153605.9459,0.0,1.536059,100000.0,1.5361,0.915523382284952,0.6205356177150482,0.6777933035050652
2025-04-14,153605.9459,153605.9459,0.0,1.536059,100000.0,1.5361,0.9176289180192412,0.618430081980759,0.6739435406151744
2025-04-15,153605.9459,153605.9459,0.0,1.536059,100000.0,1.5361,0.9181397340968684,0.6179192659031316,0.6730122256509792
2025-04-16,153605.9459,153605.9459,0.0,1.536059,100000.0,1.5361,0.9209678478065876,0.6150911521934125,0.6678747294580774
2025-04-17,153605.9459,153605.9459,0.0,1.536059,100000.0,1.5361,0.9208217992262356,0.6152372007737644,0.6681392656980392
2025-04-18,153605.9459,153605.9459,0.0,1.536059,100000.0,1.5361,0.9208952507017962,0.6151637492982038,0.6680062133336007
2025-04-21,153605.9459,153605.9459,0.0,1.536059,100000.0,1.5361,0.9239118141926146,0.6121471858073855,0.6625601885417245
2025-04-22,153605.9459,153605.9459,0.0,1.536059,100000.0,1.5361,0.9236851862434274,0.6123738137565726,0.6629681009035777
2025-04-23,153605.9459,153605.9459,0.0,1.536059,100000.0,1.5361,0.9244004654514284,0.6116585345485716,0.6616813355344533
2025-04-24,153605.9459,153605.9459,0.0,1.536059,100000.0,1.5361,0.9237840979679108,0.6122749020320891,0.662790043018642
2025-04-25,153605.9459,153605.9459,0.0,1.536059,100000.0,1.5361,0.92442763444189,0.61163136555811,0.6616324986080426
2025-04-28,153605.9459,153605.9459,0.0,1.536059,100000.0,1.5361,0.9231155894568768,0.6129434105431232,0.6639942143147575
2025-04-29,153605.9459,153605.9459,0.0,1.536059,100000.0,1.5361,0.9215186240256212,0.6145403759743787,0.666877868718248
2025-04-30,153605.9459,153605.9459,0.0,1.536059,100000.0,1.5361,0.9204186338655316,0.6156403661344686,0.6688699505668749
2025-05-06,153605.9459,153605.9459,0.0,1.536059,100000.0,1.5361,0.9296877999833056,0.6063712000166944,0.652230996284541
2025-05-07,153605.9459,153605.9459,0.0,1.536059,100000.0,1.5361,0.9353228878288538,0.6007361121711463,0.6422767153336995
2025-05-08,153605.9459,153605.9459,0.0,1.536059,100000.0,1.5361,0.9405148501722912,0.5955441498277089,0.6332107884512532
2025-05-09,153605.9459,153605.9459,0.0,1.536059,100000.0,1.5361,0.9388696494084642,0.5971893505915359,0.636072697597367
2025-05-12,153605.9459,153605.9459,0.0,1.536059,100000.0,1.5361,0.9497208904955156,0.5863381095044844,0.6173793957491693
2025-05-13,153605.9459,153605.9459,0.0,1.536059,100000.0,1.5361,0.9510997716852764,0.5849592283147237,0.6150345586543675
2025-05-14,153605.9459,153605.9459,0.0,1.536059,100000.0,1.5361,0.9625611555545268,0.5734978444454734,0.5958040599665422
2025-05-15,153605.9459,153605.9459,0.0,1.536059,100000.0,1.5361,0.9537705102993028,0.5822884897006971,0.610512155086415
2025-05-16,153605.9459,153605.9459,0.0,1.536059,100000.0,1.5361,0.949348824230812,0.5867101757691882,0.6180132747776421
2025-05-19,153605.9459,153605.9459,0.0,1.536059,100000.0,1.5361,0.9464341749674664,0.5896248250325338,0.6229961265428756
2025-05-20,153605.9459,153605.9459,0.0,1.536059,100000.0,1.5361,0.9515665510523984,0.5844924489476018,0.6142423231472083
2025-05-21,153605.9459,153605.9459,0.0,1.536059,100000.0,1.5361,0.9560117689329336,0.5800472310670666,0.606736496261437
2025-05-22,153605.9459,153605.9459,0.0,1.536059,100000.0,1.5361,0.955397696045196,0.580661303954804,0.6077692110399806
2025-05-23,153605.9459,153605.9459,0.0,1.536059,100000.0,1.5361,0.947686145482106,0.588372854517894,0.6208520165909754
2025-05-26,153605.9459,153605.9459,0.0,1.536059,100000.0,1.5361,0.9422749515992836,0.5937840484007165,0.6301600688768303
2025-05-27,153605.9459,153605.9459,0.0,1.536059,100000.0,1.5361,0.9372195665259564,0.5988394334740438,0.6389531918265376
2025-05-28,153605.9459,153605.9459,0.0,1.536059,100000.0,1.5361,0.9364481185425264,0.5996108814574738,0.6403033650072352
2025-05-29,153605.9459,153605.9459,0.0,1.536059,100000.0,1.5361,0.9419315189606456,0.5941274810393544,0.6307544328646437
2025-05-30,153605.9459,153605.9459,0.0,1.536059,100000.0,1.5361,0.9374234926232752,0.5986355073767248,0.6385966557137479
2025-06-03,153605.9459,153605.9459,0.0,1.536059,100000.0,1.5361,0.9402991581689504,0.5957598418310496,0.6335854250802222
2025-06-04,153605.9459,153605.9459,0.0,1.536059,100000.0,1.5361,0.9443830992670674,0.5916759007329326,0.626521060353717
2025-06-05,153605.9459,153605.9459,0.0,1.536059,100000.0,1.5361,0.9465343560428072,0.5895246439571928,0.6228243488401508
2025-06-06,153605.9459,153605.9459,0.0,1.536059,100000.0,1.5361,0.945662507288696,0.5903964927113041,0.6243205035208881
2025-06-09,153605.9459,153605.9459,0.0,1.536059,100000.0,1.5361,0.9484115794969644,0.5876474205030356,0.6196122371415189
2025-06-10,153605.9459,153605.9459,0.0,1.536059,100000.0,1.5361,0.9435829932469784,0.5924760067530218,0.6279002599593739
2025-06-11,153605.9459,153605.9459,0.0,1.536059,100000.0,1.5361,0.950701122284353,0.5853578777156471,0.6157117773345466
2025-06-12,153605.9459,153605.9459,0.0,1.536059,100000.0,1.5361,0.950108921288308,0.585950078711692,0.6167188472634992
2025-06-13,153605.9459,153605.9459,0.0,1.536059,100000.0,1.5361,0.9432698053335712,0.592789194666429,0.6284407613967875
2025-06-16,153605.9459,153605.9459,0.0,1.536059,100000.0,1.5361,0.9456163712671576,0.5904426287328426,0.6243997530855243
2025-06-17,153605.9459,153605.9459,0.0,1.536059,100000.0,1.5361,0.94478238334342,0.5912766166565802,0.6258336597726932
2025-06-18,153605.9459,153605.9459,0.0,1.536059,100000.0,1.5361,0.9459033666138394,0.5901556333861606,0.6239068960065228
2025-06-19,153605.9459,153605.9459,0.0,1.536059,100000.0,1.5361,0.9381213670781776,0.5979376329218224,0.6373776932340076
2025-06-20,153605.9459,153605.9459,0.0,1.536059,100000.0,1.5361,0.9389886998725088,0.5970703001274913,0.6358652667583311
2025-06-23,153605.9459,153605.9459,0.0,1.536059,100000.0,1.5361,0.941736673604074,0.5943223263959261,0.6310918360239963
2025-06-24,153605.9459,153605.9459,0.0,1.536059,100000.0,1.5361,0.9529979150179833,0.5830610849820168,0.6118177970735794
2025-06-25,153605.9459,153605.9459,0.0,1.536059,100000.0,1.5361,0.9666756587155892,0.5693833412844109,0.5890117705466424
2025-06-26,153605.9459,153605.9459,0.0,1.536059,100000.0,1.5361,0.9632467758915392,0.5728122241084609,0.5946681976467463
2025-06-27,153605.9459,153605.9459,0.0,1.536059,100000.0,1.5361,0.9573243509510015,0.5787346490489985,0.6045335089137618
2025-06-30,153605.9459,153605.9459,0.0,1.536059,100000.0,1.5361,0.960820265264546,0.5752387347354541,0.5986954642105426
2025-07-01,12733.3379,153493.3379,140760.0,1.534933,100000.0,1.5361,0.962451600811318,0.5724813991886821,0.5948157795218973
2025-07-02,12733.3379,154706.3379,141973.0,1.547063,100000.0,1.5349,0.9626768861778678,0.5843861138221322,0.6070428429442511
2025-07-03,12733.3379,154708.3379,141975.0,1.547083,100000.0,1.5471,0.9686288479364276,0.5784541520635725,0.5971886479490205
2025-07-04,12733.3379,155184.3379,142451.0,1.551843,100000.0,1.5471,0.9720794805992026,0.5797635194007975,0.5964157571183619
2025-07-07,12733.3379,154577.3379,141844.0,1.545773,100000.0,1.5518,0.9679226494691734,0.5778503505308267,0.597000546322302
2025-07-08,12733.3379,155063.3379,142330.0,1.550633,100000.0,1.5458,0.9760460311536268,0.5745869688463731,0.5886883922546626
2025-07-09,12733.3379,151833.3379,139100.0,1.518333,100000.0,1.5506,0.9743245716959976,0.5440084283040024,0.5583441535884208
2025-07-10,12733.3379,153777.3379,141044.0,1.537773,100000.0,1.5183,0.9788707273802688,0.5589022726197311,0.5709663768529574
2025-07-11,14733.3379,153766.3379,139033.0,1.537663,100000.0,1.5378,0.980038212831128,0.5576247871688721,0.568982698703155
2025-07-14,14733.3379,154059.3379,139326.0,1.540593,100000.0,1.5377,0.980736551087305,0.5598564489126951,0.5708530474284901
2025-07-15,14733.3379,153433.3379,138700.0,1.534333,100000.0,1.5406,0.981077469434822,0.553255530565178,0.5639264459756648
2025-07-16,14733.3379,153157.3379,138424.0,1.531573,100000.0,1.5343,0.9781817627919598,0.5533912372080403,0.5657345682141242
2025-07-17,14733.3379,152856.3379,138123.0,1.528563,100000.0,1.5316,0.9848431940372898,0.5437198059627101,0.5520876919845199
2025-07-18,14733.3379,154114.3379,139381.0,1.541143,100000.0,1.5286,0.9907157969566844,0.5504272030433154,0.5555853704302858
2025-07-21,14733.3379,154810.3379,140077.0,1.548103,100000.0,1.5411,0.9973209617842124,0.5507820382157876,0.5522615680617358
2025-07-22,14733.3379,155658.3379,140925.0,1.556583,100000.0,1.5481,1.0054621387912597,0.5511208612087406,0.5481269159187674
2025-07-23,14733.3379,156778.3379,142045.0,1.567783,100000.0,1.5566,1.0056599378296334,0.5621230621703666,0.5589593867918348
2025-07-24,14733.3379,156825.3379,142092.0,1.568253,100000.0,1.5678,1.0128045035396676,0.5554484964603323,0.5484261716047727
2025-07-25,14733.3379,155652.3379,140919.0,1.556523,100000.0,1.5683,1.0074650768014606,0.5490579231985395,0.5449895344677456
2025-07-28,14733.3379,156745.3379,142012.0,1.567453,100000.0,1.5565,1.0095792294752224,0.5578737705247776,0.5525804753478927
2025-07-29,14733.3379,155440.3379,140707.0,1.554403,100000.0,1.5675,1.0135338676600645,0.5408691323399357,0.5336468268086936
2025-07-30,14733.3379,157271.3379,142538.0,1.572713,100000.0,1.5544,1.013341805111141,0.5593711948888591,0.5520064326444212
2025-07-31,14733.3379,154040.3379,139307.0,1.540403,100000.0,1.5727,0.9948759967486038,0.5455270032513961,0.5483366821938171
2025-08-01,9352.7953,153664.7953,144312.0,1.536648,100000.0,1.5404,0.9898321334753644,0.5468158665246355,0.5524329308291192
2025-08-04,9352.7953,153206.7953,143854.0,1.532068,100000.0,1.5366,0.9936825872475468,0.5383854127524532,0.5418082390310925
2025-08-05,9352.7953,154796.7953,145444.0,1.547968,100000.0,1.5321,1.0016764951445714,0.5462915048554287,0.5453771826567446
2025-08-06,9352.7953,154878.7953,145526.0,1.548788,100000.0,1.548,1.004126147014114,0.544661852985886,0.542423732919914
2025-08-07,9352.7953,154580.7953,145228.0,1.545808,100000.0,1.5488,1.0044143873010598,0.5413936126989403,0.5390141952802043
2025-08-08,9352.7953,154114.7953,144762.0,1.541148,100000.0,1.5458,1.0020467794359569,0.5391012205640431,0.5380000531187759
2025-08-11,9352.7953,155335.7953,145983.0,1.553358,100000.0,1.5411,1.006329300711437,0.5470286992885633,0.5435881663207409
2025-08-12,9352.7953,154732.7953,145380.0,1.547328,100000.0,1.5534,1.0115323210536875,0.5357956789463125,0.5296871565984049
2025-08-13,9352.7953,154589.7953,145237.0,1.545898,100000.0,1.5473,1.019527376248602,0.5263706237513979,0.5162888569880317
2025-08-14,9352.7953,154420.7953,145068.0,1.544208,100000.0,1.5459,1.0187304924268428,0.5254775075731573,0.5158160195257853
2025-08-15,9352.7953,156528.7953,147176.0,1.565288,100000.0,1.5442,1.0258193775733162,0.5394686224266838,0.5258904581261212
2025-08-18,9352.7953,156885.7953,147533.0,1.568858,100000.0,1.5653,1.034865748205068,0.533992251794932,0.5160014743179195
2025-08-19,55852.2673,155123.2673,99271.0,1.551233,100000.0,1.5689,1.0309506795921382,0.5202823204078619,0.5046626678724289
2025-08-20,55852.2673,156384.2673,100532.0,1.563843,100000.0,1.5512,1.0426730615260924,0.5211699384739077,0.4998402257665555
2025-08-21,55852.2673,156252.2673,100400.0,1.562523,100000.0,1.5638,1.0467435035660555,0.5157794964339446,0.4927467853173028
2025-08-22,55852.2673,157380.2673,101528.0,1.573803,100000.0,1.5625,1.0686952178988405,0.5051077821011598,0.4726396952484275
2025-08-25,55852.2673,159811.2673,103959.0,1.598113,100000.0,1.5738,1.0909635376281093,0.5071494623718906,0.464863806057622
2025-08-26,55852.2673,159983.2673,104131.0,1.599833,100000.0,1.5981,1.086903763017465,0.5129292369825351,0.4719178039815961
2025-08-27,55852.2673,157805.2673,101953.0,1.578053,100000.0,1.5998,1.0706795306262722,0.5073734693737277,0.4738798630781238
2025-08-28,55852.2673,158399.2673,102547.0,1.583993,100000.0,1.5781,1.0896356745785687,0.4943573254214313,0.4536904737564053
2025-08-29,55852.2673,160891.2673,105039.0,1.608913,100000.0,1.584,1.0976855803768684,0.5112274196231317,0.4657321083215942
2025-09-01,25669.9765,160215.9765,134546.0,1.60216,100000.0,1.6089,1.1042647235118248,0.4978952764881752,0.4508839826964224
2025-09-02,25669.9765,159111.9765,133442.0,1.59112,100000.0,1.6022,1.0961461751248658,0.4949738248751343,0.451558228371093
2025-09-03,25669.9765,162201.9765,136532.0,1.62202,100000.0,1.5911,1.0886708702847652,0.5333491297152348,0.489908515303368
2025-09-04,25669.9765,160139.9765,134470.0,1.6014,100000.0,1.622,1.0655732982868795,0.5358267017131204,0.5028529736758307
2025-09-05,25669.9765,167357.9765,141688.0,1.67358,100000.0,1.6014,1.088791775953908,0.584788224046092,0.5370983111382794
2025-09-08,25669.9765,165719.9765,140050.0,1.6572,100000.0,1.6736,1.0905611534063948,0.5666388465936052,0.5195846604509016
2025-09-09,25669.9765,165159.9765,139490.0,1.6516,100000.0,1.6572,1.0829170004917004,0.5686829995082996,0.5251399684833538
2025-09-10,25669.9765,163471.9765,137802.0,1.63472,100000.0,1.6516,1.0851399511802755,0.5495800488197244,0.5064600637198566
2025-09-11,25669.9765,165483.9765,139814.0,1.65484,100000.0,1.6347,1.1102022097884945,0.5446377902115058,0.4905753072814234
2025-09-12,25669.9765,165106.9765,139437.0,1.65107,100000.0,1.6548,1.1038465456361757,0.5472234543638244,0.49574232625645
2025-09-15,25669.9765,167885.9765,142216.0,1.67886,100000.0,1.6511,1.1065457958233011,0.5723142041766989,0.5172078790926868
2025-09-16,25669.9765,167038.9765,141369.0,1.67039,100000.0,1.6789,1.1041733302501102,0.5662166697498898,0.5127969080919879
2025-09-17,25669.9765,169656.9765,143987.0,1.69657,100000.0,1.6704,1.1109317203724514,0.5856382796275486,0.5271595624537637
2025-09-18,76885.3099,165716.3099,88831.0,1.657163,100000.0,1.6966,1.0980150989772646,0.5591479010227354,0.5092351658402041
2025-09-19,76885.3099,166124.3099,89239.0,1.661243,100000.0,1.6572,1.0989452646390243,0.5622977353609757,0.5116703747257842
2025-09-22,76885.3099,165350.3099,88465.0,1.653503,100000.0,1.6612,1.103995450255956,0.5495075497440438,0.4977443970594652
2025-09-23,127318.6612,164133.6612,36815.0,1.641337,100000.0,1.6535,1.1033046548731418,0.5380323451268583,0.4876552842865702
2025-09-24,127318.6612,165311.6612,37993.0,1.653117,100000.0,1.6413,1.1146049776470952,0.5385120223529047,0.4831415911040437
2025-09-25,127318.6612,166603.6612,39285.0,1.666037,100000.0,1.6531,1.1212975568096122,0.5447394431903878,0.4858116740576119
2025-09-26,127318.6612,165358.6612,38040.0,1.653587,100000.0,1.666,1.1106938879608907,0.5428931120391092,0.4887873408899368
2025-09-29,127318.6612,167055.6612,39737.0,1.670557,100000.0,1.6536,1.1277823041798651,0.5427746958201349,0.4812761237771381
2025-09-30,127318.6612,167518.6612,40200.0,1.675187,100000.0,1.6706,1.1328208215331486,0.5423661784668514,0.4787749025771068
2025-10-09,72522.8596,168263.8596,95741.0,1.682639,100000.0,1.6752,1.149612502578672,0.5330264974213281,0.4636575334955974
2025-10-10,72522.8596,164077.8596,91555.0,1.640779,100000.0,1.6826,1.126996600409886,0.5137823995901141,0.4558863792519452
2025-10-13,72522.8596,162549.8596,90027.0,1.625499,100000.0,1.6408,1.121417412823239,0.504081587176761,0.4495039772101485
2025-10-14,108276.3196,164188.3196,55912.0,1.641883,100000.0,1.6255,1.108012555149326,0.5338704448506739,0.481827071696606
2025-10-15,108276.3196,165464.3196,57188.0,1.654643,100000.0,1.6419,1.1244222104080357,0.5302207895919646,0.4715495520135231
2025-10-16,108276.3196,167001.3196,58725.0,1.670013,100000.0,1.6546,1.1273841674014031,0.5426288325985968,0.4813167048898201
2025-10-17,108276.3196,165406.3196,57130.0,1.654063,100000.0,1.67,1.1019514292170518,0.5521115707829483,0.5010307679125472
2025-10-20,108276.3196,163550.3196,55274.0,1.635503,100000.0,1.6541,1.1078064565091938,0.5276965434908061,0.4763436251794644
2025-10-21,108276.3196,163405.3196,55129.0,1.634053,100000.0,1.6355,1.124808776565223,0.5092442234347769,0.4527384867940243
2025-10-22,108276.3196,162709.3196,54433.0,1.627093,100000.0,1.6341,1.1210735896151067,0.5060194103848932,0.4513703784232599
2025-10-23,108276.3196,163492.3196,55216.0,1.634923,100000.0,1.6271,1.1244360756250906,0.5104869243749093,0.4539937266697194
2025-10-24,108276.3196,162912.3196,54636.0,1.629123,100000.0,1.6349,1.1377004991551354,0.4914225008448647,0.4319436452825664
2025-10-27,108276.3196,163550.3196,55274.0,1.635503,100000.0,1.6291,1.1512081254272906,0.4842948745727093,0.4206840308679676
2025-10-28,108276.3196,163086.3196,54810.0,1.630863,100000.0,1.6355,1.1453384517791048,0.4855245482208952,0.4239136016665716
2025-10-29,108276.3196,168567.3196,60291.0,1.685673,100000.0,1.6309,1.158975380964535,0.5266976190354653,0.4544510847134055
2025-10-30,108276.3196,170655.3196,62379.0,1.706553,100000.0,1.6857,1.149717224024387,0.5568357759756131,0.4843241140865102
2025-10-31,108276.3196,169495.3196,61219.0,1.694953,100000.0,1.7066,1.1328144991894569,0.5621385008105431,0.496231731861448
2025-11-03,8231.65,171286.65,163055.0,1.712867,100000.0,1.695,1.1359232370809789,0.576943762919021,0.5079073515580272
2025-11-04,59968.3048,168524.3048,108556.0,1.685243,100000.0,1.7129,1.1274518335663268,0.5577911664336732,0.4947361384559396
2025-11-05,59968.3048,169266.3048,109298.0,1.692663,100000.0,1.6852,1.1295408921500667,0.5631221078499333,0.4985407007072029
2025-11-06,59968.3048,169580.3048,109612.0,1.695803,100000.0,1.6927,1.1456875720860067,0.5501154279139933,0.4801618183850702
2025-11-07,59968.3048,171287.3048,111319.0,1.712873,100000.0,1.6958,1.1421214773164183,0.5707515226835818,0.4997292617459974
2025-11-10,59968.3048,172618.3048,112650.0,1.726183,100000.0,1.7129,1.1460897366123812,0.5800932633876188,0.5061499504412821
2025-11-11,59968.3048,171592.3048,111624.0,1.715923,100000.0,1.7262,1.135621204808759,0.580301795191241,0.5109994360214196
2025-11-12,113952.0346,167979.0346,54027.0,1.67979,100000.0,1.7159,1.1340936875157457,0.5456963124842544,0.4811739263619508
2025-11-13,113952.0346,168744.0346,54792.0,1.68744,100000.0,1.6798,1.147804116997923,0.5396358830020771,0.4701463211453645
2025-11-14,113952.0346,168537.0346,54585.0,1.68537,100000.0,1.6874,1.1297563888686613,0.5556136111313388,0.4917994858057237
2025-11-17,113952.0346,167799.0346,53847.0,1.67799,100000.0,1.6854,1.1224119003986266,0.5555780996013735,0.4949859311043112
2025-11-18,113952.0346,167610.0346,53658.0,1.6761,100000.0,1.678,1.1151229704391856,0.5609770295608143,0.5030629306648362
2025-11-19,113952.0346,168285.0346,54333.0,1.68285,100000.0,1.6761,1.120029353250359,0.562820646749641,0.5025052648096398
2025-11-20,113952.0346,168132.0346,54180.0,1.68132,100000.0,1.6829,1.1143309687361074,0.5669890312638926,0.5088156455949358
2025-11-21,113952.0346,166971.0346,53019.0,1.66971,100000.0,1.6813,1.087152043163006,0.5825579568369941,0.535856930500793
2025-11-24,113952.0346,166512.0346,52560.0,1.66512,100000.0,1.6697,1.085794862990784,0.5793251370092161,0.5335493441307
2025-11-25,113952.0346,167475.0346,53523.0,1.67475,100000.0,1.6651,1.0961344336294387,0.5786155663705612,0.527869163323966
2025-11-26,113952.0346,167754.0346,53802.0,1.67754,100000.0,1.6748,1.102779192439472,0.5747608075605279,0.521193010804903
2025-11-27,113952.0346,167358.0346,53406.0,1.67358,100000.0,1.6775,1.1022365937692291,0.5713434062307707,0.5183491543108671
2025-11-28,113952.0346,167043.0346,53091.0,1.67043,100000.0,1.6736,1.104984958070289,0.565445041929711,0.5117219359412697
2025-12-01,66442.3351,166570.3351,100128.0,1.665703,100000.0,1.6704,1.117147292129211,0.548555707870789,0.4910325717437644
2025-12-02,66442.3351,167434.3351,100992.0,1.674343,100000.0,1.6657,1.1117401259943007,0.5626028740056992,0.5060561014675324
2025-12-03,66442.3351,167356.3351,100914.0,1.673563,100000.0,1.6743,1.1060558508030385,0.5675071491969617,0.513090861356531
2025-12-04,66442.3351,167440.3351,100998.0,1.674403,100000.0,1.6736,1.1098438378666928,0.5645591621333073,0.508683422722322
2025-12-05,66442.3351,167920.3351,101478.0,1.679203,100000.0,1.6744,1.119112637825566,0.560090362174434,0.5004772024223483
2025-12-08,66442.3351,167344.3351,100902.0,1.673443,100000.0,1.6792,1.1281976992478673,0.5452453007521327,0.4832887898243632
2025-12-09,118023.1927,166143.1927,48120.0,1.661432,100000.0,1.6734,1.1224535692815718,0.5389784307184282,0.4801788202815393
2025-12-10,118023.1927,166065.1927,48042.0,1.660652,100000.0,1.6614,1.1208922921378768,0.5397597078621232,0.4815446690534735
2025-12-11,118023.1927,165603.1927,47580.0,1.656032,100000.0,1.6607,1.1112153226466517,0.5448166773533485,0.4902890252230543
2025-12-12,118023.1927,165615.1927,47592.0,1.656152,100000.0,1.656,1.1182370786612568,0.5379149213387433,0.4810383518875354
2025-12-15,118023.1927,166269.1927,48246.0,1.662692,100000.0,1.6562,1.1111847605837062,0.5515072394162939,0.4963236168993055
2025-12-16,118023.1927,165999.1927,47976.0,1.659992,100000.0,1.6627,1.0978797422368265,0.5621122577631736,0.5119980232242223
2025-12-17,118023.1927,166305.1927,48282.0,1.663052,100000.0,1.66,1.1179746647821354,0.5450773352178646,0.4875578601095456
2025-12-18,118023.1927,165921.1927,47898.0,1.659212,100000.0,1.6631,1.1113636902333768,0.5478483097666231,0.4929514204765675
2025-12-19,118023.1927,165693.1927,47670.0,1.656932,100000.0,1.6592,1.1151193820819547,0.5418126179180454,0.4858785764322992
2025-12-22,118023.1927,165519.1927,47496.0,1.655192,100000.0,1.6569,1.125724662029841,0.5294673379701591,0.4703346704827933
2025-12-23,118023.1927,165813.1927,47790.0,1.658132,100000.0,1.6552,1.127948613552746,0.530183386447254,0.4700421456056529
2025-12-24,118023.1927,165303.1927,47280.0,1.653032,100000.0,1.6581,1.131201203071213,0.521830796928787,0.4613067909687645
2025-12-25,118023.1927,165177.1927,47154.0,1.651772,100000.0,1.653,1.1332705134848868,0.5185014865151132,0.457526672004096
2025-12-26,118023.1927,165345.1927,47322.0,1.653452,100000.0,1.6518,1.136859920371179,0.5165920796288213,0.4544025788684298
2025-12-29,118023.1927,165069.1927,47046.0,1.650692,100000.0,1.6535,1.1324982599518745,0.5181937400481256,0.457566919414204
2025-12-30,118023.1927,165333.1927,47310.0,1.653332,100000.0,1.6507,1.1354054883948246,0.5179265116051754,0.4561599506951408
2025-12-31,118023.1927,164913.1927,46890.0,1.649132,100000.0,1.6533,1.1301957063182004,0.5189362936817996,0.4591561362167269
2026-01-05,7670.9239,165043.9239,157373.0,1.650439,100000.0,1.6491,1.151629720786017,0.4988092792139826,0.433133384985525
2026-01-06,7670.9239,170701.9239,163031.0,1.707019,100000.0,1.6504,1.169436784874883,0.5375822151251171,0.4596932660901653
2026-01-07,7670.9239,168250.9239,160580.0,1.682509,100000.0,1.707,1.1660124668318002,0.5164965331681999,0.44295970056957
2026-01-08,7670.9239,165819.9239,158149.0,1.658199,100000.0,1.6825,1.1564893573108168,0.5017096426891832,0.4338212362419036
2026-01-09,7670.9239,165131.9239,157461.0,1.651319,100000.0,1.6582,1.1616811243695069,0.4896378756304931,0.4214907734652571
2026-01-12,54894.4534,166551.4534,111657.0,1.665515,100000.0,1.6513,1.169246797226399,0.4962682027736012,0.4244340920589322
2026-01-13,54894.4534,165904.4534,111010.0,1.659045,100000.0,1.6655,1.162196261122167,0.4968487388778331,0.4275084643604834
2026-01-14,54894.4534,166555.4534,111661.0,1.665555,100000.0,1.659,1.1575333983908185,0.5080216016091816,0.4388828886625855
2026-01-15,54894.4534,165919.4534,111025.0,1.659195,100000.0,1.6656,1.1598520874267344,0.4993429125732656,0.4305229244197124
2026-01-16,54894.4534,165416.4534,110522.0,1.654165,100000.0,1.6592,1.155078229727166,0.4990867702728341,0.4320804924102157
2026-01-19,107953.387,163843.387,55890.0,1.638434,100000.0,1.6542,1.1557087065336724,0.4827252934663275,0.4176876843942536
2026-01-20,107953.387,163918.387,55965.0,1.639184,100000.0,1.6384,1.1519061707563472,0.4872778292436528,0.4230186812209746
2026-01-21,107953.387,165148.387,57195.0,1.651484,100000.0,1.6392,1.1529292187260192,0.4985547812739808,0.4324244482457311
2026-01-22,107953.387,164443.387,56490.0,1.644434,100000.0,1.6515,1.153085422113228,0.4913485778867719,0.4261163730491804
2026-01-23,107953.387,164293.387,56340.0,1.642934,100000.0,1.6444,1.1479073249868457,0.4950266750131542,0.4312427181513341
2026-01-26,107953.387,167203.387,59250.0,1.672034,100000.0,1.6429,1.1489978438366937,0.5230361561633066,0.4552107377476031
2026-01-27,107953.387,168868.387,60915.0,1.688684,100000.0,1.672,1.1486872922673743,0.5399967077326258,0.4700989654605958
2026-01-28,107953.387,171403.387,63450.0,1.714034,100000.0,1.6887,1.151689697614017,0.5623443023859831,0.488277618138814
2026-01-29,107953.387,173128.387,65175.0,1.731284,100000.0,1.714,1.16044780354823,0.5708361964517701,0.4919102735223069
2026-01-30,107953.387,168163.387,60210.0,1.681634,100000.0,1.7313,1.1488455461444298,0.5327884538555703,0.4637598636680353
2026-02-02,119846.6647,162762.6647,42916.0,1.627627,100000.0,1.6816,1.1243470257803438,0.5032799742196561,0.4476197852441141
2026-02-03,119846.6647,162758.6647,42912.0,1.627587,100000.0,1.6276,1.1375598697265203,0.4900271302734795,0.4307704089379369
2026-02-04,119846.6647,163254.6647,43408.0,1.632547,100000.0,1.6276,1.146976451417877,0.4855705485821229,0.42334831546181
2026-02-05,119846.6647,163402.6647,43556.0,1.634027,100000.0,1.6325,1.140076943655052,0.4939500563449479,0.4332602804520886
2026-02-06,119846.6647,162646.6647,42800.0,1.626467,100000.0,1.634,1.1335293145961836,0.4929376854038165,0.4348698168246527
2026-02-09,119846.6647,162790.6647,42944.0,1.627907,100000.0,1.6265,1.1519495483808304,0.4759574516191696,0.4131756050325041
2026-02-10,119846.6647,162446.6647,42600.0,1.624467,100000.0,1.6279,1.153228590243558,0.4712384097564421,0.4086253269674125
2026-02-11,119846.6647,162262.6647,42416.0,1.622627,100000.0,1.6245,1.1506710679617511,0.4719559320382487,0.4101571206393943
2026-02-12,119846.6647,161694.6647,41848.0,1.616947,100000.0,1.6226,1.1520769960890067,0.4648700039109932,0.4035060204214671
2026-02-13,119846.6647,162270.6647,42424.0,1.622707,100000.0,1.6169,1.1376326621160588,0.485074337883941,0.4263892502714157
2026-02-24,119846.6647,161910.6647,42064.0,1.619107,100000.0,1.6227,1.149139425278452,0.4699675747215479,0.4089735017207927
2026-02-25,119846.6647,161914.6647,42068.0,1.619147,100000.0,1.6191,1.156057826840574,0.4630891731594257,0.4005761324457413
2026-02-26,119846.6647,161398.6647,41552.0,1.613987,100000.0,1.6191,1.1538579685733614,0.4601290314266386,0.3987744106803246
2026-02-27,119846.6647,161466.6647,41620.0,1.614667,100000.0,1.614,1.1498968615812668,0.4647701384187332,0.4041841959457217
2026-03-02,63684.1351,161003.1351,97319.0,1.610031,100000.0,1.6147,1.1542961143144177,0.4557348856855825,0.3948162694424919
2026-03-03,111227.2486,157859.2486,46632.0,1.578592,100000.0,1.61,1.1365318908169804,0.4420601091830196,0.3889553058341819
2026-03-04,156720.031,156720.031,0.0,1.5672,100000.0,1.5786,1.1235280015503646,0.4436719984496353,0.3948918031748287
2026-03-05,156720.031,156720.031,0.0,1.5672,100000.0,1.5672,1.1345292213233067,0.4326707786766932,0.3813659186072167
2026-03-06,156720.031,156720.031,0.0,1.5672,100000.0,1.5672,1.137640815254257,0.4295591847457429,0.3775877051754148
2026-03-09,156720.031,156720.031,0.0,1.5672,100000.0,1.5672,1.1266599783268096,0.4405400216731903,0.3910141747711952
2026-03-10,156720.031,156720.031,0.0,1.5672,100000.0,1.5672,1.1411357287334718,0.4260642712665281,0.3733686191207157
2026-03-11,156720.031,156720.031,0.0,1.5672,100000.0,1.5672,1.148395365980825,0.4188046340191749,0.3646868024946104
2026-03-12,156720.031,156720.031,0.0,1.5672,100000.0,1.5672,1.144261236702664,0.4229387632973358,0.369617312665496
2026-03-13,156720.031,156720.031,0.0,1.5672,100000.0,1.5672,1.1397647809865683,0.4274352190134314,0.3750205534895086
2026-03-16,156720.031,156720.031,0.0,1.5672,100000.0,1.5672,1.1403552976516684,0.4268447023483315,0.374308518781236
2026-03-17,156720.031,156720.031,0.0,1.5672,100000.0,1.5672,1.1320264275919178,0.4351735724080821,0.3844199762489617
2026-03-18,156720.031,156720.031,0.0,1.5672,100000.0,1.5672,1.1371265816935532,0.4300734183064467,0.3782106805259331
2026-03-19,156720.031,156720.031,0.0,1.5672,100000.0,1.5672,1.1187987908261372,0.4484012091738627,0.4007880709656084
2026-03-20,156720.031,156720.031,0.0,1.5672,100000.0,1.5672,1.1148361703772511,0.4523638296227488,0.4057670908449917
2026-03-23,156720.031,156720.031,0.0,1.5672,100000.0,1.5672,1.078459308797936,0.488740691202064,0.4531841741408124
2026-03-24,156720.031,156720.031,0.0,1.5672,100000.0,1.5672,1.09230629113963,0.4748937088603699,0.4347624038353763
2026-03-25,156720.031,156720.031,0.0,1.5672,100000.0,1.5672,1.1076222785819425,0.4595777214180576,0.4149227857771533
2026-03-26,156720.031,156720.031,0.0,1.5672,100000.0,1.5672,1.0929926926156317,0.4742073073843684,0.4338613703350082
2026-03-27,156720.031,156720.031,0.0,1.5672,100000.0,1.5672,1.0991040067279496,0.4680959932720503,0.4258887151777197
2026-03-30,156720.031,156720.031,0.0,1.5672,100000.0,1.5672,1.0965116505293515,0.4706883494706482,0.4292597796324542
2026-03-31,156720.031,156720.031,0.0,1.5672,100000.0,1.5672,1.0862834410178177,0.4809165589821822,0.4427173800344195
2026-04-01,156720.031,156720.031,0.0,1.5672,100000.0,1.5672,1.1048397638607066,0.4623602361392933,0.418486237790393
2026-04-02,156720.031,156720.031,0.0,1.5672,100000.0,1.5672,1.093329509983456,0.4738704900165438,0.4334196467666131
2026-04-03,156720.031,156720.031,0.0,1.5672,100000.0,1.5672,1.0840229224259894,0.4831770775740105,0.445725886028945
2026-04-07,156720.031,156720.031,0.0,1.5672,100000.0,1.5672,1.0839807653311764,0.4832192346688235,0.4457821117528695
2026-04-08,156720.031,156720.031,0.0,1.5672,100000.0,1.5672,1.12180248993423,0.4453975100657699,0.3970373698242397
2026-04-09,156720.031,156720.031,0.0,1.5672,100000.0,1.5672,1.1146423014444156,0.4525576985555843,0.4060115949028087
2026-04-10,156720.031,156720.031,0.0,1.5672,100000.0,1.5672,1.131813152237324,0.4353868477626759,0.3846808520487856
2026-04-13,156720.031,156720.031,0.0,1.5672,100000.0,1.5672,1.13415390844968,0.43304609155032,0.3818230385876533
2026-04-14,156720.031,156720.031,0.0,1.5672,100000.0,1.5672,1.1476112488994172,0.4195887511005827,0.3656192386602841
2026-04-15,156720.031,156720.031,0.0,1.5672,100000.0,1.5672,1.1436964488030148,0.4235035511969851,0.3702936663309755
2026-04-16,156720.031,156720.031,0.0,1.5672,100000.0,1.5672,1.1562340469143768,0.4109659530856231,0.35543491750858
2026-04-17,156720.031,156720.031,0.0,1.5672,100000.0,1.5672,1.1542967978110328,0.4129032021889671,0.357709735461436
2026-04-20,156720.031,156720.031,0.0,1.5672,100000.0,1.5672,1.161319798765902,0.405880201234098,0.3494990799824597
2026-04-21,156720.031,156720.031,0.0,1.5672,100000.0,1.5672,1.163896361310566,0.403303638689434,0.3465116414964195
2026-04-22,156720.031,156720.031,0.0,1.5672,100000.0,1.5672,1.1716174320050847,0.3955825679949152,0.3376380012696827
2026-04-23,156720.031,156720.031,0.0,1.5672,100000.0,1.5672,1.1683708963137824,0.3988291036862175,0.3413548770724484
2026-04-24,156720.031,156720.031,0.0,1.5672,100000.0,1.5672,1.1642312258309182,0.4029687741690817,0.3461243481778979
2026-04-27,156720.031,156720.031,0.0,1.5672,100000.0,1.5672,1.1646164494054685,0.4025835505945316,0.345679086707086
2026-04-28,156720.031,156720.031,0.0,1.5672,100000.0,1.5672,1.1615068815537708,0.4056931184462291,0.3492817174733613
2026-04-29,156720.031,156720.031,0.0,1.5672,100000.0,1.5672,1.1742341987970892,0.3929658012029107,0.3346570910687776
2026-04-30,156720.031,156720.031,0.0,1.5672,100000.0,1.5672,1.1734921411681207,0.3937078588318792,0.3355010613364426
2026-05-06,14854.6294,156606.6294,141752.0,1.566066,100000.0,1.5672,1.1905273911146557,0.3755386088853443,0.3154388648998143
2026-05-07,14854.6294,155936.6294,141082.0,1.559366,100000.0,1.5661,1.1962435221303136,0.3631224778696864,0.3035523044864852
2026-05-08,14854.6294,154842.6294,139988.0,1.548426,100000.0,1.5594,1.1892626782702578,0.3591633217297423,0.3020050391660598
2026-05-11,14854.6294,155947.6294,141093.0,1.559476,100000.0,1.5484,1.2087726985869507,0.3507033014130494,0.2901317194068165
2026-05-12,57923.5669,153497.5669,95574.0,1.534976,100000.0,1.5595,1.207847512686246,0.3271284873137539,0.2708359158568136
2026-05-13,104295.2053,152523.2053,48228.0,1.525232,100000.0,1.535,1.2201248694613,0.3051071305386998,0.2500622175445111
2026-05-14,104295.2053,153381.2053,49086.0,1.533812,100000.0,1.5252,1.1996823156552872,0.3341296843447128,0.2785151368695515
2026-05-15,104295.2053,153837.2053,49542.0,1.538372,100000.0,1.5338,1.1862554152155278,0.3521165847844723,0.2968303286695615
2026-05-18,104295.2053,153993.2053,49698.0,1.539932,100000.0,1.5384,1.179891817620352,0.3600401823796482,0.3051467744778415
2026-05-19,104295.2053,152895.2053,48600.0,1.528952,100000.0,1.5399,1.1846175864509096,0.3443344135490904,0.2906713672728001
2026-05-20,104295.2053,153195.2053,48900.0,1.531952,100000.0,1.529,1.184084654375656,0.3478673456243439,0.2937858744633148
2026-05-21,104295.2053,153195.2053,48900.0,1.531952,100000.0,1.532,1.1675825073785289,0.3643694926214711,0.3120717296797792
2026-05-22,104295.2053,152463.2053,48168.0,1.524632,100000.0,1.532,1.1827165870787746,0.3419154129212254,0.2890932761547988
2026-05-25,104295.2053,152181.2053,47886.0,1.521812,100000.0,1.5246,1.2013911304255318,0.3204208695744681,0.2667082030653709
2026-05-26,151963.1563,151963.1563,0.0,1.519632,100000.0,1.5218,1.2077993749960485,0.3118326250039516,0.2581824692573398
2026-05-27,151963.1563,151963.1563,0.0,1.519632,100000.0,1.5196,1.1981137641547572,0.3215182358452428,0.2683536784773246
2026-05-28,151963.1563,151963.1563,0.0,1.519632,100000.0,1.5196,1.1995886277977927,0.3200433722022073,0.2667942699571466
2026-05-29,151963.1563,151963.1563,0.0,1.519632,100000.0,1.5196,1.1941958395023988,0.3254361604976012,0.2725149005988876
2026-06-01,9780.5011,151849.5011,142069.0,1.518495,100000.0,1.5196,1.182511538094159,0.3359834619058408,0.2841270051769149
2026-06-02,9780.5011,153432.5011,143652.0,1.534325,100000.0,1.5185,1.199673039629793,0.3346519603702069,0.2789526390236103
2026-06-03,9780.5011,152959.5011,143179.0,1.529595,100000.0,1.5343,1.205592608530902,0.3240023914690979,0.2687494840101228
2026-06-04,9780.5011,152076.5011,142296.0,1.520765,100000.0,1.5296,1.197277457224646,0.3234875427753538,0.2701859463095677
2026-06-05,9780.5011,152027.5011,142247.0,1.520275,100000.0,1.5208,1.1758387315123016,0.3444362684876985,0.2929281535442387
2026-06-08,9780.5011,152457.5011,142677.0,1.524575,100000.0,1.5203,1.150626469807599,0.373948530192401,0.3249955915362617
2026-06-09,9780.5011,152355.5011,142575.0,1.523555,100000.0,1.5246,1.1721504617227128,0.3514045382772872,0.2997947360450868
2026-06-10,9780.5011,153873.5011,144093.0,1.538735,100000.0,1.5236,1.1591597785871302,0.3795752214128698,0.3274572051451994
2026-06-11,9780.5011,154879.5011,145099.0,1.548795,100000.0,1.5387,1.152768841127339,0.396026158872661,0.3435434275664244
2026-06-12,9780.5011,155002.5011,145222.0,1.550025,100000.0,1.5488,1.166172307397428,0.383852692602572,0.3291560691054518
2026-06-15,9780.5011,151947.5011,142167.0,1.519475,100000.0,1.55,1.1940960734071462,0.3253789265928537,0.2724897383377549
2026-06-16,103318.7431,149541.7431,46223.0,1.495417,100000.0,1.5195,1.1922700633779564,0.3031469366220436,0.2542602938156171
2026-06-17,149159.0731,149159.0731,0.0,1.491591,100000.0,1.4954,1.2037806101823274,0.2878103898176725,0.2390887404093342
2026-06-18,149159.0731,149159.0731,0.0,1.491591,100000.0,1.4916,1.2062735420339803,0.2853174579660196,0.2365279913915099
2026-06-22,149159.0731,149159.0731,0.0,1.491591,100000.0,1.4916,1.23509259096748,0.2564984090325197,0.2076754495236652
2026-06-23,149159.0731,149159.0731,0.0,1.491591,100000.0,1.4916,1.200851314562938,0.2907396854370618,0.2421113104605123
2026-06-24,149159.0731,149159.0731,0.0,1.491591,100000.0,1.4916,1.2066204409768817,0.2849705590231182,0.2361724941377634
2026-06-25,149159.0731,149159.0731,0.0,1.491591,100000.0,1.4916,1.2254371272090456,0.2661538727909542,0.2171909654778652
2026-06-26,149159.0731,149159.0731,0.0,1.491591,100000.0,1.4916,1.1883615123934657,0.3032294876065342,0.2551660285562456
2026-06-29,149159.0731,149159.0731,0.0,1.491591,100000.0,1.4916,1.2026906527761274,0.2889003472238725,0.2402116841575299
2026-06-30,149159.0731,149159.0731,0.0,1.491591,100000.0,1.4916,1.2155090947646328,0.2760819052353671,0.2271327351020986
2026-07-01,7169.5723,149045.5723,141876.0,1.490456,100000.0,1.4916,1.2105157858303384,0.2799402141696616,0.2312569711576624
2026-07-02,53117.7619,147833.7619,94716.0,1.478338,100000.0,1.4905,1.174709936851991,0.3036280631480086,0.2584706689054461
2026-07-03,53117.7619,148583.7619,95466.0,1.485838,100000.0,1.4783,1.182003333950026,0.303834666049974,0.2570505998782739
2026-07-06,53117.7619,150059.7619,96942.0,1.500598,100000.0,1.4858,1.1819604445374103,0.3186375554625897,0.2695839416075354
2026-07-07,53117.7619,149927.7619,96810.0,1.499278,100000.0,1.5006,1.1698196894430597,0.3294583105569404,0.2816317023299484
2026-07-08,53117.7619,150857.7619,97740.0,1.508578,100000.0,1.4993,1.1608540202331104,0.3477239797668896,0.2995415217643502
2026-07-09,53117.7619,150701.7619,97584.0,1.507018,100000.0,1.5086,1.19033681761193,0.3166811823880699,0.2660433397526929
2026-07-10,53117.7619,150965.7619,97848.0,1.509658,100000.0,1.507,1.1670184029754942,0.3426395970245057,0.2936025654358947
2026-07-13,53117.7619,152513.7619,99396.0,1.525138,100000.0,1.5097,1.1461708530142716,0.3789671469857285,0.3306375711693392
2026-07-14,53117.7619,153215.7619,100098.0,1.532158,100000.0,1.5251,1.1708546009611271,0.3613033990388727,0.3085809277618991
2026-07-15,53117.7619,154343.7619,101226.0,1.543438,100000.0,1.5322,1.1684820865667491,0.3749559134332507,0.3208914520332542
2026-07-16,53117.7619,153029.7619,99912.0,1.530298,100000.0,1.5434,1.1469157178614815,0.3833822821385182,0.334272410926032
2026-07-17,54539.7619,154547.7619,100008.0,1.545478,100000.0,1.5303,1.1055790386820263,0.4398989613179735,0.3978901063847793
2026-07-20,54539.7619,157283.7619,102744.0,1.572838,100000.0,1.5455,1.1224773940207369,0.4503606059792631,0.4012202012960477
2026-07-21,54539.7619,156815.7619,102276.0,1.568158,100000.0,1.5728,1.156873848567565,0.411284151432435,0.3555133966781987
2026-07-22,54539.7619,157781.7619,103242.0,1.577818,100000.0,1.5682,1.1515073016600832,0.4263106983399167,0.3702197091805854
2026-07-23,54539.7619,157493.7619,102954.0,1.574938,100000.0,1.5778,1.1541332956563954,0.4208047043436045,0.364606675786334
2026-07-24,54539.7619,157259.7619,102720.0,1.572598,100000.0,1.5749,1.1348952825820329,0.437702717417967,0.3856767440447342
2026-07-27,54539.7619,156047.7619,101508.0,1.560478,100000.0,1.5726,1.147890384035022,0.4125876159649779,0.3594311980510414
2026-07-28,54539.7619,158087.7619,103548.0,1.580878,100000.0,1.5605,1.115447802205648,0.465430197794352,0.4172586084925054
2026-07-29,54539.7619,158819.7619,104280.0,1.588198,100000.0,1.5809,1.12295135010232,0.4652466498976799,0.4143070399757638
2026-07-30,54539.7619,160991.7619,106452.0,1.609918,100000.0,1.5882,1.1106136747509583,0.4993043252490416,0.449575164254127
2026-07-31,54539.7619,159461.7619,104922.0,1.594618,100000.0,1.6099,1.120006065544249,0.4746119344557511,0.4237583608309487
