date,cash,total_value,market_value,unit_net_value,units,static_unit_net_value,benchmark_unit_net_value,arithmetic_excess_unit_net_value,geometric_excess_unit_net_value
2020-01-02,6467.2336,99925.2336,93458.0,0.999252,100000.0,1.0,1.013586618952419,-0.0143346189524189,-0.0141424705934203
2020-01-03,6467.2336,100796.2336,94329.0,1.007962,100000.0,0.9993,1.0118105285867456,-0.0038485285867455,-0.0038036059894741
2020-01-06,6467.2336,101210.2336,94743.0,1.012102,100000.0,1.008,1.0079855106528928,0.0041164893471072,0.0040838774998273
2020-01-07,6467.2336,99603.2336,93136.0,0.996032,100000.0,1.0121,1.0155361954054332,-0.0195041954054331,-0.0192058101854719
2020-01-08,6467.2336,99675.2336,93208.0,0.996752,100000.0,0.996,1.0038410312831274,-0.0070890312831274,-0.0070619062801867
2020-01-09,6467.2336,100225.2336,93758.0,1.002252,100000.0,0.9968,1.0165473554161162,-0.0142953554161162,-0.0140626556549001
2020-01-10,6467.2336,99484.2336,93017.0,0.994842,100000.0,1.0023,1.0162581387054344,-0.0214161387054343,-0.0210735224543593
2020-01-13,6467.2336,103987.2336,97520.0,1.039872,100000.0,0.9948,1.0262184907755172,0.0136535092244827,0.0133046805794394
2020-01-14,6467.2336,105473.2336,99006.0,1.054732,100000.0,1.0399,1.02277608448272,0.0319559155172799,0.0312442928634197
2020-01-15,6467.2336,104323.2336,97856.0,1.043232,100000.0,1.0547,1.0171245927184027,0.0261074072815972,0.0256678557066658
2020-01-16,6467.2336,104577.2336,98110.0,1.045772,100000.0,1.0432,1.0128061146388347,0.0329658853611651,0.0325490583880614
2020-01-17,6467.2336,107177.2336,100710.0,1.071772,100000.0,1.0458,1.0142242724733868,0.0575477275266131,0.056740633298266
2020-01-20,6467.2336,109555.2336,103088.0,1.095552,100000.0,1.0718,1.0217860396353338,0.0737659603646663,0.0721931573766585
2020-01-21,6467.2336,106642.2336,100175.0,1.066422,100000.0,1.0956,1.0043271194296337,0.0620948805703664,0.0618273462590861
2020-01-22,6467.2336,112299.2336,105832.0,1.122992,100000.0,1.0664,1.0086289006633111,0.1143630993366888,0.1133847139036761
2020-01-23,6467.2336,110708.2336,104241.0,1.107082,100000.0,1.123,0.9773760667459828,0.129705933254017,0.1327083173684129
2020-02-03,47022.4432,105580.4432,58558.0,1.055804,100000.0,1.1071,0.9003500259399169,0.1554539740600831,0.1726594875118681
2020-02-04,47022.4432,107902.4432,60880.0,1.079024,100000.0,1.0558,0.9240966023847048,0.1549273976152951,0.1676528159669592
2020-02-05,47022.4432,110912.4432,63890.0,1.109124,100000.0,1.079,0.934566208254437,0.1745577917455629,0.1867794814362038
2020-02-06,47022.4432,111556.4432,64534.0,1.115564,100000.0,1.1091,0.9519582434342032,0.1636057565657968,0.171862324523381
2020-02-07,47022.4432,109642.4432,62620.0,1.096424,100000.0,1.1156,0.9519812382131924,0.1444427617868077,0.1517285803425259
2020-02-10,47022.4432,112140.4432,65118.0,1.121404,100000.0,1.0964,0.9559201071546936,0.1654838928453064,0.1731147735116389
2020-02-11,47022.4432,111278.4432,64256.0,1.112784,100000.0,1.1214,0.9648199898154124,0.1479640101845877,0.1533591879796105
2020-02-12,47022.4432,111776.4432,64754.0,1.117764,100000.0,1.1128,0.9726236171368322,0.1451403828631677,0.1492256411482437
2020-02-13,47022.4432,110928.4432,63906.0,1.109284,100000.0,1.1178,0.9666396775009098,0.1426443224990901,0.1475672122914237
2020-02-14,47022.4432,112034.4432,65012.0,1.120344,100000.0,1.1093,0.9734295816993392,0.1469144183006608,0.1509245466366338
2020-02-17,47022.4432,113458.4432,66436.0,1.134584,100000.0,1.1203,0.9953234185151568,0.1392605814848431,0.1399149049387331
2020-02-18,47022.4432,113780.4432,66758.0,1.137804,100000.0,1.1346,0.9904624638183136,0.1473415361816865,0.1487603433386792
2020-02-19,47022.4432,115380.4432,68358.0,1.153804,100000.0,1.1378,0.9889489826165088,0.1648550173834913,0.1666971909383299
2020-02-20,47022.4432,119094.4432,72072.0,1.190944,100000.0,1.1538,1.011735148674306,0.1792088513256939,0.1771302020696963
2020-02-21,47022.4432,119482.4432,72460.0,1.194824,100000.0,1.1909,1.0129152055807695,0.1819087944192305,0.1795893609030487
2020-02-24,47022.4432,118838.4432,71816.0,1.188384,100000.0,1.1948,1.0088504756196637,0.1795335243803364,0.177958506953235
2020-02-25,47022.4432,120608.4432,73586.0,1.206084,100000.0,1.1884,1.0066573058550443,0.1994266941449554,0.1981078297301626
2020-02-26,47022.4432,119690.4432,72668.0,1.196904,100000.0,1.2061,0.9942471798624518,0.2026568201375481,0.2038294140955818
2020-02-27,47022.4432,119040.4432,72018.0,1.190404,100000.0,1.1969,0.9971424471146328,0.1932615528853672,0.1938153906140449
2020-02-28,47022.4432,114532.4432,67510.0,1.145324,100000.0,1.1904,0.9617892925910116,0.1835347074089883,0.190826315933041
2020-03-02,585.3232,116335.3232,115750.0,1.163353,100000.0,1.1453,0.9934296690892638,0.1699233309107363,0.1710471674019109
2020-03-03,585.3232,116359.3232,115774.0,1.163593,100000.0,1.1634,0.9987256205606134,0.1648673794393866,0.1650777511313286
2020-03-04,585.3232,115177.3232,114592.0,1.151773,100000.0,1.1636,1.0045087098339858,0.1472642901660141,0.1466032984326759
2020-03-05,585.3232,116559.3232,115974.0,1.165593,100000.0,1.1518,1.0268865598958703,0.1387064401041298,0.1350747448853504
2020-03-06,585.3232,115185.3232,114600.0,1.151853,100000.0,1.1656,1.0102341656963254,0.1416188343036746,0.1401841663175793
2020-03-09,585.3232,106623.3232,106038.0,1.066233,100000.0,1.1519,0.975723762499475,0.0905092375005249,0.0927611286914555
2020-03-10,585.3232,107423.3232,106838.0,1.074233,100000.0,1.0662,0.9966189863496208,0.0776140136503793,0.0778773179253398
2020-03-11,585.3232,106911.3232,106326.0,1.069113,100000.0,1.0742,0.9833633994543892,0.0857496005456107,0.0872003173935376
2020-03-12,585.3232,103403.3232,102818.0,1.034033,100000.0,1.0691,0.9644408444786206,0.0695921555213794,0.0721580342846233
2020-03-13,585.3232,101373.3232,100788.0,1.013733,100000.0,1.034,0.9508689695246192,0.0628640304753807,0.0661121905227479
2020-03-16,585.3232,95185.3232,94600.0,0.951853,100000.0,1.0137,0.9099878164287252,0.0418651835712748,0.0460063121895149
2020-03-17,585.3232,92913.3232,92328.0,0.929133,100000.0,0.9519,0.9055554385203218,0.0235775614796781,0.0260365743241561
2020-03-18,585.3232,91019.3232,90434.0,0.910193,100000.0,0.9291,0.887631789437346,0.022561210562654,0.0254173079773936
2020-03-19,585.3232,89637.3232,89052.0,0.896373,100000.0,0.9102,0.876118801573634,0.020254198426366,0.0231180958449774
2020-03-20,585.3232,91417.3232,90832.0,0.914173,100000.0,0.8964,0.8917736324630234,0.0223993675369765,0.0251177728535334
2020-03-23,585.3232,86647.3232,86062.0,0.866473,100000.0,0.9142,0.8617685948488621,0.0047044051511379,0.0054590120587567
2020-03-24,585.3232,90323.3232,89738.0,0.903233,100000.0,0.8665,0.8849119855305722,0.0183210144694278,0.0207037702833723
2020-03-25,585.3232,94079.3232,93494.0,0.940793,100000.0,0.9032,0.908688757879404,0.0321042421205959,0.0353302952658038
2020-03-26,585.3232,94655.3232,94070.0,0.946553,100000.0,0.9408,0.9027152659774598,0.0438377340225402,0.0485620833885784
2020-03-27,585.3232,95893.3232,95308.0,0.958933,100000.0,0.9466,0.9056477837951792,0.0532852162048209,0.0588365777052151
2020-03-30,585.3232,96507.3232,95922.0,0.965073,100000.0,0.9589,0.8968722486972739,0.068200751302726,0.0760428828094403
2020-03-31,585.3232,98847.3232,98262.0,0.988473,100000.0,0.9651,0.8998123337989493,0.0886606662010507,0.098532397112997
2020-04-01,97974.5524,97974.5524,0.0,0.979746,100000.0,0.9885,0.897107810923648,0.082638189076352,0.092116229588135
2020-04-02,97974.5524,97974.5524,0.0,0.979746,100000.0,0.9797,0.9116210804123762,0.0681249195876237,0.0747294254722665
2020-04-03,97974.5524,97974.5524,0.0,0.979746,100000.0,0.9797,0.906418621513774,0.073327378486226,0.080897917083571
2020-04-07,97974.5524,97974.5524,0.0,0.979746,100000.0,0.9797,0.9271195614509962,0.0526264385490038,0.0567633784650605
2020-04-08,97974.5524,97974.5524,0.0,0.979746,100000.0,0.9797,0.9228045252650986,0.0569414747349014,0.061704806571623
2020-04-09,97974.5524,97974.5524,0.0,0.979746,100000.0,0.9797,0.9258475498391698,0.0538984501608301,0.0582152538721876
2020-04-10,97974.5524,97974.5524,0.0,0.979746,100000.0,0.9797,0.9200787651735336,0.0596672348264665,0.0648501379283683
2020-04-13,97974.5524,97974.5524,0.0,0.979746,100000.0,0.9797,0.9161922081337028,0.0635537918662972,0.0693673132145025
2020-04-14,97974.5524,97974.5524,0.0,0.979746,100000.0,0.9797,0.9338758522623044,0.0458701477376957,0.0491180360072227
2020-04-15,97974.5524,97974.5524,0.0,0.979746,100000.0,0.9797,0.9269586712298528,0.0527873287701471,0.056946798609814
2020-04-16,97974.5524,97974.5524,0.0,0.979746,100000.0,0.9797,0.928183668038778,0.0515623319612219,0.0555518629951456
2020-04-17,97974.5524,97974.5524,0.0,0.979746,100000.0,0.9797,0.9372415848812112,0.0425044151187888,0.0453505433438232
2020-04-20,97974.5524,97974.5524,0.0,0.979746,100000.0,0.9797,0.94065125656825,0.03909474343175,0.0415613577920239
2020-04-21,97974.5524,97974.5524,0.0,0.979746,100000.0,0.9797,0.9295669675459453,0.0501790324540547,0.053981083887401
2020-04-22,97974.5524,97974.5524,0.0,0.979746,100000.0,0.9797,0.9372162710958484,0.0425297289041515,0.0453787777867142
2020-04-23,97974.5524,97974.5524,0.0,0.979746,100000.0,0.9797,0.9348653112554488,0.0448806887445512,0.0480076522299026
2020-04-24,97974.5524,97974.5524,0.0,0.979746,100000.0,0.9797,0.92686342109438,0.0528825789056198,0.057055416906171
2020-04-27,97974.5524,97974.5524,0.0,0.979746,100000.0,0.9797,0.9331605974648964,0.0465854025351035,0.0499221705906371
2020-04-28,97974.5524,97974.5524,0.0,0.979746,100000.0,0.9797,0.9395995017407316,0.0401464982592684,0.0427272451559326
2020-04-29,97974.5524,97974.5524,0.0,0.979746,100000.0,0.9797,0.9439654584244754,0.0357805415755245,0.0379045030262485
2020-04-30,97974.5524,97974.5524,0.0,0.979746,100000.0,0.9797,0.9550833120127143,0.0246626879872856,0.0258225514749201
2020-05-06,10574.6884,97904.6884,87330.0,0.979047,100000.0,0.9797,0.9608629349818232,0.0181840650181768,0.0189247231380829
2020-05-07,10574.6884,98786.6884,88212.0,0.987867,100000.0,0.979,0.9580900624449832,0.0297769375550168,0.0310794764732535
2020-05-08,10574.6884,99170.6884,88596.0,0.991707,100000.0,0.9879,0.9675435773641644,0.0241634226358357,0.0249739889769751
2020-05-11,10574.6884,97268.6884,86694.0,0.972687,100000.0,0.9917,0.9667035112026684,0.0059834887973316,0.0061895800811644
2020-05-12,10574.6884,98954.6884,88380.0,0.989547,100000.0,0.9727,0.9667175472938772,0.0228294527061228,0.0236154322118482
2020-05-13,10574.6884,99466.6884,88892.0,0.994667,100000.0,0.9895,0.9686740807660124,0.0259929192339876,0.0268335033940754
2020-05-14,10574.6884,97484.6884,86910.0,0.974847,100000.0,0.9947,0.95816893307228,0.0166780669277198,0.0174061862705601
2020-05-15,10574.6884,99364.6884,88790.0,0.993647,100000.0,0.9748,0.955141580099176,0.0385054199008239,0.0403138348315081
2020-05-18,10574.6884,100914.6884,90340.0,1.009147,100000.0,0.9936,0.9576060247883232,0.0515409752116768,0.0538227349008899
2020-05-19,10574.6884,101930.6884,91356.0,1.019307,100000.0,1.0091,0.9657439795970404,0.0535630204029595,0.0554629607168857
2020-05-20,10574.6884,102464.6884,91890.0,1.024647,100000.0,1.0193,0.9606110420684604,0.0640359579315398,0.0666616925344234
2020-05-21,10574.6884,102152.6884,91578.0,1.021527,100000.0,1.0246,0.955380559808627,0.066146440191373,0.069235698290347
2020-05-22,10574.6884,98956.6884,88382.0,0.989567,100000.0,1.0215,0.9334767146495124,0.0560902853504874,0.0600875034912331
2020-05-25,10574.6884,99900.6884,89326.0,0.999007,100000.0,0.9896,0.9347608339156688,0.0642461660843313,0.0687300577359528
2020-05-26,10574.6884,101612.6884,91038.0,1.016127,100000.0,0.999,0.945366162684742,0.070760837315258,0.0748501904429332
2020-05-27,10574.6884,101386.6884,90812.0,1.013867,100000.0,1.0161,0.9387370754756756,0.0751299245243245,0.0800329788681828
2020-05-28,10574.6884,100224.6884,89650.0,1.002247,100000.0,1.0139,0.9414268543525592,0.0608201456474408,0.0646042179126793
2020-05-29,10574.6884,101730.6884,91156.0,1.017307,100000.0,1.0022,0.943963310292256,0.073343689707744,0.0776976063667522
2020-06-01,43438.3864,105366.3864,61928.0,1.053664,100000.0,1.0173,0.9694277090162556,0.0842362909837443,0.0868928030427607
2020-06-02,44238.3864,105342.3864,61104.0,1.053424,100000.0,1.0537,0.972412514325052,0.0810114856749478,0.0833097934071505
2020-06-03,44238.3864,105051.3864,60813.0,1.050514,100000.0,1.0534,0.9724320427997776,0.0780819572002224,0.0802955412446229
2020-06-04,44238.3864,105433.3864,61195.0,1.054334,100000.0,1.0505,0.972075013460612,0.082258986539388,0.0846220563231472
2020-06-05,44238.3864,105731.3864,61493.0,1.057314,100000.0,1.0543,0.9767290883783344,0.0805849116216658,0.0825048752827266
2020-06-08,44238.3864,106440.3864,62202.0,1.064404,100000.0,1.0573,0.9817830576372442,0.0826209423627557,0.084153970390965
2020-06-09,44238.3864,107090.3864,62852.0,1.070904,100000.0,1.0644,0.9879038674703976,0.0830001325296024,0.0840164061126014
2020-06-10,44238.3864,106906.3864,62668.0,1.069064,100000.0,1.0709,0.9861159867881087,0.0829480132118912,0.0841158791898935
2020-06-11,44238.3864,106082.3864,61844.0,1.060824,100000.0,1.0691,0.975419142704354,0.0854048572956458,0.0875570855200364
2020-06-12,44238.3864,106528.3864,62290.0,1.065284,100000.0,1.0608,0.977176290449544,0.0881077095504559,0.0901656235538856
2020-06-15,44238.3864,104638.3864,60400.0,1.046384,100000.0,1.0653,0.9654361131929964,0.0809478868070037,0.083845927970608
2020-06-16,44238.3864,105274.3864,61036.0,1.052744,100000.0,1.0464,0.9799804085459444,0.0727635914540556,0.0742500470616747
2020-06-17,44238.3864,104364.3864,60126.0,1.043644,100000.0,1.0527,0.9807185604799672,0.0629254395200327,0.0641625865520856
2020-06-18,44238.3864,104835.3864,60597.0,1.048354,100000.0,1.0436,0.9872581828641984,0.0610958171358017,0.0618843360290544
2020-06-19,44238.3864,107237.3864,62999.0,1.072374,100000.0,1.0484,1.0005193109641333,0.0718546890358666,0.0718173934760191
2020-06-22,44678.3864,106823.3864,62145.0,1.068234,100000.0,1.0724,1.0013337460025522,0.0669002539974477,0.0668111449000112
2020-06-23,44678.3864,107774.3864,63096.0,1.077744,100000.0,1.0682,1.0061544720414617,0.0715895279585385,0.0711516272578753
2020-06-24,44678.3864,108250.3864,63572.0,1.082504,100000.0,1.0777,1.0103518979883257,0.0721521020116742,0.0714128435402889
2020-06-29,44678.3864,108153.3864,63475.0,1.081534,100000.0,1.0825,1.0032061605698082,0.0783278394301918,0.0780775103949746
2020-06-30,44678.3864,108797.3864,64119.0,1.087974,100000.0,1.0815,1.016448248406886,0.071525751593114,0.0703683160507373
2020-07-01,6321.8456,112121.8456,105800.0,1.121218,100000.0,1.088,1.0369091589791406,0.0843088410208594,0.0813078371338364
2020-07-02,6321.8456,111641.8456,105320.0,1.116418,100000.0,1.1212,1.0584053716389576,0.0580126283610422,0.0548113510338754
2020-07-03,6321.8456,116881.8456,110560.0,1.168818,100000.0,1.1164,1.0788494877229489,0.089968512277051,0.0833930157087448
2020-07-06,6321.8456,122708.8456,116387.0,1.227088,100000.0,1.1688,1.1399978777430095,0.0870901222569904,0.0763949863041966
2020-07-07,6321.8456,123708.8456,117387.0,1.237088,100000.0,1.2271,1.1468405332337903,0.0902474667662094,0.0786922541983541
2020-07-08,6321.8456,128682.8456,122361.0,1.286828,100000.0,1.2371,1.1653627544776906,0.1214652455223095,0.1042295586122019
2020-07-09,6321.8456,134137.8456,127816.0,1.341378,100000.0,1.2868,1.1816609753774985,0.1597170246225014,0.1351631541961326
2020-07-10,6321.8456,132503.8456,126182.0,1.325038,100000.0,1.3414,1.160268043938385,0.1647699560616149,0.1420102509264358
2020-07-13,6321.8456,140751.8456,134430.0,1.407518,100000.0,1.325,1.1846366267137671,0.2228813732862327,0.1881432400959231
2020-07-14,6321.8456,139686.8456,133365.0,1.396868,100000.0,1.4075,1.173341601038583,0.2235263989614169,0.1905041113036156
2020-07-15,6321.8456,137134.8456,130813.0,1.371348,100000.0,1.3969,1.1581529636620735,0.2131950363379264,0.1840819330667729
2020-07-16,6321.8456,128462.8456,122141.0,1.284628,100000.0,1.3713,1.102444205866154,0.1821837941338462,0.1652544347953739
2020-07-17,7111.8456,127179.8456,120068.0,1.271798,100000.0,1.2846,1.1093884094255066,0.1624095905744933,0.1463956078814603
2020-07-20,7111.8456,133199.8456,126088.0,1.331998,100000.0,1.2718,1.142490126098047,0.1895078739019531,0.1658726579538858
2020-07-21,7111.8456,134988.8456,127877.0,1.349888,100000.0,1.332,1.1451113112074578,0.2047766887925421,0.1788268850271126
2020-07-22,7111.8456,135257.8456,128146.0,1.352578,100000.0,1.3499,1.1508240979718194,0.2017539020281806,0.1753125454913102
2020-07-23,7111.8456,139752.8456,132641.0,1.397528,100000.0,1.3526,1.1503335182761265,0.2471944817238738,0.2148894018965177
2020-07-24,7111.8456,134048.8456,126937.0,1.340488,100000.0,1.3975,1.0998414019335785,0.2406465980664216,0.2188011813733801
2020-07-27,7111.8456,139469.8456,132358.0,1.394698,100000.0,1.3405,1.1054215171227746,0.2892764828772254,0.2616888475539749
2020-07-28,7111.8456,137026.8456,129915.0,1.370268,100000.0,1.3947,1.1151387885037145,0.2551292114962857,0.228786958292982
2020-07-29,7111.8456,139506.8456,132395.0,1.395068,100000.0,1.3703,1.1421736183439364,0.2528943816560636,0.2214150087118462
2020-07-30,7111.8456,140102.8456,132991.0,1.401028,100000.0,1.3951,1.136593991366608,0.2644340086333918,0.2326547655908719
2020-07-31,7111.8456,141461.8456,134350.0,1.414618,100000.0,1.401,1.1460886381356792,0.2685293618643207,0.2343006927467079
2020-08-03,6986.3391,142402.3391,135416.0,1.424023,100000.0,1.4146,1.164705279554876,0.259317720445124,0.2226466428865414
2020-08-04,6986.3391,141673.3391,134687.0,1.416733,100000.0,1.424,1.1658017057683283,0.2509312942316717,0.2152435469858007
2020-08-05,6986.3391,143108.3391,136122.0,1.431083,100000.0,1.4167,1.1661206301711862,0.2649623698288139,0.2272169473495358
2020-08-06,6986.3391,145589.3391,138603.0,1.455893,100000.0,1.4311,1.1626190037787845,0.2932739962212156,0.2522528835912765
2020-08-07,6986.3391,146860.3391,139874.0,1.468603,100000.0,1.4559,1.1492327225664538,0.3193702774335463,0.2778986981160196
2020-08-10,6986.3391,144073.3391,137087.0,1.440733,100000.0,1.4686,1.1533687314603072,0.2873642685396929,0.2491521234287792
2020-08-11,6986.3391,139907.3391,132921.0,1.399073,100000.0,1.4407,1.1428511831851242,0.2562218168148757,0.2241952588269506
2020-08-12,6986.3391,135450.3391,128464.0,1.354503,100000.0,1.3991,1.1345176262914396,0.2199853737085604,0.1939021206992244
2020-08-13,6986.3391,136244.3391,129258.0,1.362443,100000.0,1.3545,1.13160495428616,0.2308380457138401,0.2039917241785651
2020-08-14,6986.3391,137802.3391,130816.0,1.378023,100000.0,1.3624,1.1484278076594636,0.2295951923405363,0.1999213105162087
2020-08-17,6986.3391,139395.3391,132409.0,1.393953,100000.0,1.378,1.1754252648811805,0.2185277351188197,0.1859137638503201
2020-08-18,6986.3391,142526.3391,135540.0,1.425263,100000.0,1.394,1.1748223964558169,0.2504406035441833,0.2131731607260025
2020-08-19,6986.3391,139206.3391,132220.0,1.392063,100000.0,1.4253,1.157227728940182,0.234835271059818,0.2029291773667452
2020-08-20,6986.3391,135734.3391,128748.0,1.357343,100000.0,1.3921,1.1422093554526838,0.2151336445473162,0.1883486976536397
2020-08-21,6986.3391,137612.3391,130626.0,1.376123,100000.0,1.3573,1.151897602638063,0.224225397361937,0.194657404311302
2020-08-24,6986.3391,146958.3391,139972.0,1.469583,100000.0,1.3761,1.1609309868341224,0.3086520131658776,0.2658659443724356
2020-08-25,6986.3391,146190.3391,139204.0,1.461903,100000.0,1.4696,1.1624204236014215,0.2994825763985782,0.2576370565399379
2020-08-26,6986.3391,143533.3391,136547.0,1.435333,100000.0,1.4619,1.1487943083088707,0.2865386916911292,0.2494255843876351
2020-08-27,6986.3391,147648.3391,140662.0,1.476483,100000.0,1.4353,1.1549494150257604,0.3215335849742395,0.2783962490401088
2020-08-28,6986.3391,151549.3391,144563.0,1.515493,100000.0,1.4765,1.1825138815111265,0.3329791184888735,0.2815858009745828
2020-08-31,6986.3391,155681.3391,148695.0,1.556813,100000.0,1.5155,1.1756667344711589,0.3811462655288413,0.3241958408394445
2020-09-01,7625.2667,161545.2667,153920.0,1.615453,100000.0,1.5568,1.1819907869050157,0.4334622130949843,0.3667221588333895
2020-09-02,7625.2667,160369.2667,152744.0,1.603693,100000.0,1.6155,1.1824215606468624,0.4212714393531376,0.3562785502005514
2020-09-03,7625.2667,159345.2667,151720.0,1.593453,100000.0,1.6037,1.1758815232825437,0.4175714767174565,0.3551135624206263
2020-09-04,7625.2667,157189.2667,149564.0,1.571893,100000.0,1.5935,1.1644387646960623,0.4074542353039376,0.3499146950937259
2020-09-07,7625.2667,154067.2667,146442.0,1.540673,100000.0,1.5719,1.1398203639077564,0.4008526360922435,0.3516805356222638
2020-09-08,7625.2667,153499.2667,145874.0,1.534993,100000.0,1.5407,1.1459283093581845,0.3890646906418156,0.3395192242521037
2020-09-09,7625.2667,149761.2667,142136.0,1.497613,100000.0,1.535,1.1191253069235452,0.3784876930764549,0.3381995659779249
2020-09-10,7625.2667,153649.2667,146024.0,1.536493,100000.0,1.4976,1.118487897508511,0.418005102491489,0.3737234023028919
2020-09-11,7625.2667,158809.2667,151184.0,1.588093,100000.0,1.5365,1.1295471412619806,0.4585458587380193,0.4059554860416994
2020-09-14,7625.2667,163305.2667,155680.0,1.633053,100000.0,1.5881,1.1353490755134632,0.4977039244865369,0.4383708369705146
2020-09-15,7625.2667,162891.2667,155266.0,1.628913,100000.0,1.6331,1.1444864244268418,0.4844265755731582,0.4232698311085332
2020-09-16,7625.2667,162077.2667,154452.0,1.620773,100000.0,1.6289,1.1368888225137737,0.4838841774862263,0.4256213693932802
2020-09-17,7625.2667,160715.2667,153090.0,1.607153,100000.0,1.6208,1.1308730270534555,0.4762799729465443,0.4211613165693011
2020-09-18,7625.2667,161785.2667,154160.0,1.617853,100000.0,1.6072,1.156351461868664,0.4615015381313359,0.3991014439377707
2020-09-21,7625.2667,159021.2667,151396.0,1.590213,100000.0,1.6179,1.145205438455634,0.445007561544366,0.3885831717185002
2020-09-22,7625.2667,155429.2667,147804.0,1.554293,100000.0,1.5902,1.131616720192182,0.4226762798078178,0.3735154069975521
2020-09-23,7625.2667,159521.2667,151896.0,1.595213,100000.0,1.5543,1.1356607011488924,0.4595522988511076,0.4046563365151236
2020-09-24,7625.2667,149981.2667,142356.0,1.499813,100000.0,1.5952,1.1138714149046351,0.3859415850953649,0.3464866589905331
2020-09-25,7625.2667,152601.2667,144976.0,1.526013,100000.0,1.4998,1.115569391371407,0.4104436086285929,0.3679229744050443
2020-09-28,7625.2667,155419.2667,147794.0,1.554193,100000.0,1.526,1.1184710541990603,0.4357219458009396,0.3895692643677408
2020-09-29,7625.2667,156211.2667,148586.0,1.562113,100000.0,1.5542,1.120885457171724,0.4412275428282761,0.3936419551214485
2020-09-30,7625.2667,156113.2667,148488.0,1.561133,100000.0,1.5621,1.1198104146380958,0.4413225853619043,0.3941047337950794
2020-10-09,12806.7281,163320.7281,150514.0,1.633207,100000.0,1.5611,1.142694345122487,0.4905126548775134,0.4292597202141004
2020-10-12,12806.7281,169073.7281,156267.0,1.690737,100000.0,1.6332,1.1773614399184142,0.5133755600815857,0.4360390468683603
2020-10-13,12806.7281,169539.7281,156733.0,1.695397,100000.0,1.6907,1.1812776802398277,0.5141193197601726,0.4352230879836771
2020-10-14,12806.7281,168340.7281,155534.0,1.683407,100000.0,1.6954,1.173442148272825,0.5099648517271751,0.4345888312242627
2020-10-15,12806.7281,167676.7281,154870.0,1.676767,100000.0,1.6834,1.171399958028426,0.5053670419715739,0.431421427419336
2020-10-16,12806.7281,162970.7281,150164.0,1.629707,100000.0,1.6768,1.1696765457233242,0.4600304542766757,0.3932971520705277
2020-10-19,12806.7281,159970.7281,147164.0,1.599707,100000.0,1.6297,1.1608428157707376,0.4388641842292624,0.378056510551672
2020-10-20,12806.7281,168289.7281,155483.0,1.682897,100000.0,1.5997,1.1701137882724235,0.5127832117275763,0.4382336289572814
2020-10-21,12806.7281,164672.7281,151866.0,1.646727,100000.0,1.6829,1.1699578534017423,0.4767691465982577,0.4075096767050323
2020-10-22,12806.7281,166048.7281,153242.0,1.660487,100000.0,1.6467,1.1663343693270547,0.4941526306729453,0.4236800729434551
2020-10-23,12806.7281,160839.7281,148033.0,1.608397,100000.0,1.6605,1.1518109450314693,0.4565860549685308,0.3964071160619646
2020-10-26,12932.7281,164763.7281,151831.0,1.647637,100000.0,1.6084,1.1451585212951063,0.5024784787048937,0.4387850846506564
2020-10-27,12932.7281,166424.7281,153492.0,1.664247,100000.0,1.6476,1.1471219385545823,0.5171250614454177,0.4508021719966537
2020-10-28,12932.7281,172136.7281,159204.0,1.721367,100000.0,1.6642,1.1563961576651915,0.5649708423348085,0.4885616737740692
2020-10-29,12932.7281,176224.7281,163292.0,1.762247,100000.0,1.7214,1.1650980460027889,0.5971489539972112,0.5125310749991439
2020-10-30,12932.7281,179483.7281,166551.0,1.794837,100000.0,1.7622,1.1461588430023169,0.6486781569976832,0.5659583407291933
2020-11-02,6049.9298,183649.9298,177600.0,1.836499,100000.0,1.7948,1.1523829340561735,0.6841160659438266,0.593653416521768
2020-11-03,6049.9298,180670.9298,174621.0,1.806709,100000.0,1.8365,1.1662309416427907,0.6404780583572092,0.5491863022044425
2020-11-04,6049.9298,184333.9298,178284.0,1.843339,100000.0,1.8067,1.175042091796476,0.6682969082035239,0.5687429521624974
2020-11-05,6049.9298,193958.9298,187909.0,1.939589,100000.0,1.8433,1.192484778957561,0.747104221042439,0.6265104882055921
2020-11-06,6049.9298,198023.9298,191974.0,1.980239,100000.0,1.9396,1.1926327071536054,0.7876062928463947,0.6603930012334929
2020-11-09,6049.9298,199219.9298,193170.0,1.992199,100000.0,1.9802,1.2159770214296453,0.7762219785703548,0.6383525057551969
2020-11-10,6049.9298,195027.9298,188978.0,1.950279,100000.0,1.9922,1.209270430586513,0.7410085694134871,0.6127732479608285
2020-11-11,6049.9298,183627.9298,177578.0,1.836279,100000.0,1.9503,1.1973147322007782,0.6389642677992218,0.5336644163934614
2020-11-12,6049.9298,188051.9298,182002.0,1.880519,100000.0,1.8363,1.1981849454451312,0.6823340545548688,0.5694730660310363
2020-11-13,6049.9298,190415.9298,184366.0,1.904159,100000.0,1.8805,1.1855862232078789,0.7185727767921211,0.606090693975724
2020-11-16,6049.9298,187589.9298,181540.0,1.875899,100000.0,1.9042,1.1971373892396786,0.6787616107603214,0.5669872287519262
2020-11-17,6049.9298,185929.9298,179880.0,1.859299,100000.0,1.8759,1.1948463085849057,0.6644526914150943,0.5560988778565392
2020-11-18,6049.9298,183452.9298,177403.0,1.834529,100000.0,1.8593,1.1940860650638494,0.6404429349361507,0.5363457071261486
2020-11-19,6049.9298,184917.9298,178868.0,1.849179,100000.0,1.8345,1.202951382324304,0.6462276176756958,0.5372017748772819
2020-11-20,6049.9298,191002.9298,184953.0,1.910029,100000.0,1.8492,1.2066859834201789,0.7033430165798211,0.5828716221483703
2020-11-23,6049.9298,195758.9298,189709.0,1.957589,100000.0,1.91,1.2217568640940948,0.7358321359059052,0.6022737891073837
2020-11-24,6049.9298,194120.9298,188071.0,1.941209,100000.0,1.9576,1.214252608290214,0.7269563917097861,0.5986862920833349
2020-11-25,6049.9298,191397.9298,185348.0,1.913979,100000.0,1.9412,1.1987310104196378,0.7152479895803623,0.5966709656822649
2020-11-26,6049.9298,186359.9298,180310.0,1.863599,100000.0,1.914,1.2009014051006086,0.6626975948993914,0.5518334744923312
2020-11-27,6049.9298,185549.9298,179500.0,1.855499,100000.0,1.8636,1.2158342926899968,0.6396647073100032,0.5261117498954273
2020-11-30,6049.9298,184264.9298,178215.0,1.842649,100000.0,1.8555,1.2108269232539002,0.6318220767460998,0.5218103963596885
2020-12-01,10051.2788,187174.2788,177123.0,1.871743,100000.0,1.8426,1.236908763527527,0.6348342364724726,0.5132425730916446
2020-12-02,10051.2788,187376.2788,177325.0,1.873763,100000.0,1.8717,1.236920090042868,0.636842909957132,0.5148618048034621
2020-12-03,10051.2788,183200.2788,173149.0,1.832003,100000.0,1.8738,1.2344584281613695,0.5975445718386305,0.4840540258035477
2020-12-04,10051.2788,184224.2788,174173.0,1.842243,100000.0,1.832,1.2366202303134612,0.6056227696865388,0.489740305746918
2020-12-07,10051.2788,179290.2788,169239.0,1.792903,100000.0,1.8422,1.225957390186322,0.5669456098136778,0.46245131711104
2020-12-08,10051.2788,178334.2788,168283.0,1.783343,100000.0,1.7929,1.2229410952120314,0.5604019047879685,0.4582411262341355
2020-12-09,10051.2788,176900.2788,166849.0,1.769003,100000.0,1.7833,1.2065420585614537,0.5624609414385464,0.4661759923306463
2020-12-10,10051.2788,175798.2788,165747.0,1.757983,100000.0,1.769,1.206011445492574,0.5519715545074262,0.4576835125159058
2020-12-11,10051.2788,171990.2788,161939.0,1.719903,100000.0,1.758,1.193587503104113,0.526315496895887,0.4409525866575516
2020-12-14,10051.2788,175661.2788,165610.0,1.756613,100000.0,1.7199,1.2046225559595167,0.5519904440404833,0.4582268871769606
2020-12-15,10051.2788,173631.2788,163580.0,1.736313,100000.0,1.7566,1.2071282545515212,0.5291847454484788,0.4383831986809756
2020-12-16,10051.2788,173903.2788,163852.0,1.739033,100000.0,1.7363,1.2092683312754808,0.5297646687245192,0.4380869448269995
2020-12-17,10051.2788,178099.2788,168048.0,1.780993,100000.0,1.739,1.2247962514897492,0.5561967485102508,0.4541136926519291
2020-12-18,10051.2788,178490.2788,168439.0,1.784903,100000.0,1.781,1.2205218101206872,0.5643811898793127,0.4624097539260734
2020-12-21,10051.2788,179073.2788,169022.0,1.790733,100000.0,1.7849,1.2319634946410585,0.5587695053589417,0.4535601158553348
2020-12-22,10051.2788,171899.2788,161848.0,1.718993,100000.0,1.7907,1.2119304773606283,0.5070625226393717,0.4183924178090354
2020-12-23,10051.2788,172982.2788,162931.0,1.729823,100000.0,1.719,1.2222685589530855,0.5075544410469146,0.4152560722674991
2020-12-24,10051.2788,173827.2788,163776.0,1.738273,100000.0,1.7298,1.2205334295631487,0.5177395704368513,0.4241912248336859
2020-12-25,10051.2788,175762.2788,165711.0,1.757623,100000.0,1.7383,1.2307854638138478,0.5268375361861521,0.4280498524524616
2020-12-28,10051.2788,178135.2788,168084.0,1.781353,100000.0,1.7576,1.236253680842868,0.5450993191571318,0.4409283689942078
2020-12-29,10051.2788,176180.2788,166129.0,1.761803,100000.0,1.7814,1.2310106271274306,0.5307923728725694,0.4311842328373525
2020-12-30,10051.2788,177799.2788,167748.0,1.777993,100000.0,1.7618,1.2482870781474162,0.5297059218525837,0.4243462350333071
2020-12-31,10051.2788,179759.2788,169708.0,1.797593,100000.0,1.778,1.272106446981743,0.5254865530182573,0.4130837904839257
2021-01-04,50398.5935,182210.5935,131812.0,1.822106,100000.0,1.7976,1.285881247198733,0.5362247528012667,0.4170095442090173
2021-01-05,50398.5935,187013.5935,136615.0,1.870136,100000.0,1.8221,1.310483903154292,0.5596520968457082,0.4270575895656894
2021-01-06,50398.5935,187835.5935,137437.0,1.878356,100000.0,1.8701,1.3224848343696092,0.5558711656303907,0.4203232817375624
2021-01-07,50398.5935,193504.5935,143106.0,1.935046,100000.0,1.8784,1.3459163432852976,0.5891296567147024,0.4377164001714058
2021-01-08,50398.5935,191550.5935,141152.0,1.915506,100000.0,1.935,1.3414672197098174,0.5740387802901825,0.4279186042386911
2021-01-11,50398.5935,189445.5935,139047.0,1.894456,100000.0,1.9155,1.328219029224388,0.5662369707756119,0.4263129486303665
2021-01-12,50398.5935,192888.5935,142490.0,1.928886,100000.0,1.8945,1.3661028543770684,0.5627831456229317,0.4119624988848707
2021-01-13,50398.5935,190848.5935,140450.0,1.908486,100000.0,1.9289,1.361615845560621,0.5468701544393788,0.4016332185192914
2021-01-14,50398.5935,182584.5935,132186.0,1.825846,100000.0,1.9085,1.335370844880664,0.490475155119336,0.3672950903486047
2021-01-15,50398.5935,184668.5935,134270.0,1.846686,100000.0,1.8258,1.3323500095359997,0.5143359904640006,0.3860366921475249
2021-01-18,50398.5935,184711.5935,134313.0,1.847116,100000.0,1.8467,1.3471036013168158,0.5000123986831841,0.3711759052491685
2021-01-19,50398.5935,181499.5935,131101.0,1.814996,100000.0,1.8471,1.3273317285646502,0.4876642714353498,0.3674019545684335
2021-01-20,50398.5935,188093.5935,137695.0,1.880936,100000.0,1.815,1.3368299392803589,0.5441060607196411,0.4070121746469441
2021-01-21,50398.5935,193642.5935,143244.0,1.936426,100000.0,1.8809,1.3584420290270771,0.5779839709729229,0.4254756247396716
2021-01-22,50398.5935,199632.5935,149234.0,1.996326,100000.0,1.9364,1.3596153730203535,0.6367106269796463,0.468302021008492
2021-01-25,50398.5935,200478.5935,150080.0,2.004786,100000.0,1.9963,1.373321237721564,0.6314647622784362,0.4598084883083002
2021-01-26,50398.5935,196832.5935,146434.0,1.968326,100000.0,2.0048,1.3457481542967256,0.6225778457032745,0.4626258217152283
2021-01-27,50398.5935,202350.5935,151952.0,2.023506,100000.0,1.9683,1.3494184334789734,0.6740875665210264,0.4995393199003088
2021-01-28,50398.5935,192880.5935,142482.0,1.928806,100000.0,2.0235,1.3125924413915695,0.6162135586084303,0.4694629796550862
2021-01-29,50398.5935,188984.5935,138586.0,1.889846,100000.0,1.9288,1.3064463177730536,0.5833996822269463,0.4465546531000213
2021-02-01,27699.9386,188177.9386,160478.0,1.881779,100000.0,1.8898,1.3224801231250811,0.559298876874919,0.4229166602166163
2021-02-02,27699.9386,192871.9386,165172.0,1.928719,100000.0,1.8818,1.3428490789919731,0.5858699210080269,0.4362887313053956
2021-02-03,27699.9386,193064.9386,165365.0,1.930649,100000.0,1.9287,1.3389700648255047,0.5916789351744953,0.4418910853332656
2021-02-04,27699.9386,193899.9386,166200.0,1.938999,100000.0,1.9306,1.3362230675176758,0.6027759324823241,0.4511042707877444
2021-02-05,27699.9386,195023.9386,167324.0,1.950239,100000.0,1.939,1.3385338963425155,0.6117051036574845,0.4569963490121107
2021-02-08,27699.9386,194625.9386,166926.0,1.946259,100000.0,1.9502,1.3583425558589448,0.5879164441410552,0.4328189834038496
2021-02-09,27699.9386,198590.9386,170891.0,1.985909,100000.0,1.9463,1.3880474164059846,0.5978615835940153,0.4307212970735785
2021-02-10,27699.9386,202084.9386,174385.0,2.020849,100000.0,1.9859,1.4176986957004971,0.603150304299503,0.4254432243809614
2021-02-18,27699.9386,201906.9386,174207.0,2.019069,100000.0,2.0208,1.408096129697975,0.610972870302025,0.4338999713272939
2021-02-19,27699.9386,198389.9386,170690.0,1.983899,100000.0,2.0191,1.4106496242318691,0.5732493757681307,0.4063726143763573
2021-02-22,27699.9386,189663.9386,161964.0,1.896639,100000.0,1.9839,1.3663421270136396,0.5302968729863604,0.3881142669189374
2021-02-23,27699.9386,189439.9386,161740.0,1.894399,100000.0,1.8966,1.362030093330731,0.532368906669269,0.3908642762564851
2021-02-24,27699.9386,180457.9386,152758.0,1.804579,100000.0,1.8944,1.327342688921089,0.4772363110789108,0.3595426524455605
2021-02-25,27699.9386,181444.9386,153745.0,1.814449,100000.0,1.8046,1.335151662162465,0.4792973378375349,0.3589834409232924
2021-02-26,27699.9386,175593.9386,147894.0,1.755939,100000.0,1.8144,1.3027350043832886,0.4532039956167113,0.3478865571983742
2021-03-01,13832.2496,179683.2496,165851.0,1.796832,100000.0,1.7559,1.322757256592026,0.4740747434079739,0.3583988982448587
2021-03-02,13832.2496,176270.2496,162438.0,1.762702,100000.0,1.7968,1.305876452469975,0.4568255475300249,0.3498229458582937
2021-03-03,13832.2496,181873.2496,168041.0,1.818732,100000.0,1.7627,1.3309174250407432,0.4878145749592568,0.3665250493991567
2021-03-04,13832.2496,178210.2496,164378.0,1.782102,100000.0,1.8187,1.2890516218386054,0.4930503781613946,0.3824907938583135
2021-03-05,13832.2496,174812.2496,160980.0,1.748122,100000.0,1.7821,1.2846796845594772,0.4634423154405227,0.3607454223886472
2021-03-08,13832.2496,173531.2496,159699.0,1.735312,100000.0,1.7481,1.2400641500630492,0.4952478499369508,0.3993727662490449
2021-03-09,13832.2496,173324.2496,159492.0,1.733242,100000.0,1.7353,1.2134504517802782,0.5197915482197217,0.4283582798598202
2021-03-10,13832.2496,170813.2496,156981.0,1.708132,100000.0,1.7332,1.221411405376204,0.486720594623796,0.3984902977665272
2021-03-11,13832.2496,178466.2496,164634.0,1.784662,100000.0,1.7081,1.251827859131641,0.532834140868359,0.4256448975644076
2021-03-12,13832.2496,180335.2496,166503.0,1.803352,100000.0,1.7847,1.256261555212088,0.5470904447879121,0.4354908757002833
2021-03-15,13832.2496,178499.2496,164667.0,1.784992,100000.0,1.8034,1.229206196062811,0.5557858039371892,0.4521501809195154
2021-03-16,13832.2496,177928.2496,164096.0,1.779282,100000.0,1.785,1.2399025031135102,0.5393794968864898,0.4350176691570973
2021-03-17,13832.2496,174697.2496,160865.0,1.746972,100000.0,1.7793,1.2451497310404205,0.5018222689595795,0.4030216257929619
2021-03-18,13832.2496,174477.2496,160645.0,1.744772,100000.0,1.747,1.2551361048030751,0.4896358951969248,0.3901058166705724
2021-03-19,13832.2496,171880.2496,158048.0,1.718802,100000.0,1.7448,1.222260552278447,0.4965414477215528,0.4062484441602383
2021-03-22,13832.2496,173335.2496,159503.0,1.733352,100000.0,1.7188,1.234480812675523,0.4988711873244771,0.4041141686465426
2021-03-23,13832.2496,170286.2496,156454.0,1.702862,100000.0,1.7334,1.2227866493875468,0.4800753506124533,0.3926076154437139
2021-03-24,13832.2496,165492.2496,151660.0,1.654922,100000.0,1.7029,1.203121328875601,0.4518006711243989,0.3755237815845533
2021-03-25,13832.2496,167358.2496,153526.0,1.673582,100000.0,1.6549,1.2025505115593802,0.4710314884406197,0.3916937242243739
2021-03-26,13832.2496,168822.2496,154990.0,1.688222,100000.0,1.6736,1.22980323035635,0.4584187696436499,0.3727578187535072
2021-03-29,13832.2496,169635.2496,155803.0,1.696352,100000.0,1.6882,1.2319726974347711,0.4643793025652287,0.3769396055060028
2021-03-30,13832.2496,170301.2496,156469.0,1.703012,100000.0,1.6964,1.2436536057705274,0.4593583942294725,0.3693620089211811
2021-03-31,13832.2496,168442.2496,154610.0,1.684422,100000.0,1.703,1.2323348041773652,0.4520871958226349,0.3668541976499819
2021-04-01,169654.4171,169654.4171,0.0,1.696544,100000.0,1.6844,1.247570944568644,0.448973055431356,0.3598777747958785
2021-04-02,169654.4171,169654.4171,0.0,1.696544,100000.0,1.6965,1.2599666683111268,0.4365773316888732,0.3464991119757685
2021-04-06,169654.4171,169654.4171,0.0,1.696544,100000.0,1.6965,1.254787936509316,0.4417560634906841,0.3520563520235948
2021-04-07,169654.4171,169654.4171,0.0,1.696544,100000.0,1.6965,1.2458539034284215,0.4506900965715785,0.3617519641198219
2021-04-08,169654.4171,169654.4171,0.0,1.696544,100000.0,1.6965,1.2479204554450405,0.4486235445549598,0.359496907513203
2021-04-09,169654.4171,169654.4171,0.0,1.696544,100000.0,1.6965,1.229155739366239,0.4673882606337611,0.3802514568859676
2021-04-12,169654.4171,169654.4171,0.0,1.696544,100000.0,1.6965,1.207774134442466,0.4887698655575341,0.4046864820326366
2021-04-13,169654.4171,169654.4171,0.0,1.696544,100000.0,1.6965,1.205796363754067,0.4907476362459331,0.4069904761680185
2021-04-14,169654.4171,169654.4171,0.0,1.696544,100000.0,1.6965,1.215800825766436,0.4807431742335641,0.3954127716030342
2021-04-15,169654.4171,169654.4171,0.0,1.696544,100000.0,1.6965,1.2080739453506864,0.4884700546493137,0.404337877270847
2021-04-16,169654.4171,169654.4171,0.0,1.696544,100000.0,1.6965,1.2122742761581655,0.4842697238418343,0.3994720777022009
2021-04-19,169654.4171,169654.4171,0.0,1.696544,100000.0,1.6965,1.2417709143434472,0.4547730856565528,0.3662294553718082
2021-04-20,169654.4171,169654.4171,0.0,1.696544,100000.0,1.6965,1.2408796591675777,0.4556643408324226,0.3672107423681174
2021-04-21,169654.4171,169654.4171,0.0,1.696544,100000.0,1.6965,1.2446338863805508,0.4519101136194492,0.3630867828399107
2021-04-22,169654.4171,169654.4171,0.0,1.696544,100000.0,1.6965,1.2423145382586127,0.4542294617413873,0.3656316075782979
2021-04-23,169654.4171,169654.4171,0.0,1.696544,100000.0,1.6965,1.2535946490612258,0.4429493509387743,0.3533433644364101
2021-04-26,169654.4171,169654.4171,0.0,1.696544,100000.0,1.6965,1.239383729182432,0.4571602708175679,0.3688609589212026
2021-04-27,169654.4171,169654.4171,0.0,1.696544,100000.0,1.6965,1.242626017430482,0.4539179825695181,0.3652892955743319
2021-04-28,169654.4171,169654.4171,0.0,1.696544,100000.0,1.6965,1.2496373745322962,0.4469066254677039,0.3576290486950011
2021-04-29,169654.4171,169654.4171,0.0,1.696544,100000.0,1.6965,1.2606043462426886,0.4359396537573115,0.3458179840936273
2021-04-30,169654.4171,169654.4171,0.0,1.696544,100000.0,1.6965,1.2506740680236828,0.4458699319763173,0.3565036993857893
2021-05-06,169654.4171,169654.4171,0.0,1.696544,100000.0,1.6965,1.2354504990880075,0.4610935009119923,0.3732189199424542
2021-05-07,169654.4171,169654.4171,0.0,1.696544,100000.0,1.6965,1.2195661109782223,0.4769778890217777,0.3911045778725275
2021-05-10,169654.4171,169654.4171,0.0,1.696544,100000.0,1.6965,1.218679835563408,0.4778641644365922,0.3921162478377029
2021-05-11,169654.4171,169654.4171,0.0,1.696544,100000.0,1.6965,1.2261586311183654,0.4703853688816346,0.383625215321937
2021-05-12,169654.4171,169654.4171,0.0,1.696544,100000.0,1.6965,1.2314041258931436,0.4651398741068564,0.3777312941594117
2021-05-13,169654.4171,169654.4171,0.0,1.696544,100000.0,1.6965,1.2188145332178253,0.4777294667821747,0.3919623976922135
2021-05-14,169654.4171,169654.4171,0.0,1.696544,100000.0,1.6965,1.2475253699907538,0.4490186300092462,0.3599274538301167
2021-05-17,169654.4171,169654.4171,0.0,1.696544,100000.0,1.6965,1.265685679776807,0.430858320223193,0.3404149443321278
2021-05-18,169654.4171,169654.4171,0.0,1.696544,100000.0,1.6965,1.266324260900325,0.4302197390996753,0.3397390008099505
2021-05-19,169654.4171,169654.4171,0.0,1.696544,100000.0,1.6965,1.2625822878052413,0.4339617121947587,0.3437096467978484
2021-05-20,169654.4171,169654.4171,0.0,1.696544,100000.0,1.6965,1.2660339457129397,0.4305100542870603,0.3400462173584357
2021-05-21,169654.4171,169654.4171,0.0,1.696544,100000.0,1.6965,1.253276066406676,0.443267933593324,0.3536873841884154
2021-05-24,169654.4171,169654.4171,0.0,1.696544,100000.0,1.6965,1.2585095023483115,0.4380344976516885,0.3480581567595155
2021-05-25,169654.4171,169654.4171,0.0,1.696544,100000.0,1.6965,1.298272040001347,0.398271959998653,0.3067708059077048
2021-05-26,169654.4171,169654.4171,0.0,1.696544,100000.0,1.6965,1.2987882508201172,0.3977557491798829,0.3062514223767583
2021-05-27,169654.4171,169654.4171,0.0,1.696544,100000.0,1.6965,1.3030943283182346,0.3934496716817655,0.3019349122557759
2021-05-28,169654.4171,169654.4171,0.0,1.696544,100000.0,1.6965,1.298909302952821,0.3976346970471791,0.3061296859936508
2021-05-31,169654.4171,169654.4171,0.0,1.696544,100000.0,1.6965,1.3014677772477703,0.3950762227522297,0.3035620471431894
2021-06-01,89164.0763,169590.0763,80426.0,1.695901,100000.0,1.6965,1.303935737062368,0.3919652629376322,0.3006016721504154
2021-06-02,89164.0763,168914.0763,79750.0,1.689141,100000.0,1.6959,1.2913139468143464,0.3978270531856536,0.3080792662133693
2021-06-03,89164.0763,167422.0763,78258.0,1.674221,100000.0,1.6891,1.2828463757628592,0.3913746242371407,0.3050830026349844
2021-06-04,89164.0763,170265.0763,81101.0,1.702651,100000.0,1.6742,1.289435209903398,0.413215790096602,0.320462623420652
2021-06-07,89164.0763,167984.0763,78820.0,1.679841,100000.0,1.7027,1.2883000928993955,0.3915409071006042,0.3039205766254493
2021-06-08,89164.0763,170685.0763,81521.0,1.706851,100000.0,1.6798,1.2771906853764758,0.429660314623524,0.3364104667713525
2021-06-09,89164.0763,170501.0763,81337.0,1.705011,100000.0,1.7069,1.2782483475675983,0.4267626524324015,0.3338652095615815
2021-06-10,89164.0763,175449.0763,86285.0,1.754491,100000.0,1.705,1.286796156239613,0.4676948437603869,0.3634568237498667
2021-06-11,89164.0763,179766.0763,90602.0,1.797661,100000.0,1.7545,1.2753810060342747,0.5222799939657252,0.4095089949549471
2021-06-15,89164.0763,180128.0763,90964.0,1.801281,100000.0,1.7977,1.2611878814780746,0.5400931185219253,0.428241601789697
2021-06-16,89164.0763,173382.0763,84218.0,1.733821,100000.0,1.8013,1.2401779766601044,0.4936430233398956,0.398042081564224
2021-06-17,89164.0763,179035.0763,89871.0,1.790351,100000.0,1.7338,1.2454022098080255,0.5449487901919745,0.4375685107191005
2021-06-18,89164.0763,183164.0763,94000.0,1.831641,100000.0,1.7904,1.2455421557400257,0.5860988442599744,0.4705572120212582
2021-06-21,89164.0763,182960.0763,93796.0,1.829601,100000.0,1.8316,1.242593282824724,0.5870077171752759,0.4724053520077471
2021-06-22,89164.0763,181763.0763,92599.0,1.817631,100000.0,1.8296,1.2503492362572208,0.5672817637427792,0.4536986525787572
2021-06-23,89164.0763,184669.0763,95505.0,1.846691,100000.0,1.8176,1.256509371556352,0.5901816284436481,0.4696993447113176
2021-06-24,89164.0763,184872.0763,95708.0,1.848721,100000.0,1.8467,1.2586038004706412,0.5901171995293588,0.4688665323501255
2021-06-25,89164.0763,185785.0763,96621.0,1.857851,100000.0,1.8487,1.279107380760171,0.578743619239829,0.4524589787730588
2021-06-28,89164.0763,189280.0763,100116.0,1.892801,100000.0,1.8579,1.2819858779346816,0.6108151220653184,0.4764601019235566
2021-06-29,89164.0763,190675.0763,101511.0,1.906751,100000.0,1.8928,1.2670427134854692,0.6397082865145309,0.5048829685897305
2021-06-30,89164.0763,192844.0763,103680.0,1.928441,100000.0,1.9068,1.2752194079059227,0.6532215920940774,0.5122425114018243
2021-07-01,189303.7253,189303.7253,0.0,1.893037,100000.0,1.9284,1.2765920643943645,0.6164449356056356,0.4828832583242533
2021-07-02,189303.7253,189303.7253,0.0,1.893037,100000.0,1.893,1.24033086020661,0.6527061397933902,0.5262355075843752
2021-07-05,189303.7253,189303.7253,0.0,1.893037,100000.0,1.893,1.2414721042695571,0.651564895730443,0.5248324899847856
2021-07-06,189303.7253,189303.7253,0.0,1.893037,100000.0,1.893,1.2408159231081932,0.6522210768918069,0.5256388677363357
2021-07-07,189303.7253,189303.7253,0.0,1.893037,100000.0,1.893,1.2548240885981512,0.6382129114018489,0.5086074751042113
2021-07-08,189303.7253,189303.7253,0.0,1.893037,100000.0,1.893,1.2420736301122832,0.6509633698877169,0.5240940263975091
2021-07-09,189303.7253,189303.7253,0.0,1.893037,100000.0,1.893,1.2374794343801874,0.6555575656198127,0.5297522911547696
2021-07-12,189303.7253,189303.7253,0.0,1.893037,100000.0,1.893,1.2529246759145876,0.6401123240854125,0.5108944986003685
2021-07-13,189303.7253,189303.7253,0.0,1.893037,100000.0,1.893,1.2552169038672507,0.6378200961327494,0.5081353622371261
2021-07-14,189303.7253,189303.7253,0.0,1.893037,100000.0,1.893,1.240811187453072,0.652225812546928,0.5256446904590755
2021-07-15,189303.7253,189303.7253,0.0,1.893037,100000.0,1.893,1.257502589780881,0.6355344102191192,0.5053941163889457
2021-07-16,189303.7253,189303.7253,0.0,1.893037,100000.0,1.893,1.2436642487892529,0.6493727512107472,0.5221447443254339
2021-07-19,189303.7253,189303.7253,0.0,1.893037,100000.0,1.893,1.2482343512656562,0.6448026487343439,0.5165717864442214
2021-07-20,189303.7253,189303.7253,0.0,1.893037,100000.0,1.893,1.247135776919984,0.6459012230800161,0.5179077010164683
2021-07-21,189303.7253,189303.7253,0.0,1.893037,100000.0,1.893,1.2556913725712953,0.6373456274287048,0.5075655064218558
2021-07-22,189303.7253,189303.7253,0.0,1.893037,100000.0,1.893,1.2575731608064191,0.635463839193581,0.505309638435739
2021-07-23,189303.7253,189303.7253,0.0,1.893037,100000.0,1.893,1.2423108034378216,0.6507261965621784,0.5238030569817449
2021-07-26,189303.7253,189303.7253,0.0,1.893037,100000.0,1.893,1.2022947129510717,0.6907422870489284,0.5745199405838515
2021-07-27,189303.7253,189303.7253,0.0,1.893037,100000.0,1.893,1.1598236979066034,0.7332133020933966,0.6321765139105131
2021-07-28,189303.7253,189303.7253,0.0,1.893037,100000.0,1.893,1.1620620516796183,0.7309749483203816,0.6290326297669275
2021-07-29,189303.7253,189303.7253,0.0,1.893037,100000.0,1.893,1.1839808117113044,0.7090561882886957,0.5988747294509265
2021-07-30,189303.7253,189303.7253,0.0,1.893037,100000.0,1.893,1.1744350247490465,0.7186019752509536,0.6118703547729298
2021-08-02,189303.7253,189303.7253,0.0,1.893037,100000.0,1.893,1.20435423471679,0.6886827652832102,0.5718274120945466
2021-08-03,189303.7253,189303.7253,0.0,1.893037,100000.0,1.893,1.204530552432966,0.6885064475670339,0.5715973299111068
2021-08-04,189303.7253,189303.7253,0.0,1.893037,100000.0,1.893,1.2153663172037978,0.6776706827962022,0.5575855387825164
2021-08-05,189303.7253,189303.7253,0.0,1.893037,100000.0,1.893,1.2079997859679172,0.6850372140320828,0.5670838869256856
2021-08-06,189303.7253,189303.7253,0.0,1.893037,100000.0,1.893,1.2013831481614885,0.6916538518385118,0.5757146276747513
2021-08-09,189303.7253,189303.7253,0.0,1.893037,100000.0,1.893,1.2170054397298669,0.6760315602701332,0.5554877062999726
2021-08-10,189303.7253,189303.7253,0.0,1.893037,100000.0,1.893,1.231062353174858,0.6619746468251422,0.537726334590557
2021-08-11,189303.7253,189303.7253,0.0,1.893037,100000.0,1.893,1.2242744018239011,0.6687625981760987,0.5462522104356577
2021-08-12,189303.7253,189303.7253,0.0,1.893037,100000.0,1.893,1.2140244668842357,0.6790125331157646,0.5593071240635157
2021-08-13,189303.7253,189303.7253,0.0,1.893037,100000.0,1.893,1.2073437756807075,0.6856932243192926,0.5679353620162533
2021-08-16,189303.7253,189303.7253,0.0,1.893037,100000.0,1.893,1.2061439217829912,0.6868930782170088,0.5694951206167869
2021-08-17,189303.7253,189303.7253,0.0,1.893037,100000.0,1.893,1.18083887541275,0.71219812458725,0.6031289614667441
2021-08-18,189303.7253,189303.7253,0.0,1.893037,100000.0,1.893,1.1947126361754112,0.6983243638245888,0.584512411336092
2021-08-19,189303.7253,189303.7253,0.0,1.893037,100000.0,1.893,1.1868770797978152,0.7061599202021849,0.5949730871224503
2021-08-20,189303.7253,189303.7253,0.0,1.893037,100000.0,1.893,1.1642065711315783,0.7288304288684215,0.6260318803732721
2021-08-23,189303.7253,189303.7253,0.0,1.893037,100000.0,1.893,1.180466565042112,0.7125704349578881,0.6036345764121391
2021-08-24,189303.7253,189303.7253,0.0,1.893037,100000.0,1.893,1.1932850558518044,0.6997519441481956,0.5864080344563527
2021-08-25,189303.7253,189303.7253,0.0,1.893037,100000.0,1.893,1.1956692385098306,0.6973677614901694,0.5832447126927032
2021-08-26,189303.7253,189303.7253,0.0,1.893037,100000.0,1.893,1.1721013476087794,0.7209356523912207,0.6150796207700058
2021-08-27,189303.7253,189303.7253,0.0,1.893037,100000.0,1.893,1.1783099135252295,0.7147270864747706,0.606569696368312
2021-08-30,189303.7253,189303.7253,0.0,1.893037,100000.0,1.893,1.1749478424953337,0.7180891575046664,0.6111668378228614
2021-08-31,189303.7253,189303.7253,0.0,1.893037,100000.0,1.893,1.1730778933980115,0.7199591066019884,0.6137351242009252
2021-09-01,189303.7253,189303.7253,0.0,1.893037,100000.0,1.893,1.1886637643610272,0.7043732356389729,0.592575677628747
2021-09-02,189303.7253,189303.7253,0.0,1.893037,100000.0,1.893,1.1886521937397525,0.7043848062602478,0.5925911801366417
2021-09-03,189303.7253,189303.7253,0.0,1.893037,100000.0,1.893,1.1822202708936314,0.7108167291063687,0.6012557444722781
2021-09-06,189303.7253,189303.7253,0.0,1.893037,100000.0,1.893,1.2043518424786364,0.6886851575213637,0.5718305342598253
2021-09-07,189303.7253,189303.7253,0.0,1.893037,100000.0,1.893,1.2187792843209468,0.6742577156790532,0.553223807093769
2021-09-08,189303.7253,189303.7253,0.0,1.893037,100000.0,1.893,1.2137270238035758,0.6793099761964243,0.5596892570354113
2021-09-09,189303.7253,189303.7253,0.0,1.893037,100000.0,1.893,1.2132097389186955,0.6798272610813045,0.5603542728623478
2021-09-10,189303.7253,189303.7253,0.0,1.893037,100000.0,1.893,1.223830446361615,0.6692065536383851,0.5468131272823795
2021-09-13,189303.7253,189303.7253,0.0,1.893037,100000.0,1.893,1.2184937780204632,0.6745432219795369,0.5535877442684887
2021-09-14,189303.7253,189303.7253,0.0,1.893037,100000.0,1.893,1.2003083497337943,0.6927286502662056,0.5771255781231877
2021-09-15,189303.7253,189303.7253,0.0,1.893037,100000.0,1.893,1.1881413776621252,0.7048956223378748,0.593275880791964
2021-09-16,189303.7253,189303.7253,0.0,1.893037,100000.0,1.893,1.1735875621777487,0.7194494378222513,0.6130343069478486
2021-09-17,189303.7253,189303.7253,0.0,1.893037,100000.0,1.893,1.1853638182913515,0.7076731817086486,0.5970092648253154
2021-09-22,189303.7253,189303.7253,0.0,1.893037,100000.0,1.893,1.1770220594382823,0.7160149405617178,0.6083275456225741
2021-09-23,189303.7253,189303.7253,0.0,1.893037,100000.0,1.893,1.1846938695553066,0.7083431304446934,0.597912379432318
2021-09-24,189303.7253,189303.7253,0.0,1.893037,100000.0,1.893,1.1837740783957449,0.7092629216042554,0.5991539555972127
2021-09-27,189303.7253,189303.7253,0.0,1.893037,100000.0,1.893,1.19059491081602,0.70244208918398,0.5899925178602807
2021-09-28,189303.7253,189303.7253,0.0,1.893037,100000.0,1.893,1.1921713957594076,0.7008656042405925,0.587889968450505
2021-09-29,189303.7253,189303.7253,0.0,1.893037,100000.0,1.893,1.1799905340600898,0.7130464659399103,0.6042815135867854
2021-09-30,189303.7253,189303.7253,0.0,1.893037,100000.0,1.893,1.187912870097246,0.705124129902754,0.5935823642057438
2021-10-08,189303.7253,189303.7253,0.0,1.893037,100000.0,1.893,1.2034278282864157,0.6896091717135846,0.5730374148780759
2021-10-11,189303.7253,189303.7253,0.0,1.893037,100000.0,1.893,1.2049537100696708,0.6880832899303293,0.5710454137616159
2021-10-12,189303.7253,189303.7253,0.0,1.893037,100000.0,1.893,1.1921735683022203,0.7008634316977795,0.5878870747787859
2021-10-13,189303.7253,189303.7253,0.0,1.893037,100000.0,1.893,1.2059098974240023,0.6871271025759977,0.5697997039777187
2021-10-14,189303.7253,189303.7253,0.0,1.893037,100000.0,1.893,1.1994419201314197,0.6935950798685804,0.578264831524802
2021-10-15,189303.7253,189303.7253,0.0,1.893037,100000.0,1.893,1.2039569278985045,0.6890800721014958,0.57234611648797
2021-10-18,189303.7253,189303.7253,0.0,1.893037,100000.0,1.893,1.1899615779700847,0.7030754220299154,0.5908387590373028
2021-10-19,189303.7253,189303.7253,0.0,1.893037,100000.0,1.893,1.201665944886105,0.6913710551138954,0.5753438033724292
2021-10-20,189303.7253,189303.7253,0.0,1.893037,100000.0,1.893,1.19860519822122,0.6944318017787801,0.5793665861030353
2021-10-21,189303.7253,189303.7253,0.0,1.893037,100000.0,1.893,1.202957851131557,0.690079148868443,0.5736519764340231
2021-10-22,189303.7253,189303.7253,0.0,1.893037,100000.0,1.893,1.2106984014796145,0.6823385985203856,0.5635908973584902
2021-10-25,189303.7253,189303.7253,0.0,1.893037,100000.0,1.893,1.2155312351728536,0.6775057648271465,0.5573742123794971
2021-10-26,189303.7253,189303.7253,0.0,1.893037,100000.0,1.893,1.2115217707952202,0.6815152292047799,0.5625282563081355
2021-10-27,189303.7253,189303.7253,0.0,1.893037,100000.0,1.893,1.1956709960725556,0.6973660039274445,0.5832423854204849
2021-10-28,189303.7253,189303.7253,0.0,1.893037,100000.0,1.893,1.1873649499176404,0.7056720500823597,0.5943177370456383
2021-10-29,189303.7253,189303.7253,0.0,1.893037,100000.0,1.893,1.1982599103774834,0.6947770896225167,0.5798216927775242
2021-11-01,189303.7253,189303.7253,0.0,1.893037,100000.0,1.893,1.1938452545598934,0.6991917454401066,0.5856636299968885
2021-11-02,189303.7253,189303.7253,0.0,1.893037,100000.0,1.893,1.1814350553355206,0.7116019446644795,0.6023199848783805
2021-11-03,189303.7253,189303.7253,0.0,1.893037,100000.0,1.893,1.1768620235879084,0.7161749764120917,0.6085462544102525
2021-11-04,189303.7253,189303.7253,0.0,1.893037,100000.0,1.893,1.188488789227489,0.7045482107725114,0.5928101444107554
2021-11-05,189303.7253,189303.7253,0.0,1.893037,100000.0,1.893,1.1820453445812795,0.7109916554187203,0.6014927081080612
2021-11-08,189303.7253,189303.7253,0.0,1.893037,100000.0,1.893,1.1834693853688427,0.7095676146311574,0.599565669719468
2021-11-09,189303.7253,189303.7253,0.0,1.893037,100000.0,1.893,1.183119068942864,0.7099179310571362,0.6000392941781079
2021-11-10,189303.7253,189303.7253,0.0,1.893037,100000.0,1.893,1.176881698526194,0.716155301473806,0.6085193629662569
2021-11-11,189303.7253,189303.7253,0.0,1.893037,100000.0,1.893,1.1957902418213473,0.6972467581786528,0.5830845024430484
2021-11-12,189303.7253,189303.7253,0.0,1.893037,100000.0,1.893,1.1932813210310134,0.6997556789689867,0.5864129997144236
2021-11-15,189303.7253,189303.7253,0.0,1.893037,100000.0,1.893,1.1918173689232303,0.7012196310767695,0.5883616478171478
2021-11-16,189303.7253,189303.7253,0.0,1.893037,100000.0,1.893,1.1920475364084615,0.7009894635915384,0.5880549576936842
2021-11-17,189303.7253,189303.7253,0.0,1.893037,100000.0,1.893,1.1926416414307923,0.7003953585692078,0.5872638806481343
2021-11-18,189303.7253,189303.7253,0.0,1.893037,100000.0,1.893,1.1808913825991676,0.7121456174008325,0.6030576798971845
2021-11-19,189303.7253,189303.7253,0.0,1.893037,100000.0,1.893,1.193692053675673,0.6993449463243271,0.5858671373164219
2021-11-22,189303.7253,189303.7253,0.0,1.893037,100000.0,1.893,1.1991457464016166,0.6938912535983834,0.5786546428410431
2021-11-23,189303.7253,189303.7253,0.0,1.893037,100000.0,1.893,1.199376841489397,0.693660158510603,0.578350468772775
2021-11-24,189303.7253,189303.7253,0.0,1.893037,100000.0,1.893,1.2001853691642117,0.6928516308357884,0.5772871829943056
2021-11-25,189303.7253,189303.7253,0.0,1.893037,100000.0,1.893,1.1952504503693462,0.6977865496306539,0.5837994450577533
2021-11-26,189303.7253,189303.7253,0.0,1.893037,100000.0,1.893,1.1863857189631333,0.7066512810368668,0.595633671024344
2021-11-29,189303.7253,189303.7253,0.0,1.893037,100000.0,1.893,1.1842611429659866,0.7087758570340135,0.5984962533338565
2021-11-30,189303.7253,189303.7253,0.0,1.893037,100000.0,1.893,1.1795262201629015,0.7135107798370985,0.6049130300287493
2021-12-01,189303.7253,189303.7253,0.0,1.893037,100000.0,1.893,1.1824127728332363,0.7106242271667638,0.6009950530760952
2021-12-02,189303.7253,189303.7253,0.0,1.893037,100000.0,1.893,1.1854182050934612,0.7076187949065389,0.5969359942896681
2021-12-03,189303.7253,189303.7253,0.0,1.893037,100000.0,1.893,1.1963674547130403,0.6966695452869598,0.5823207096970573
2021-12-06,189303.7253,189303.7253,0.0,1.893037,100000.0,1.893,1.194317794827059,0.6987192051729414,0.585036250987216
2021-12-07,189303.7253,189303.7253,0.0,1.893037,100000.0,1.893,1.2015141842268953,0.6915228157731048,0.5755427816426983
2021-12-08,189303.7253,189303.7253,0.0,1.893037,100000.0,1.893,1.2195361103589262,0.6735008896410739,0.5522598994160601
2021-12-09,189303.7253,189303.7253,0.0,1.893037,100000.0,1.893,1.2397383906940376,0.6532986093059625,0.5269648937307081
2021-12-10,189303.7253,189303.7253,0.0,1.893037,100000.0,1.893,1.233984105920885,0.6590528940791152,0.5340853994122428
2021-12-13,189303.7253,189303.7253,0.0,1.893037,100000.0,1.893,1.240985918480677,0.652051081519323,0.5254298794281411
2021-12-14,189303.7253,189303.7253,0.0,1.893037,100000.0,1.893,1.2326605879569703,0.6603764120430295,0.5357325597126026
2021-12-15,189303.7253,189303.7253,0.0,1.893037,100000.0,1.893,1.2219696756474134,0.6710673243525866,0.5491685577197711
2021-12-16,189303.7253,189303.7253,0.0,1.893037,100000.0,1.893,1.229007982044349,0.6640290179556512,0.5402967496200441
2021-12-17,189303.7253,189303.7253,0.0,1.893037,100000.0,1.893,1.2094862934640076,0.6835507065359925,0.5651578775467403
2021-12-20,189303.7253,189303.7253,0.0,1.893037,100000.0,1.893,1.1913389457030534,0.7016980542969466,0.5889995091890903
2021-12-21,189303.7253,189303.7253,0.0,1.893037,100000.0,1.893,1.1994109186777926,0.6936260813222075,0.5783056253038346
2021-12-22,189303.7253,189303.7253,0.0,1.893037,100000.0,1.893,1.199647481738496,0.693389518261504,0.5779943932001281
2021-12-23,189303.7253,189303.7253,0.0,1.893037,100000.0,1.893,1.208016531634994,0.6850204683650061,0.5670621638247473
2021-12-24,189303.7253,189303.7253,0.0,1.893037,100000.0,1.893,1.20132949367718,0.69170750632282,0.5757850031680773
2021-12-27,189303.7253,189303.7253,0.0,1.893037,100000.0,1.893,1.2008361311738385,0.6922008688261616,0.5764324130966338
2021-12-28,189303.7253,189303.7253,0.0,1.893037,100000.0,1.893,1.20978031906159,0.6832566809384102,0.5647774808143706
2021-12-29,189303.7253,189303.7253,0.0,1.893037,100000.0,1.893,1.1920865445367246,0.7009504554632755,0.5880029924636745
2021-12-30,189303.7253,189303.7253,0.0,1.893037,100000.0,1.893,1.201370015262235,0.691666984737765,0.5757318527604403
2021-12-31,189303.7253,189303.7253,0.0,1.893037,100000.0,1.893,1.2059744390329683,0.6870625609670318,0.5697156910870889
2022-01-04,189303.7253,189303.7253,0.0,1.893037,100000.0,1.893,1.2004556920755962,0.6925813079244039,0.5769320038184216
2022-01-05,189303.7253,189303.7253,0.0,1.893037,100000.0,1.893,1.1883370285682788,0.7046999714317213,0.5930135596975812
2022-01-06,189303.7253,189303.7253,0.0,1.893037,100000.0,1.893,1.1761589740872027,0.7168780259127974,0.6095077635820059
2022-01-07,189303.7253,189303.7253,0.0,1.893037,100000.0,1.893,1.1771688647470289,0.7158681352529712,0.6081269703024381
2022-01-10,189303.7253,189303.7253,0.0,1.893037,100000.0,1.893,1.182460153795038,0.710576846204962,0.6009309014975315
2022-01-11,189303.7253,189303.7253,0.0,1.893037,100000.0,1.893,1.1711649816562937,0.7218720183437066,0.6163709038865006
2022-01-12,189303.7253,189303.7253,0.0,1.893037,100000.0,1.893,1.182834514655522,0.7102024853444779,0.6004242153445369
2022-01-13,189303.7253,189303.7253,0.0,1.893037,100000.0,1.893,1.16338913359017,0.72964786640983,0.6271743867489696
2022-01-14,189303.7253,189303.7253,0.0,1.893037,100000.0,1.893,1.1538232567095383,0.7392137432904617,0.6406646243191043
2022-01-17,189303.7253,189303.7253,0.0,1.893037,100000.0,1.893,1.1637204097532916,0.7293165902467085,0.6267111791923659
2022-01-18,189303.7253,189303.7253,0.0,1.893037,100000.0,1.893,1.1749666142416626,0.7180703857583375,0.6111410971636744
2022-01-19,189303.7253,189303.7253,0.0,1.893037,100000.0,1.893,1.1669187345226155,0.7261182654773843,0.6222526419326346
2022-01-20,189303.7253,189303.7253,0.0,1.893037,100000.0,1.893,1.1774471943330516,0.7155898056669485,0.6077468349417439
2022-01-21,189303.7253,189303.7253,0.0,1.893037,100000.0,1.893,1.1666589569875825,0.7263780430124176,0.622613865570441
2022-01-24,189303.7253,189303.7253,0.0,1.893037,100000.0,1.893,1.168471077389124,0.724565922610876,0.6200974389797251
2022-01-25,189303.7253,189303.7253,0.0,1.893037,100000.0,1.893,1.1420376757492547,0.7509993242507453,0.6575959271729266
2022-01-26,189303.7253,189303.7253,0.0,1.893037,100000.0,1.893,1.1503030538555548,0.7427339461444453,0.6456854510252492
2022-01-27,189303.7253,189303.7253,0.0,1.893037,100000.0,1.893,1.1277392683036918,0.7652977316963083,0.6786122938216419
2022-01-28,189303.7253,189303.7253,0.0,1.893037,100000.0,1.893,1.114043826925866,0.778993173074134,0.6992482290608948
2022-02-07,189303.7253,189303.7253,0.0,1.893037,100000.0,1.893,1.1312088435869505,0.7618281564130496,0.6734637558148577
2022-02-08,189303.7253,189303.7253,0.0,1.893037,100000.0,1.893,1.1250288136541926,0.7680081863458075,0.6826564591276993
2022-02-09,189303.7253,189303.7253,0.0,1.893037,100000.0,1.893,1.135595671328057,0.757441328671943,0.6669991334029393
2022-02-10,189303.7253,189303.7253,0.0,1.893037,100000.0,1.893,1.132617969501942,0.760419030498058,0.6713817465146215
2022-02-11,189303.7253,189303.7253,0.0,1.893037,100000.0,1.893,1.123227897715025,0.7698091022849751,0.6853543291178867
2022-02-14,189303.7253,189303.7253,0.0,1.893037,100000.0,1.893,1.1110940019974216,0.7819429980025785,0.7037595348340231
2022-02-15,189303.7253,189303.7253,0.0,1.893037,100000.0,1.893,1.122912317563464,0.7701246824365362,0.6858279764065469
2022-02-16,189303.7253,189303.7253,0.0,1.893037,100000.0,1.893,1.127278591584922,0.7657584084150781,0.6792982800626448
2022-02-17,189303.7253,189303.7253,0.0,1.893037,100000.0,1.893,1.1300066218616738,0.7630303781383263,0.6752441652786441
2022-02-18,189303.7253,189303.7253,0.0,1.893037,100000.0,1.893,1.135394259521859,0.7576427404781412,0.6672948485728669
2022-02-21,189303.7253,189303.7253,0.0,1.893037,100000.0,1.893,1.131263572137368,0.761773427862632,0.6733827965691188
2022-02-22,189303.7253,189303.7253,0.0,1.893037,100000.0,1.893,1.116577817395629,0.7764591826043714,0.6953919113451763
2022-02-23,189303.7253,189303.7253,0.0,1.893037,100000.0,1.893,1.1285130841146824,0.7645239158853177,0.6774612777175606
2022-02-24,189303.7253,189303.7253,0.0,1.893037,100000.0,1.893,1.105633620768885,0.787403379231115,0.7121738742744954
2022-02-25,189303.7253,189303.7253,0.0,1.893037,100000.0,1.893,1.1164001082756283,0.7766368917243716,0.6956617846660289
2022-02-28,189303.7253,189303.7253,0.0,1.893037,100000.0,1.893,1.1184069519807749,0.7746300480192252,0.6926191281691361
2022-03-01,189303.7253,189303.7253,0.0,1.893037,100000.0,1.893,1.127692814944439,0.7653441850555611,0.678681441358008
2022-03-02,189303.7253,189303.7253,0.0,1.893037,100000.0,1.893,1.1176636005903555,0.7753733994096443,0.6937448790495531
2022-03-03,189303.7253,189303.7253,0.0,1.893037,100000.0,1.893,1.1110794776943445,0.7819575223056556,0.7037818067959765
2022-03-04,189303.7253,189303.7253,0.0,1.893037,100000.0,1.893,1.097605269524563,0.795431730475437,0.7246974413852669
2022-03-07,189303.7253,189303.7253,0.0,1.893037,100000.0,1.893,1.062538817420503,0.830498182579497,0.781616792688737
2022-03-08,189303.7253,189303.7253,0.0,1.893037,100000.0,1.893,1.0412072542132136,0.8518297457867865,0.8181173751334168
2022-03-09,189303.7253,189303.7253,0.0,1.893037,100000.0,1.893,1.0316762112493731,0.8613607887506269,0.8349138803031118
2022-03-10,189303.7253,189303.7253,0.0,1.893037,100000.0,1.893,1.0479070833219726,0.8451299166780275,0.806493180672927
2022-03-11,189303.7253,189303.7253,0.0,1.893037,100000.0,1.893,1.0512475021555168,0.8417894978444833,0.800752911296766
2022-03-14,189303.7253,189303.7253,0.0,1.893037,100000.0,1.893,1.019083127859198,0.8739538721408022,0.8575884029958667
2022-03-15,189303.7253,189303.7253,0.0,1.893037,100000.0,1.893,0.9724721494047442,0.9205648505952558,0.9466233569349404
2022-03-16,189303.7253,189303.7253,0.0,1.893037,100000.0,1.893,1.014524034560421,0.8785129654395791,0.8659360798881679
2022-03-17,189303.7253,189303.7253,0.0,1.893037,100000.0,1.893,1.0344466427268726,0.8585903572731275,0.8299996556708078
2022-03-18,189303.7253,189303.7253,0.0,1.893037,100000.0,1.893,1.0413319191137416,0.8517050808862585,0.8178997159821328
2022-03-21,189303.7253,189303.7253,0.0,1.893037,100000.0,1.893,1.0395851458707497,0.8534518541292506,0.8209542599941684
2022-03-22,189303.7253,189303.7253,0.0,1.893037,100000.0,1.893,1.03874276070288,0.8542942392971202,0.8224309921727397
2022-03-23,189303.7253,189303.7253,0.0,1.893037,100000.0,1.893,1.0439232744780096,0.8491137255219905,0.8133871006435514
2022-03-24,189303.7253,189303.7253,0.0,1.893037,100000.0,1.893,1.0377690465424827,0.8552679534575174,0.8241409360849592
2022-03-25,189303.7253,189303.7253,0.0,1.893037,100000.0,1.893,1.019038334420297,0.8739986655797034,0.8576700562269794
2022-03-28,189303.7253,189303.7253,0.0,1.893037,100000.0,1.893,1.0126652411042858,0.8803717588957143,0.86936109107062
2022-03-29,189303.7253,189303.7253,0.0,1.893037,100000.0,1.893,1.0091691070954008,0.8838678929045993,0.8758372473851836
2022-03-30,189303.7253,189303.7253,0.0,1.893037,100000.0,1.893,1.0384507855951433,0.8545862144048568,0.8229433943902191
2022-03-31,189303.7253,189303.7253,0.0,1.893037,100000.0,1.893,1.0307609360495915,0.8622760639504083,0.8365432117122089
2022-04-01,189303.7253,189303.7253,0.0,1.893037,100000.0,1.893,1.0438355428053063,0.8492014571946935,0.8135395111307149
2022-04-06,189303.7253,189303.7253,0.0,1.893037,100000.0,1.893,1.0408289144260046,0.8522080855739955,0.8187782581385823
2022-04-07,189303.7253,189303.7253,0.0,1.893037,100000.0,1.893,1.0274662382574982,0.8655707617425019,0.8424323150612147
2022-04-08,189303.7253,189303.7253,0.0,1.893037,100000.0,1.893,1.032755305941507,0.8602816940584928,0.832996634448874
2022-04-11,189303.7253,189303.7253,0.0,1.893037,100000.0,1.893,1.000851490319211,0.8921855096807891,0.8914264686724263
2022-04-12,189303.7253,189303.7253,0.0,1.893037,100000.0,1.893,1.0203561403053545,0.8726808596946458,0.8552708463473206
2022-04-13,189303.7253,189303.7253,0.0,1.893037,100000.0,1.893,1.0105343671740408,0.8825026328259593,0.8733029390122355
2022-04-14,189303.7253,189303.7253,0.0,1.893037,100000.0,1.893,1.0231867194850075,0.8698502805149926,0.850138360819233
2022-04-15,189303.7253,189303.7253,0.0,1.893037,100000.0,1.893,1.0224980478238197,0.8705389521761806,0.8513844637933019
2022-04-18,189303.7253,189303.7253,0.0,1.893037,100000.0,1.893,1.0170391556414804,0.8759978443585197,0.8613216506949517
2022-04-19,189303.7253,189303.7253,0.0,1.893037,100000.0,1.893,1.0093540417510498,0.8836829582489503,0.8754935549828655
2022-04-20,189303.7253,189303.7253,0.0,1.893037,100000.0,1.893,0.9937037268214404,0.8993332731785596,0.9050315993633802
2022-04-21,189303.7253,189303.7253,0.0,1.893037,100000.0,1.893,0.975405814520354,0.917631185479646,0.940768623499422
2022-04-22,189303.7253,189303.7253,0.0,1.893037,100000.0,1.893,0.9796580910706032,0.9133789089293968,0.9323445774139688
2022-04-25,189303.7253,189303.7253,0.0,1.893037,100000.0,1.893,0.9312428280150916,0.9617941719849086,1.0328070649788907
2022-04-26,189303.7253,189303.7253,0.0,1.893037,100000.0,1.893,0.9237260983979796,0.9693109016020204,1.049348831090838
2022-04-27,189303.7253,189303.7253,0.0,1.893037,100000.0,1.893,0.9509234783796968,0.9421135216203034,0.9907353672932706
2022-04-28,189303.7253,189303.7253,0.0,1.893037,100000.0,1.893,0.9571655600408944,0.9358714399591058,0.9777529395427906
2022-04-29,189303.7253,189303.7253,0.0,1.893037,100000.0,1.893,0.9803882607405824,0.9126487392594176,0.9309054135042432
2022-05-05,189303.7253,189303.7253,0.0,1.893037,100000.0,1.893,0.978916106673415,0.9141208933265852,0.933809227465856
2022-05-06,189303.7253,189303.7253,0.0,1.893037,100000.0,1.893,0.9541649366675704,0.9388720633324298,0.9839725054364804
2022-05-09,189303.7253,189303.7253,0.0,1.893037,100000.0,1.893,0.946505234204876,0.9465317657951242,1.000028031107795
2022-05-10,189303.7253,189303.7253,0.0,1.893037,100000.0,1.893,0.9568631371991791,0.9361738628008208,0.9783780212717592
2022-05-11,189303.7253,189303.7253,0.0,1.893037,100000.0,1.893,0.9706684750685216,0.9223685249314784,0.9502405286896398
2022-05-12,189303.7253,189303.7253,0.0,1.893037,100000.0,1.893,0.9663519254258328,0.9266850745741672,0.958951961694301
2022-05-13,189303.7253,189303.7253,0.0,1.893037,100000.0,1.893,0.973640977438241,0.9193960225617592,0.9442864914958627
2022-05-16,189303.7253,189303.7253,0.0,1.893037,100000.0,1.893,0.965814355337832,0.927222644662168,0.960042309930085
2022-05-17,189303.7253,189303.7253,0.0,1.893037,100000.0,1.893,0.9778623501772372,0.9151746498227628,0.9358931240750684
2022-05-18,189303.7253,189303.7253,0.0,1.893037,100000.0,1.893,0.9744481625304182,0.918588837469582,0.942675939871668
2022-05-19,189303.7253,189303.7253,0.0,1.893037,100000.0,1.893,0.9763257033222896,0.9167112966777106,0.93894004178962
2022-05-20,189303.7253,189303.7253,0.0,1.893037,100000.0,1.893,0.9953663079277728,0.8976706920722273,0.9018495853461872
2022-05-23,189303.7253,189303.7253,0.0,1.893037,100000.0,1.893,0.9896011360299608,0.9034358639700394,0.9129292914864716
2022-05-24,189303.7253,189303.7253,0.0,1.893037,100000.0,1.893,0.96645300969313,0.9265839903068702,0.9587470689351788
2022-05-25,189303.7253,189303.7253,0.0,1.893037,100000.0,1.893,0.97231748388492,0.92071951611508,0.9469330042655626
2022-05-26,189303.7253,189303.7253,0.0,1.893037,100000.0,1.893,0.9747258818516056,0.9183111181483946,0.9421224317999596
2022-05-27,189303.7253,189303.7253,0.0,1.893037,100000.0,1.893,0.976740781052576,0.9162962189474242,0.9381160659228192
2022-05-30,189303.7253,189303.7253,0.0,1.893037,100000.0,1.893,0.9835071778495544,0.9095298221504456,0.924782088666744
2022-05-31,189303.7253,189303.7253,0.0,1.893037,100000.0,1.893,0.9987637254969214,0.8942732745030787,0.8953802102275441
2022-06-01,189303.7253,189303.7253,0.0,1.893037,100000.0,1.893,0.9967277843644344,0.8963092156355656,0.8992517613092317
2022-06-02,189303.7253,189303.7253,0.0,1.893037,100000.0,1.893,0.9982878653890525,0.8947491346109476,0.896283692942863
2022-06-06,189303.7253,189303.7253,0.0,1.893037,100000.0,1.893,1.016966070324821,0.8760709296751792,0.8614554164971899
2022-06-07,189303.7253,189303.7253,0.0,1.893037,100000.0,1.893,1.0201500660758154,0.8728869339241847,0.8556456181803684
2022-06-08,189303.7253,189303.7253,0.0,1.893037,100000.0,1.893,1.030081198665591,0.8629558013344092,0.8377551230449767
2022-06-09,189303.7253,189303.7253,0.0,1.893037,100000.0,1.893,1.0193069730007371,0.8737300269992629,0.8571804668686702
2022-06-10,189303.7253,189303.7253,0.0,1.893037,100000.0,1.893,1.0347634922292912,0.8582735077707089,0.8294393010731826
2022-06-13,189303.7253,189303.7253,0.0,1.893037,100000.0,1.893,1.022645853966897,0.8703911460331031,0.8511168775161118
2022-06-14,189303.7253,189303.7253,0.0,1.893037,100000.0,1.893,1.0306912682160096,0.8623457317839904,0.8366673497453772
2022-06-15,189303.7253,189303.7253,0.0,1.893037,100000.0,1.893,1.044338352208297,0.8486986477917031,0.8126663604732072
2022-06-16,189303.7253,189303.7253,0.0,1.893037,100000.0,1.893,1.0374652078863509,0.8555717921136492,0.8246751655958884
2022-06-17,189303.7253,189303.7253,0.0,1.893037,100000.0,1.893,1.0518633081953868,0.8411736918046133,0.7996986730602478
2022-06-20,189303.7253,189303.7253,0.0,1.893037,100000.0,1.893,1.0570843435555717,0.8359526564444286,0.7908097982348767
2022-06-21,189303.7253,189303.7253,0.0,1.893037,100000.0,1.893,1.0558962555638771,0.8371407444361227,0.7928248064380783
2022-06-22,189303.7253,189303.7253,0.0,1.893037,100000.0,1.893,1.0424843432284696,0.8505526567715305,0.8158901016560633
2022-06-23,189303.7253,189303.7253,0.0,1.893037,100000.0,1.893,1.060366421070874,0.8326705789291262,0.7852668307698809
2022-06-24,189303.7253,189303.7253,0.0,1.893037,100000.0,1.893,1.0727899973004336,0.8202470026995665,0.7645923291265153
2022-06-27,189303.7253,189303.7253,0.0,1.893037,100000.0,1.893,1.084871190546872,0.8081658094531281,0.744941718883456
2022-06-28,189303.7253,189303.7253,0.0,1.893037,100000.0,1.893,1.0961617490834628,0.7968752509165373,0.7269686718979487
2022-06-29,189303.7253,189303.7253,0.0,1.893037,100000.0,1.893,1.0792794803258074,0.8137575196741926,0.7539822024861804
2022-06-30,189303.7253,189303.7253,0.0,1.893037,100000.0,1.893,1.0948177506316803,0.7982192493683198,0.7290886989252492
2022-07-01,76049.1941,189213.1941,113164.0,1.892132,100000.0,1.893,1.0903523451903978,0.8017796548096021,0.7353399645044052
2022-07-04,76049.1941,188561.1941,112512.0,1.885612,100000.0,1.8921,1.0975076759721245,0.7881043240278756,0.7180854779259809
2022-07-05,76049.1941,188019.1941,111970.0,1.880192,100000.0,1.8856,1.0959229402481658,0.7842690597518343,0.715624275165041
2022-07-06,76049.1941,186671.1941,110622.0,1.866712,100000.0,1.8802,1.079917280310336,0.7867947196896639,0.7285694321546206
2022-07-07,76049.1941,188526.1941,112477.0,1.885262,100000.0,1.8667,1.0846782736271794,0.8005837263728206,0.7380840437558109
2022-07-08,76049.1941,187959.1941,111910.0,1.879592,100000.0,1.8853,1.081091722780316,0.7985002772196839,0.7386054859120808
2022-07-11,76049.1941,184713.1941,108664.0,1.847132,100000.0,1.8796,1.0629877770544387,0.7841442229455613,0.7376794351468849
2022-07-12,76049.1941,183418.1941,107369.0,1.834182,100000.0,1.8471,1.0529798487378064,0.7812021512621936,0.7418965825401225
2022-07-13,76049.1941,187879.1941,111830.0,1.878792,100000.0,1.8342,1.054894444810469,0.8238975551895311,0.7810236931691865
2022-07-14,76049.1941,188689.1941,112640.0,1.886892,100000.0,1.8788,1.0550439596950845,0.8318480403049155,0.7884487017444521
2022-07-15,76049.1941,186319.1941,110270.0,1.863192,100000.0,1.8869,1.0370907249728998,0.8261012750271002,0.7965564199300761
2022-07-18,76049.1941,187414.1941,111365.0,1.874142,100000.0,1.8632,1.047845666268962,0.8262963337310378,0.78856682842733
2022-07-19,76049.1941,185180.1941,109131.0,1.851802,100000.0,1.8741,1.042171252957436,0.8096307470425639,0.776869199514977
2022-07-20,76049.1941,185382.1941,109333.0,1.853822,100000.0,1.8518,1.045701659439464,0.8081203405605359,0.7728020064477272
2022-07-21,76049.1941,184159.1941,108110.0,1.841592,100000.0,1.8538,1.0340468460280594,0.8075451539719405,0.7809560631356804
2022-07-22,76049.1941,185022.1941,108973.0,1.850222,100000.0,1.8416,1.034578093772368,0.8156439062276319,0.7883831207497933
2022-07-25,76049.1941,184648.1941,108599.0,1.846482,100000.0,1.8502,1.0283314229196103,0.8181505770803896,0.7956098188242844
2022-07-26,76049.1941,185546.1941,109497.0,1.855462,100000.0,1.8465,1.0364678886821297,0.8189941113178703,0.7901779883979063
2022-07-27,76049.1941,183999.1941,107950.0,1.839992,100000.0,1.8555,1.0313562860121868,0.8086357139878133,0.7840507930721607
2022-07-28,76049.1941,183745.1941,107696.0,1.837452,100000.0,1.84,1.0315119279557476,0.8059400720442524,0.7813191977735692
2022-07-29,76049.1941,180429.1941,104380.0,1.804292,100000.0,1.8375,1.0179466194513724,0.7863453805486276,0.7724819411183197
2022-08-01,182976.0083,182976.0083,0.0,1.82976,100000.0,1.8043,1.022481253335556,0.807278746664444,0.7895291420071764
2022-08-02,182976.0083,182976.0083,0.0,1.82976,100000.0,1.8298,1.0025489297529286,0.8272110702470714,0.8251079280997606
2022-08-03,182976.0083,182976.0083,0.0,1.82976,100000.0,1.8298,0.9927728288418788,0.8369871711581213,0.8430802564716748
2022-08-04,182976.0083,182976.0083,0.0,1.82976,100000.0,1.8298,1.001209447260926,0.828550552739074,0.827549675051303
2022-08-05,182976.0083,182976.0083,0.0,1.82976,100000.0,1.8298,1.01472666689629,0.8150333331037101,0.8032048035128758
2022-08-08,182976.0083,182976.0083,0.0,1.82976,100000.0,1.8298,1.0125696248099123,0.8171903751900875,0.8070461084031597
2022-08-09,182976.0083,182976.0083,0.0,1.82976,100000.0,1.8298,1.014575223574795,0.8151847764252051,0.8034739637667776
2022-08-10,182976.0083,182976.0083,0.0,1.82976,100000.0,1.8298,1.0032112623838303,0.8265487376161695,0.823902969003881
2022-08-11,182976.0083,182976.0083,0.0,1.82976,100000.0,1.8298,1.0236686822412284,0.8060913177587716,0.7874533349930262
2022-08-12,182976.0083,182976.0083,0.0,1.82976,100000.0,1.8298,1.0230850737740624,0.8066749262259376,0.7884729695549084
2022-08-15,182976.0083,182976.0083,0.0,1.82976,100000.0,1.8298,1.021749179639291,0.808010820360709,0.7908113228394877
2022-08-16,182976.0083,182976.0083,0.0,1.82976,100000.0,1.8298,1.0198348032619693,0.8099251967380308,0.7941729328587954
2022-08-17,182976.0083,182976.0083,0.0,1.82976,100000.0,1.8298,1.029384617972139,0.8003753820278607,0.7775280182489799
2022-08-18,182976.0083,182976.0083,0.0,1.82976,100000.0,1.8298,1.0203871173483876,0.8093728826516124,0.7932017847842652
2022-08-19,182976.0083,182976.0083,0.0,1.82976,100000.0,1.8298,1.0133017473273649,0.8164582526726354,0.8057404961810102
2022-08-22,182976.0083,182976.0083,0.0,1.82976,100000.0,1.8298,1.0207036983342783,0.8090563016657215,0.7926456061500005
2022-08-23,182976.0083,182976.0083,0.0,1.82976,100000.0,1.8298,1.0157448815684678,0.8140151184315323,0.8013972142045811
2022-08-24,182976.0083,182976.0083,0.0,1.82976,100000.0,1.8298,0.996542825298193,0.833217174701807,0.8361077452466585
2022-08-25,182976.0083,182976.0083,0.0,1.82976,100000.0,1.8298,1.0047985123989105,0.8249614876010896,0.8210218042934117
2022-08-26,182976.0083,182976.0083,0.0,1.82976,100000.0,1.8298,1.0026762309975443,0.8270837690024557,0.824876209720864
2022-08-29,182976.0083,182976.0083,0.0,1.82976,100000.0,1.8298,0.9982762215359984,0.8314837784640017,0.832919547241783
2022-08-30,182976.0083,182976.0083,0.0,1.82976,100000.0,1.8298,0.9949254282002564,0.8348345717997436,0.8390926074830505
2022-08-31,182976.0083,182976.0083,0.0,1.82976,100000.0,1.8298,0.9956690969283896,0.8340909030716106,0.8377189827873106
2022-09-01,182976.0083,182976.0083,0.0,1.82976,100000.0,1.8298,0.9871008077685066,0.8426591922314934,0.8536708567146798
2022-09-02,182976.0083,182976.0083,0.0,1.82976,100000.0,1.8298,0.9821878340971136,0.8475721659028865,0.8629430506864566
2022-09-05,182976.0083,182976.0083,0.0,1.82976,100000.0,1.8298,0.9801894120466924,0.8495705879533076,0.8667412415518292
2022-09-06,182976.0083,182976.0083,0.0,1.82976,100000.0,1.8298,0.989185643319587,0.840574356680413,0.8497640077544468
2022-09-07,182976.0083,182976.0083,0.0,1.82976,100000.0,1.8298,0.9898454128381816,0.8399145871618185,0.8485310698703279
2022-09-08,182976.0083,182976.0083,0.0,1.82976,100000.0,1.8298,0.9856225998741742,0.8441374001258258,0.8564509379488554
2022-09-09,182976.0083,182976.0083,0.0,1.82976,100000.0,1.8298,0.9993177971460658,0.8304422028539342,0.8310091196470026
2022-09-13,182976.0083,182976.0083,0.0,1.82976,100000.0,1.8298,1.0035474450762267,0.8262125549237733,0.8232919718718594
2022-09-14,182976.0083,182976.0083,0.0,1.82976,100000.0,1.8298,0.9923782560100538,0.8373817439899462,0.8438130711939569
2022-09-15,182976.0083,182976.0083,0.0,1.82976,100000.0,1.8298,0.9830435474489828,0.8467164525510172,0.8613214081393068
2022-09-16,182976.0083,182976.0083,0.0,1.82976,100000.0,1.8298,0.9599911594594928,0.8697688405405072,0.9060175523181028
2022-09-19,182976.0083,182976.0083,0.0,1.82976,100000.0,1.8298,0.9588481334232272,0.8709118665767729,0.9082896823999552
2022-09-20,182976.0083,182976.0083,0.0,1.82976,100000.0,1.8298,0.960028629720372,0.8697313702796281,0.9059431597711364
2022-09-21,182976.0083,182976.0083,0.0,1.82976,100000.0,1.8298,0.9529248297013267,0.8768351702986733,0.920151456829494
2022-09-22,182976.0083,182976.0083,0.0,1.82976,100000.0,1.8298,0.9445298313440376,0.8852301686559625,0.9372177979771232
2022-09-23,182976.0083,182976.0083,0.0,1.82976,100000.0,1.8298,0.9412776568056584,0.8884823431943416,0.9439110094353198
2022-09-26,182976.0083,182976.0083,0.0,1.82976,100000.0,1.8298,0.9365556960276724,0.8932043039723278,0.9537118910928456
2022-09-27,182976.0083,182976.0083,0.0,1.82976,100000.0,1.8298,0.9501323066367944,0.8796276933632056,0.9257949521544472
2022-09-28,182976.0083,182976.0083,0.0,1.82976,100000.0,1.8298,0.9346107819979986,0.8951492180020014,0.957777542527771
2022-09-29,182976.0083,182976.0083,0.0,1.82976,100000.0,1.8298,0.9342284144628772,0.895531585537123,0.9585788354039708
2022-09-30,182976.0083,182976.0083,0.0,1.82976,100000.0,1.8298,0.9287950801718348,0.9009649198281652,0.970036275021482
2022-10-10,182976.0083,182976.0083,0.0,1.82976,100000.0,1.8298,0.9083026799340852,0.9214573200659149,1.0144826613665656
2022-10-11,182976.0083,182976.0083,0.0,1.82976,100000.0,1.8298,0.9099504438102202,0.91980955618978,1.0108347794614805
2022-10-12,182976.0083,182976.0083,0.0,1.82976,100000.0,1.8298,0.9237716485652768,0.9059883514347232,0.980749249927541
2022-10-13,182976.0083,182976.0083,0.0,1.82976,100000.0,1.8298,0.9160497234999888,0.9137102765000112,0.997446157189984
2022-10-14,182976.0083,182976.0083,0.0,1.82976,100000.0,1.8298,0.9379696796507516,0.8917903203492484,0.9507666822250612
2022-10-17,182976.0083,182976.0083,0.0,1.82976,100000.0,1.8298,0.9389319696534346,0.8908280303465654,0.9487673858579716
2022-10-18,182976.0083,182976.0083,0.0,1.82976,100000.0,1.8298,0.9369436779992774,0.8928163220007227,0.9529028723553769
2022-10-19,182976.0083,182976.0083,0.0,1.82976,100000.0,1.8298,0.9218742375503725,0.9078857624496276,0.9848260483578376
2022-10-20,182976.0083,182976.0083,0.0,1.82976,100000.0,1.8298,0.9165999382753744,0.9131600617246256,0.9962471342107868
2022-10-21,182976.0083,182976.0083,0.0,1.82976,100000.0,1.8298,0.91366236746482,0.9160976325351802,1.0026653883940932
2022-10-24,182976.0083,182976.0083,0.0,1.82976,100000.0,1.8298,0.8869279832082466,0.9428320167917534,1.0630310855468643
2022-10-25,182976.0083,182976.0083,0.0,1.82976,100000.0,1.8298,0.8854830957739145,0.9442769042260856,1.0663974374358722
2022-10-26,182976.0083,182976.0083,0.0,1.82976,100000.0,1.8298,0.8926716493732674,0.9370883506267328,1.0497570425639142
2022-10-27,182976.0083,182976.0083,0.0,1.82976,100000.0,1.8298,0.8863839931341796,0.9433760068658203,1.0642972054697446
2022-10-28,182976.0083,182976.0083,0.0,1.82976,100000.0,1.8298,0.8644595454342299,0.9653004545657702,1.1166519701981965
2022-10-31,182976.0083,182976.0083,0.0,1.82976,100000.0,1.8298,0.8564953208187877,0.9732646791812124,1.136333912777009
2022-11-01,182976.0083,182976.0083,0.0,1.82976,100000.0,1.8298,0.8871232435449062,0.9426367564550938,1.0625770019150416
2022-11-02,182976.0083,182976.0083,0.0,1.82976,100000.0,1.8298,0.897774049249496,0.931985950750504,1.038107474291118
2022-11-03,182976.0083,182976.0083,0.0,1.82976,100000.0,1.8298,0.8904732069204725,0.9392867930795276,1.0548175798886383
2022-11-04,182976.0083,182976.0083,0.0,1.82976,100000.0,1.8298,0.9195896745240388,0.9101703254759612,0.9897570086865612
2022-11-07,182976.0083,182976.0083,0.0,1.82976,100000.0,1.8298,0.9215724249734928,0.9081875750265072,0.9854760737362878
2022-11-08,182976.0083,182976.0083,0.0,1.82976,100000.0,1.8298,0.9152325056539216,0.9145274943460784,0.9992296915772902
2022-11-09,182976.0083,182976.0083,0.0,1.82976,100000.0,1.8298,0.9066754453670056,0.9230845546329944,1.0180981070457316
2022-11-10,182976.0083,182976.0083,0.0,1.82976,100000.0,1.8298,0.8996984339701146,0.9300615660298854,1.0337481214964297
2022-11-11,182976.0083,182976.0083,0.0,1.82976,100000.0,1.8298,0.9247803675166192,0.904979632483381,0.9785887160576188
2022-11-14,182976.0083,182976.0083,0.0,1.82976,100000.0,1.8298,0.9261420880592148,0.9036179119407852,0.9756795675211885
2022-11-15,182976.0083,182976.0083,0.0,1.82976,100000.0,1.8298,0.9437068525979262,0.8860531474020739,0.9389071881409596
2022-11-16,182976.0083,182976.0083,0.0,1.82976,100000.0,1.8298,0.9359973281140888,0.8937626718859112,0.9548773752236293
2022-11-17,182976.0083,182976.0083,0.0,1.82976,100000.0,1.8298,0.9321585426055548,0.8976014573944452,0.9629278887317644
2022-11-18,182976.0083,182976.0083,0.0,1.82976,100000.0,1.8298,0.927985454020317,0.9017745459796832,0.9717550442982914
2022-11-21,182976.0083,182976.0083,0.0,1.82976,100000.0,1.8298,0.9200662425391166,0.9096937574608834,0.988726371429944
2022-11-22,182976.0083,182976.0083,0.0,1.82976,100000.0,1.8298,0.9201750649645234,0.9095849350354768,0.9884911791981073
2022-11-23,182976.0083,182976.0083,0.0,1.82976,100000.0,1.8298,0.9211407480396898,0.9086192519603102,0.9864065333055484
2022-11-24,182976.0083,182976.0083,0.0,1.82976,100000.0,1.8298,0.9170591747691336,0.9127008252308666,0.9952474718554948
2022-11-25,182976.0083,182976.0083,0.0,1.82976,100000.0,1.8298,0.9216894249476908,0.9080705750523091,0.9852240358555112
2022-11-28,182976.0083,182976.0083,0.0,1.82976,100000.0,1.8298,0.9113066231481128,0.9184533768518872,1.00784231511353
2022-11-29,182976.0083,182976.0083,0.0,1.82976,100000.0,1.8298,0.9394227446338752,0.8903372553661248,0.947749307169606
2022-11-30,182976.0083,182976.0083,0.0,1.82976,100000.0,1.8298,0.9405490738242508,0.8892109261757493,0.9454168324893863
2022-12-01,182976.0083,182976.0083,0.0,1.82976,100000.0,1.8298,0.9507361514858946,0.8790238485141054,0.9245718143149276
2022-12-02,182976.0083,182976.0083,0.0,1.82976,100000.0,1.8298,0.9449213284410934,0.8848386715589066,0.93641517545031
2022-12-05,182976.0083,182976.0083,0.0,1.82976,100000.0,1.8298,0.963455828213477,0.8663041717865231,0.8991633517780457
2022-12-06,182976.0083,182976.0083,0.0,1.82976,100000.0,1.8298,0.9686606549396396,0.8610993450603603,0.8889587294262697
2022-12-07,182976.0083,182976.0083,0.0,1.82976,100000.0,1.8298,0.9662789133409544,0.8634810866590458,0.893614746981821
2022-12-08,182976.0083,182976.0083,0.0,1.82976,100000.0,1.8298,0.9664592832156358,0.8633007167843643,0.8932613424871465
2022-12-09,182976.0083,182976.0083,0.0,1.82976,100000.0,1.8298,0.9759951350663776,0.8537648649336226,0.8747634432374072
2022-12-12,182976.0083,182976.0083,0.0,1.82976,100000.0,1.8298,0.965058969524864,0.8647010304751359,0.8960084904457826
2022-12-13,182976.0083,182976.0083,0.0,1.82976,100000.0,1.8298,0.9631642192646412,0.8665957807353588,0.8997383451359824
2022-12-14,182976.0083,182976.0083,0.0,1.82976,100000.0,1.8298,0.9654110679241614,0.8643489320758386,0.8953169906518392
2022-12-15,182976.0083,182976.0083,0.0,1.82976,100000.0,1.8298,0.9647038442119844,0.8650561557880155,0.8967064462095453
2022-12-16,182976.0083,182976.0083,0.0,1.82976,100000.0,1.8298,0.965250275345392,0.864509724654608,0.8956327148886474
2022-12-19,182976.0083,182976.0083,0.0,1.82976,100000.0,1.8298,0.95035827549996,0.8794017245000402,0.9253370514792528
2022-12-20,182976.0083,182976.0083,0.0,1.82976,100000.0,1.8298,0.9346858445727242,0.8950741554272759,0.9576203176977008
2022-12-21,182976.0083,182976.0083,0.0,1.82976,100000.0,1.8298,0.9350571541090326,0.8947028458909675,0.95684295014403
2022-12-22,182976.0083,182976.0083,0.0,1.82976,100000.0,1.8298,0.9363971980446832,0.8933628019553169,0.9540425834472512
2022-12-23,182976.0083,182976.0083,0.0,1.82976,100000.0,1.8298,0.9344909259843722,0.8952690740156278,0.958028643319967
2022-12-26,182976.0083,182976.0083,0.0,1.82976,100000.0,1.8298,0.938218399186972,0.8915416008130281,0.9502495384716476
2022-12-27,182976.0083,182976.0083,0.0,1.82976,100000.0,1.8298,0.949048232183606,0.8807117678163942,0.927994740362162
2022-12-28,182976.0083,182976.0083,0.0,1.82976,100000.0,1.8298,0.9449986123798187,0.8847613876201813,0.9362568114169604
2022-12-29,182976.0083,182976.0083,0.0,1.82976,100000.0,1.8298,0.9414435267878564,0.8883164732121436,0.9435685178515392
2022-12-30,182976.0083,182976.0083,0.0,1.82976,100000.0,1.8298,0.9450887851118628,0.8846712148881372,0.9360720694441692
2023-01-03,182976.0083,182976.0083,0.0,1.82976,100000.0,1.8298,0.9490592657718256,0.8807007342281744,0.9279723258504216
2023-01-04,182976.0083,182976.0083,0.0,1.82976,100000.0,1.8298,0.9502916345799596,0.8794683654200404,0.925472069223019
2023-01-05,182976.0083,182976.0083,0.0,1.82976,100000.0,1.8298,0.968753488426365,0.8610065115736351,0.88877771472312
2023-01-06,182976.0083,182976.0083,0.0,1.82976,100000.0,1.8298,0.9717585789382824,0.8580014210617177,0.882936811321128
2023-01-09,182976.0083,182976.0083,0.0,1.82976,100000.0,1.8298,0.979626308477988,0.850133691522012,0.8678142717939412
2023-01-10,182976.0083,182976.0083,0.0,1.82976,100000.0,1.8298,0.9806891701255064,0.8490708298744938,0.8657899523513977
2023-01-11,182976.0083,182976.0083,0.0,1.82976,100000.0,1.8298,0.9788723384794372,0.8508876615205628,0.8692529434862941
2023-01-12,182976.0083,182976.0083,0.0,1.82976,100000.0,1.8298,0.9807857140224294,0.8489742859775706,0.86560629283203
2023-01-13,182976.0083,182976.0083,0.0,1.82976,100000.0,1.8298,0.9945796521446508,0.8351803478553491,0.8397319873319518
2023-01-16,182976.0083,182976.0083,0.0,1.82976,100000.0,1.8298,1.0101016405847214,0.8196583594152786,0.8114612693241443
2023-01-17,182976.0083,182976.0083,0.0,1.82976,100000.0,1.8298,1.009925371689732,0.819834628310268,0.8117774355332628
2023-01-18,182976.0083,182976.0083,0.0,1.82976,100000.0,1.8298,1.0082342301891138,0.8215257698108862,0.8148163841419995
2023-01-19,182976.0083,182976.0083,0.0,1.82976,100000.0,1.8298,1.0145061415954542,0.8152538584045459,0.8035967698750883
2023-01-20,182976.0083,182976.0083,0.0,1.82976,100000.0,1.8298,1.0207354809268934,0.8090245190731067,0.792589788628157
2023-01-30,182976.0083,182976.0083,0.0,1.82976,100000.0,1.8298,1.0255732455600006,0.8041867544399994,0.784133905522159
2023-01-31,182976.0083,182976.0083,0.0,1.82976,100000.0,1.8298,1.014713656050004,0.8150463439499962,0.8032279245385772
2023-02-01,45857.4011,182866.4011,137009.0,1.828664,100000.0,1.8298,1.0242521930660204,0.8044118069339796,0.7853649837214745
2023-02-02,45857.4011,180665.4011,134808.0,1.806654,100000.0,1.8287,1.0206433553473768,0.7860106446526232,0.7701129297854525
2023-02-03,45857.4011,177857.4011,132000.0,1.778574,100000.0,1.8067,1.0109969235085032,0.7675770764914969,0.7592279052914852
2023-02-06,45857.4011,174587.4011,128730.0,1.745874,100000.0,1.7786,0.997631147194634,0.748242852805366,0.7500195386936799
2023-02-07,45857.4011,175055.4011,129198.0,1.750554,100000.0,1.7459,0.9994266928032524,0.7511273071967476,0.7515581809106382
2023-02-08,45857.4011,173720.4011,127863.0,1.737204,100000.0,1.7506,0.9950102306017504,0.7421937693982497,0.74591571681569
2023-02-09,45857.4011,174709.4011,128852.0,1.747094,100000.0,1.7372,1.0083665844265643,0.7387274155734356,0.7325980719536966
2023-02-10,45857.4011,172350.4011,126493.0,1.723504,100000.0,1.7471,1.0023745648842244,0.7211294351157755,0.7194211229801775
2023-02-13,45857.4011,174329.4011,128472.0,1.743294,100000.0,1.7235,1.0114710016430533,0.7318229983569466,0.723523459563506
2023-02-14,45857.4011,174695.4011,128838.0,1.746954,100000.0,1.7433,1.011889936247098,0.7350640637529018,0.7264268942915972
2023-02-15,45857.4011,174153.4011,128296.0,1.741534,100000.0,1.747,1.006617028375924,0.7349169716240758,0.7300859720302872
2023-02-16,45857.4011,171975.4011,126118.0,1.719754,100000.0,1.7415,0.9992446141870324,0.7205093858129676,0.7210540598201385
2023-02-17,45857.4011,169570.4011,123713.0,1.695704,100000.0,1.7198,0.9848470997322384,0.7108569002677616,0.7217941754217789
2023-02-20,45857.4011,171296.4011,125439.0,1.712964,100000.0,1.6957,1.0090093397615547,0.7039546602384452,0.6976691220765123
2023-02-21,45857.4011,173057.4011,127200.0,1.730574,100000.0,1.713,1.0116613066292517,0.7189126933707484,0.7106258672342518
2023-02-22,45857.4011,171206.4011,125349.0,1.712064,100000.0,1.7306,1.002531012377368,0.7095329876226322,0.7077416846587816
2023-02-23,45857.4011,171584.4011,125727.0,1.715844,100000.0,1.7121,1.0017244131394325,0.7141195868605674,0.7128902695128458
2023-02-24,45857.4011,168979.4011,123122.0,1.689794,100000.0,1.7158,0.9913253538846454,0.6984686461153546,0.7045806337730682
2023-02-27,45857.4011,166716.4011,120859.0,1.667164,100000.0,1.6898,0.9871264144809898,0.6800375855190103,0.6889062794217291
2023-02-28,45857.4011,167095.4011,121238.0,1.670954,100000.0,1.6672,0.9933790171079456,0.6775749828920544,0.6820910963719558
2023-03-01,74123.2187,170849.2187,96726.0,1.708492,100000.0,1.671,1.0074109096946948,0.7010810903053051,0.6959236628852612
2023-03-02,74123.2187,170595.2187,96472.0,1.705952,100000.0,1.7085,1.0051642074987348,0.7007877925012651,0.6971873722454918
2023-03-03,74123.2187,170733.2187,96610.0,1.707332,100000.0,1.706,1.0082920832954876,0.6990399167045125,0.6932910892444779
2023-03-06,74123.2187,170315.2187,96192.0,1.703152,100000.0,1.7073,1.0030337729591707,0.7001182270408293,0.6980006515387076
2023-03-07,74123.2187,169151.2187,95028.0,1.691512,100000.0,1.7032,0.988348774945827,0.703163225054173,0.7114525184621334
2023-03-08,74123.2187,168479.2187,94356.0,1.684792,100000.0,1.6915,0.9847496282327658,0.7000423717672343,0.7108836111200489
2023-03-09,74123.2187,167803.2187,93680.0,1.678032,100000.0,1.6848,0.981269361109595,0.696762638890405,0.7100625643732759
2023-03-10,74123.2187,167121.2187,92998.0,1.671212,100000.0,1.678,0.968401243563507,0.7028107564364929,0.7257433435858689
2023-03-13,74123.2187,168287.2187,94164.0,1.682872,100000.0,1.6712,0.9785440404087112,0.7043279595912888,0.719771344473275
2023-03-14,74123.2187,167961.2187,93838.0,1.679612,100000.0,1.6829,0.9726878414080856,0.7069241585919145,0.7267739232440231
2023-03-15,74123.2187,167213.2187,93090.0,1.672132,100000.0,1.6796,0.9732264367410096,0.6989055632589903,0.7181325299787142
2023-03-16,74123.2187,167509.2187,93386.0,1.675092,100000.0,1.6721,0.9615700122304404,0.7135219877695598,0.7420385189784435
2023-03-17,74123.2187,166943.2187,92820.0,1.669432,100000.0,1.6751,0.9663713074369978,0.7030606925630022,0.7275264560861747
2023-03-20,74123.2187,165773.2187,91650.0,1.657732,100000.0,1.6694,0.9615520704442864,0.6961799295557136,0.7240168795373119
2023-03-21,74123.2187,167015.2187,92892.0,1.670152,100000.0,1.6577,0.9721221503164804,0.6980298496835198,0.7180474690925125
2023-03-22,74123.2187,166999.2187,92876.0,1.669992,100000.0,1.6702,0.9762876960283556,0.6937043039716444,0.710553156404315
2023-03-23,74123.2187,167431.2187,93308.0,1.674312,100000.0,1.67,0.9859657151750976,0.6883462848249026,0.6981442399370441
2023-03-24,74123.2187,166755.2187,92632.0,1.667552,100000.0,1.6743,0.9830257521263892,0.6845262478736108,0.6963462008934231
2023-03-27,74123.2187,165037.2187,90914.0,1.650372,100000.0,1.6676,0.97946947041535,0.6709025295846499,0.684965228472256
2023-03-28,74123.2187,165091.2187,90968.0,1.650912,100000.0,1.6504,0.9763052716556084,0.6746067283443915,0.6909792950317684
2023-03-29,74123.2187,167051.2187,92928.0,1.670512,100000.0,1.6509,0.9779235231243144,0.6925884768756856,0.7082235578739047
2023-03-30,74123.2187,168973.2187,94850.0,1.689732,100000.0,1.6705,0.9858280882494708,0.7039039117505291,0.7140229824455977
2023-03-31,74123.2187,168773.2187,94650.0,1.687732,100000.0,1.6897,0.9888550018318936,0.6988769981681066,0.706753767613461
2023-04-03,58581.7673,167811.7673,109230.0,1.678118,100000.0,1.6877,0.9985318248595584,0.6795861751404417,0.6805853936964146
2023-04-04,58581.7673,168786.7673,110205.0,1.687868,100000.0,1.6781,1.0015923274185086,0.6862756725814914,0.6851846343015522
2023-04-06,58581.7673,171686.7673,113105.0,1.716868,100000.0,1.6879,1.0000141337335828,0.7168538662664172,0.7168437345880521
2023-04-07,58581.7673,171266.7673,112685.0,1.712668,100000.0,1.7169,1.0065170914065171,0.706150908593483,0.7015786563611162
2023-04-10,58581.7673,171751.7673,113170.0,1.717518,100000.0,1.7127,1.0020089186055865,0.7155090813944138,0.7140745637175856
2023-04-11,58581.7673,174856.7673,116275.0,1.748568,100000.0,1.7175,1.000870432939694,0.7476975670603059,0.7470473124720203
2023-04-12,58581.7673,175056.7673,116475.0,1.750568,100000.0,1.7486,1.000172216736484,0.750395783263516,0.7502665748025106
2023-04-13,58581.7673,173021.7673,114440.0,1.730218,100000.0,1.7506,0.9932618218489996,0.7369561781510003,0.741955607212532
2023-04-14,58581.7673,175251.7673,116670.0,1.752518,100000.0,1.7302,0.9988811892723938,0.7536368107276062,0.7544809320882009
2023-04-17,58581.7673,176596.7673,118015.0,1.765968,100000.0,1.7525,1.0128891594776048,0.7530788405223952,0.7434958045269175
2023-04-18,58581.7673,177731.7673,119150.0,1.777318,100000.0,1.766,1.0159767089740497,0.7613412910259503,0.7493688431054344
2023-04-19,58581.7673,177211.7673,118630.0,1.772118,100000.0,1.7773,1.0068293028961877,0.7652886971038124,0.7600977592750098
2023-04-20,58581.7673,176776.7673,118195.0,1.767768,100000.0,1.7721,1.004012393648842,0.7637556063511579,0.760703365000776
2023-04-21,58581.7673,175236.7673,116655.0,1.752368,100000.0,1.7678,0.984373583041336,0.767994416958664,0.7801859275681255
2023-04-24,58581.7673,172716.7673,114135.0,1.727168,100000.0,1.7524,0.9721867651572272,0.7549812348427729,0.7765804492521284
2023-04-25,58581.7673,174191.7673,115610.0,1.741918,100000.0,1.7272,0.9673102365017904,0.7746077634982098,0.8007852437285525
2023-04-26,58581.7673,171846.7673,113265.0,1.718468,100000.0,1.7419,0.9664720987771734,0.7519959012228267,0.7780834047607663
2023-04-27,58581.7673,173531.7673,114950.0,1.735318,100000.0,1.7185,0.9735966233900208,0.7617213766099791,0.7823788192256651
2023-04-28,58581.7673,173096.7673,114515.0,1.730968,100000.0,1.7353,0.9835237526424772,0.7474442473575228,0.7599656290448815
2023-05-04,6503.0468,173183.0468,166680.0,1.73183,100000.0,1.731,0.9838072328637084,0.7480227671362915,0.7603346897124497
2023-05-05,6503.0468,170913.0468,164410.0,1.70913,100000.0,1.7318,0.9805436097570216,0.7285863902429786,0.7430433312634837
2023-05-08,6503.0468,172283.0468,165780.0,1.72283,100000.0,1.7091,0.9917199999482496,0.7311100000517505,0.7372141331120696
2023-05-09,6503.0468,171658.0468,165155.0,1.71658,100000.0,1.7228,0.9832282868198832,0.7333517131801167,0.7458610813080266
2023-05-10,6503.0468,170188.0468,163685.0,1.70188,100000.0,1.7166,0.9756595626388154,0.7262204373611847,0.7443379485740029
2023-05-11,6503.0468,171303.0468,164800.0,1.71303,100000.0,1.7019,0.9741446900331864,0.7388853099668136,0.7584964713420979
2023-05-12,6503.0468,170868.0468,164365.0,1.70868,100000.0,1.713,0.9612311199621754,0.7474488800378246,0.7775953821254111
2023-05-15,6503.0468,174303.0468,167800.0,1.74303,100000.0,1.7087,0.9761520951819812,0.7668779048180189,0.7856131320140762
2023-05-16,6503.0468,172453.0468,165950.0,1.72453,100000.0,1.743,0.9711035450748076,0.7534264549251922,0.7758456435942194
2023-05-17,6503.0468,170633.0468,164130.0,1.70633,100000.0,1.7245,0.9666997763818772,0.7396302236181228,0.7651085080275692
2023-05-18,6503.0468,171023.0468,164520.0,1.71023,100000.0,1.7063,0.9657001869924688,0.7445298130075311,0.7709740797775546
2023-05-19,6503.0468,170393.0468,163890.0,1.70393,100000.0,1.7102,0.9628856943938708,0.7410443056061292,0.769607763331255
2023-05-22,6503.0468,172708.0468,166205.0,1.72708,100000.0,1.7039,0.9689364458239468,0.7581435541760531,0.7824492075239842
2023-05-23,6503.0468,169953.0468,163450.0,1.69953,100000.0,1.7271,0.9552324607384288,0.744297539261571,0.7791794875628519
2023-05-24,6503.0468,165148.0468,158645.0,1.65148,100000.0,1.6995,0.9420276234668896,0.7094523765331103,0.7531120732130485
2023-05-25,6503.0468,165663.0468,159160.0,1.65663,100000.0,1.6515,0.939929801480117,0.7167001985198831,0.7625039629462627
2023-05-26,6503.0468,165603.0468,159100.0,1.65603,100000.0,1.6566,0.940040015309348,0.7159899846906519,0.7616590496469815
2023-05-29,6503.0468,165218.0468,158715.0,1.65218,100000.0,1.656,0.9358878954238464,0.7162921045761537,0.7653610096663963
2023-05-30,6503.0468,163698.0468,157195.0,1.63698,100000.0,1.6522,0.93681830519154,0.70016169480846,0.7473825937520577
2023-05-31,6503.0468,161108.0468,154605.0,1.61108,100000.0,1.637,0.9272469847485786,0.6838330152514215,0.7374874510234635
2023-06-01,161095.0698,161095.0698,0.0,1.610951,100000.0,1.6111,0.929279044596714,0.6816719554032861,0.7335492598986952
2023-06-02,161095.0698,161095.0698,0.0,1.610951,100000.0,1.611,0.9426965225474182,0.6682544774525818,0.7088755092113626
2023-06-05,161095.0698,161095.0698,0.0,1.610951,100000.0,1.611,0.9384040417498284,0.6725469582501716,0.7166923077143648
2023-06-06,161095.0698,161095.0698,0.0,1.610951,100000.0,1.611,0.9295951617813296,0.6813558382186703,0.7329597509017014
2023-06-07,161095.0698,161095.0698,0.0,1.610951,100000.0,1.611,0.9250008195856736,0.6859501804143264,0.7415671055530277
2023-06-08,161095.0698,161095.0698,0.0,1.610951,100000.0,1.611,0.9325302427113568,0.6784207572886432,0.7275053678861036
2023-06-09,161095.0698,161095.0698,0.0,1.610951,100000.0,1.611,0.9365618719078032,0.6743891280921968,0.7200689546740215
2023-06-12,161095.0698,161095.0698,0.0,1.610951,100000.0,1.611,0.9384487619569496,0.6725022380430505,0.7166105016119153
2023-06-13,161095.0698,161095.0698,0.0,1.610951,100000.0,1.611,0.943446830956958,0.6675041690430421,0.7075164674261278
2023-06-14,161095.0698,161095.0698,0.0,1.610951,100000.0,1.611,0.9432313586489576,0.6677196413510424,0.7079065334590382
2023-06-15,161095.0698,161095.0698,0.0,1.610951,100000.0,1.611,0.9582376977139064,0.6527133022860936,0.6811601169973684
2023-06-16,161095.0698,161095.0698,0.0,1.610951,100000.0,1.611,0.9674774734772188,0.6434735265227811,0.6651044020798411
2023-06-19,161095.0698,161095.0698,0.0,1.610951,100000.0,1.611,0.9595579446583044,0.6513930553416957,0.6788470242655902
2023-06-20,161095.0698,161095.0698,0.0,1.610951,100000.0,1.611,0.9579297092568948,0.6530212907431051,0.6817006346422645
2023-06-21,161095.0698,161095.0698,0.0,1.610951,100000.0,1.611,0.9432332138540566,0.6677177861459435,0.7079031742506656
2023-06-26,161095.0698,161095.0698,0.0,1.610951,100000.0,1.611,0.929969449410034,0.6809815505899661,0.7322622813276027
2023-06-27,161095.0698,161095.0698,0.0,1.610951,100000.0,1.611,0.9386931119969498,0.6722578880030502,0.7161636528608453
2023-06-28,161095.0698,161095.0698,0.0,1.610951,100000.0,1.611,0.9375617298137392,0.6733892701862609,0.7182345959449945
2023-06-29,161095.0698,161095.0698,0.0,1.610951,100000.0,1.611,0.932934677422918,0.678016322577082,0.7267564803679429
2023-06-30,161095.0698,161095.0698,0.0,1.610951,100000.0,1.611,0.9379652369227508,0.6729857630772492,0.7174954215629157
2023-07-03,161095.0698,161095.0698,0.0,1.610951,100000.0,1.611,0.950275621230684,0.660675378769316,0.695246057047836
2023-07-04,161095.0698,161095.0698,0.0,1.610951,100000.0,1.611,0.9517722835336316,0.6591787164663684,0.6925802819336626
2023-07-05,161095.0698,161095.0698,0.0,1.610951,100000.0,1.611,0.9443983558879488,0.6665526441120513,0.7057960657770741
2023-07-06,161095.0698,161095.0698,0.0,1.610951,100000.0,1.611,0.9380392254313664,0.6729117745686337,0.7173599528944952
2023-07-07,161095.0698,161095.0698,0.0,1.610951,100000.0,1.611,0.933875779030524,0.6770752209694759,0.7250163631745132
2023-07-10,161095.0698,161095.0698,0.0,1.610951,100000.0,1.611,0.9384230087809056,0.6725279912190945,0.7166576106150335
2023-07-11,161095.0698,161095.0698,0.0,1.610951,100000.0,1.611,0.9445645187972675,0.6663864812027324,0.7054959909475058
2023-07-12,161095.0698,161095.0698,0.0,1.610951,100000.0,1.611,0.9382057544995864,0.6727452455004136,0.7170551259933784
2023-07-13,161095.0698,161095.0698,0.0,1.610951,100000.0,1.611,0.9516281633901588,0.6593228366098413,0.6928366162062871
2023-07-14,161095.0698,161095.0698,0.0,1.610951,100000.0,1.611,0.951794106604137,0.659156893395863,0.6925414738568187
2023-07-17,161095.0698,161095.0698,0.0,1.610951,100000.0,1.611,0.9440003411624532,0.6669506588375467,0.7065152730943463
2023-07-18,161095.0698,161095.0698,0.0,1.610951,100000.0,1.611,0.9410135585955912,0.6699374414044089,0.7119317626031363
2023-07-19,161095.0698,161095.0698,0.0,1.610951,100000.0,1.611,0.9400193151261388,0.6709316848738611,0.7137424455835042
2023-07-20,161095.0698,161095.0698,0.0,1.610951,100000.0,1.611,0.933386541917468,0.677564458082532,0.7259205352271338
2023-07-21,161095.0698,161095.0698,0.0,1.610951,100000.0,1.611,0.9329509104675332,0.6780000895324668,0.7267264353627116
2023-07-24,161095.0698,161095.0698,0.0,1.610951,100000.0,1.611,0.9288770265338998,0.6820739734661002,0.7342995401783765
2023-07-25,161095.0698,161095.0698,0.0,1.610951,100000.0,1.611,0.9557028772839676,0.6552481227160323,0.6856190750185829
2023-07-26,161095.0698,161095.0698,0.0,1.610951,100000.0,1.611,0.9537250089531952,0.6572259910468049,0.6891147709004439
2023-07-27,161095.0698,161095.0698,0.0,1.610951,100000.0,1.611,0.9525857665589076,0.6583652334410925,0.6911348631833452
2023-07-28,161095.0698,161095.0698,0.0,1.610951,100000.0,1.611,0.9746509413298464,0.6363000586701536,0.6528491705984139
2023-07-31,161095.0698,161095.0698,0.0,1.610951,100000.0,1.611,0.979995030491394,0.6309559695086061,0.6438358867924352
2023-08-01,56326.3218,161011.3218,104685.0,1.610113,100000.0,1.611,0.9759357685032112,0.6341772314967887,0.6498145184999458
2023-08-02,56326.3218,158811.3218,102485.0,1.588113,100000.0,1.6101,0.9690749271203422,0.619038072879658,0.6387927863526122
2023-08-03,56326.3218,159306.3218,102980.0,1.593063,100000.0,1.5881,0.977640335830203,0.6154226641697969,0.6294980286867826
2023-08-04,56326.3218,160046.3218,103720.0,1.600463,100000.0,1.5931,0.981447241103748,0.6190157588962519,0.6307173049873764
2023-08-07,56326.3218,159476.3218,103150.0,1.594763,100000.0,1.6005,0.9740200495432518,0.6207429504567481,0.63729997215954
2023-08-08,56326.3218,159671.3218,103345.0,1.596713,100000.0,1.5948,0.9714762460149398,0.6252367539850603,0.6435944847337474
2023-08-09,56326.3218,158836.3218,102510.0,1.588363,100000.0,1.5967,0.9685062091151544,0.6198567908848455,0.6400132338347715
2023-08-10,56326.3218,158456.3218,102130.0,1.584563,100000.0,1.5884,0.9704960142261028,0.6140669857738971,0.632735195995183
2023-08-11,56326.3218,156051.3218,99725.0,1.560513,100000.0,1.5846,0.9481694019997788,0.6123435980002212,0.6458166617787187
2023-08-14,56326.3218,154296.3218,97970.0,1.542963,100000.0,1.5605,0.9412495602126462,0.6017134397873539,0.639270885450842
2023-08-15,56326.3218,154146.3218,97820.0,1.541463,100000.0,1.543,0.9389621899680708,0.6025008100319292,0.6416667427816418
2023-08-16,56326.3218,153041.3218,96715.0,1.530413,100000.0,1.5415,0.9320779388261248,0.5983350611738751,0.6419367268014398
2023-08-17,56326.3218,153171.3218,96845.0,1.531713,100000.0,1.5304,0.9351944392863502,0.59651856071365,0.6378551193790836
2023-08-18,56326.3218,152466.3218,96140.0,1.524663,100000.0,1.5317,0.9236977821096272,0.6009652178903729,0.6506080555025611
2023-08-21,56326.3218,150941.3218,94615.0,1.509413,100000.0,1.5247,0.9104065069268352,0.5990064930731648,0.6579549778210274
2023-08-22,56326.3218,152946.3218,96620.0,1.529463,100000.0,1.5094,0.917405536678979,0.6120574633210211,0.6671612921987344
2023-08-23,56326.3218,151281.3218,94955.0,1.512813,100000.0,1.5295,0.9023702710608432,0.6104427289391567,0.6764880764760888
2023-08-24,56326.3218,152876.3218,96550.0,1.528763,100000.0,1.5128,0.9089111872065248,0.6198518127934753,0.6819718158586503
2023-08-25,56326.3218,152866.3218,96540.0,1.528663,100000.0,1.5288,0.9054259403222992,0.623237059677701,0.6883357676452819
2023-08-28,56326.3218,153276.3218,96950.0,1.532763,100000.0,1.5287,0.916036663832515,0.6167263361674851,0.6732550786638003
2023-08-29,56326.3218,152706.3218,96380.0,1.527063,100000.0,1.5328,0.9251875362146404,0.6018754637853596,0.6505442845111205
2023-08-30,56326.3218,153616.3218,97290.0,1.536163,100000.0,1.5271,0.9247976990379364,0.6113653009620634,0.6610800411788054
2023-08-31,56326.3218,153091.3218,96765.0,1.530913,100000.0,1.5362,0.9191242133289598,0.6117887866710402,0.665621444630659
2023-09-01,155801.8353,155801.8353,0.0,1.558018,100000.0,1.5309,0.9255255008803552,0.6324924991196447,0.6833874361300916
2023-09-04,155801.8353,155801.8353,0.0,1.558018,100000.0,1.558,0.939551949904775,0.6184660500952249,0.6582563637464725
2023-09-05,155801.8353,155801.8353,0.0,1.558018,100000.0,1.558,0.9325621473569388,0.6254558526430611,0.6706854384082861
2023-09-06,155801.8353,155801.8353,0.0,1.558018,100000.0,1.558,0.9305387288588692,0.6274792711411306,0.6743182757268102
2023-09-07,155801.8353,155801.8353,0.0,1.558018,100000.0,1.558,0.917466001718847,0.640551998281153,0.6981751880517606
2023-09-08,155801.8353,155801.8353,0.0,1.558018,100000.0,1.558,0.9129544114348392,0.6450635885651607,0.7065671412347418
2023-09-11,155801.8353,155801.8353,0.0,1.558018,100000.0,1.558,0.919678138514543,0.6383398614854568,0.6940905027018456
2023-09-12,155801.8353,155801.8353,0.0,1.558018,100000.0,1.558,0.9179859473584084,0.6400320526415916,0.6972133445869673
2023-09-13,155801.8353,155801.8353,0.0,1.558018,100000.0,1.558,0.91213875586675,0.6458792441332499,0.7080931930356476
2023-09-14,155801.8353,155801.8353,0.0,1.558018,100000.0,1.558,0.9113713844524188,0.646646615547581,0.7095314013354797
2023-09-15,155801.8353,155801.8353,0.0,1.558018,100000.0,1.558,0.9053343761864304,0.6526836238135694,0.7209310073509965
2023-09-18,155801.8353,155801.8353,0.0,1.558018,100000.0,1.558,0.9099563755844164,0.6480616244155835,0.7121897728331954
2023-09-19,155801.8353,155801.8353,0.0,1.558018,100000.0,1.558,0.9081966403163256,0.6498213596836743,0.7155073371085594
2023-09-20,155801.8353,155801.8353,0.0,1.558018,100000.0,1.558,0.9045808699891548,0.6534371300108452,0.722364524488208
2023-09-21,155801.8353,155801.8353,0.0,1.558018,100000.0,1.558,0.8964655682111189,0.661552431788881,0.7379563200726127
2023-09-22,155801.8353,155801.8353,0.0,1.558018,100000.0,1.558,0.912695659144729,0.6453223408552708,0.7070509587609861
2023-09-25,155801.8353,155801.8353,0.0,1.558018,100000.0,1.558,0.9067568058748288,0.651261194125171,0.7182313823350259
2023-09-26,155801.8353,155801.8353,0.0,1.558018,100000.0,1.558,0.9014570463509076,0.6565609536490923,0.7283330429407
2023-09-27,155801.8353,155801.8353,0.0,1.558018,100000.0,1.558,0.9033127884828668,0.6547052115171332,0.7247824008079469
2023-09-28,155801.8353,155801.8353,0.0,1.558018,100000.0,1.558,0.9006330423598731,0.6573849576401268,0.7299143232826786
2023-10-09,155801.8353,155801.8353,0.0,1.558018,100000.0,1.558,0.8994637749356953,0.6585542250643046,0.7321631436589942
2023-10-10,155801.8353,155801.8353,0.0,1.558018,100000.0,1.558,0.8927261338177497,0.6652918661822502,0.7452362387299281
2023-10-11,155801.8353,155801.8353,0.0,1.558018,100000.0,1.558,0.8952703035049628,0.6627476964950371,0.7402766448304998
2023-10-12,155801.8353,155801.8353,0.0,1.558018,100000.0,1.558,0.9037735140228236,0.6542444859771762,0.7239031414685317
2023-10-13,155801.8353,155801.8353,0.0,1.558018,100000.0,1.558,0.8942602175603899,0.66375778243961,0.7422423243319398
2023-10-16,155801.8353,155801.8353,0.0,1.558018,100000.0,1.558,0.8852738969884184,0.6727441030115815,0.7599276396832275
2023-10-17,155801.8353,155801.8353,0.0,1.558018,100000.0,1.558,0.8883995758317643,0.6696184241682356,0.7537356414666285
2023-10-18,155801.8353,155801.8353,0.0,1.558018,100000.0,1.558,0.8813631978717084,0.6766548021282915,0.7677366195482849
2023-10-19,155801.8353,155801.8353,0.0,1.558018,100000.0,1.558,0.8625591807375222,0.6954588192624777,0.8062737430582245
2023-10-20,155801.8353,155801.8353,0.0,1.558018,100000.0,1.558,0.8569555825574687,0.7010624174425312,0.8180848946106456
2023-10-23,155801.8353,155801.8353,0.0,1.558018,100000.0,1.558,0.8480835279732337,0.7099344720267662,0.8371044226308477
2023-10-24,155801.8353,155801.8353,0.0,1.558018,100000.0,1.558,0.8512291746819863,0.7067888253180136,0.830315555833792
2023-10-25,155801.8353,155801.8353,0.0,1.558018,100000.0,1.558,0.8554588958439278,0.7025591041560721,0.8212657645730403
2023-10-26,155801.8353,155801.8353,0.0,1.558018,100000.0,1.558,0.8578235988484153,0.7001944011515846,0.8162452071632911
2023-10-27,155801.8353,155801.8353,0.0,1.558018,100000.0,1.558,0.8695993423395563,0.6884186576604436,0.7916503890266671
2023-10-30,155801.8353,155801.8353,0.0,1.558018,100000.0,1.558,0.8748199627196531,0.6831980372803468,0.7809584444740043
2023-10-31,155801.8353,155801.8353,0.0,1.558018,100000.0,1.558,0.8720698164452747,0.6859481835547252,0.7865748482739405
2023-11-01,155801.8353,155801.8353,0.0,1.558018,100000.0,1.558,0.8717088325899773,0.6863091674100226,0.7873146878309072
2023-11-02,155801.8353,155801.8353,0.0,1.558018,100000.0,1.558,0.8675986012827616,0.6904193987172383,0.7957820560065907
2023-11-03,155801.8353,155801.8353,0.0,1.558018,100000.0,1.558,0.8749089637432136,0.6831090362567863,0.7807772746254309
2023-11-06,155801.8353,155801.8353,0.0,1.558018,100000.0,1.558,0.8867412665792779,0.671276733420722,0.7570153309885543
2023-11-07,155801.8353,155801.8353,0.0,1.558018,100000.0,1.558,0.8836047250218659,0.674413274978134,0.7632522279251559
2023-11-08,155801.8353,155801.8353,0.0,1.558018,100000.0,1.558,0.8814841767726315,0.6765338232273684,0.7674940073279073
2023-11-09,155801.8353,155801.8353,0.0,1.558018,100000.0,1.558,0.8819123385809838,0.6761056614190161,0.7666359022790006
2023-11-10,155801.8353,155801.8353,0.0,1.558018,100000.0,1.558,0.8754833205954783,0.6825346794045216,0.7796090037903651
2023-11-13,155801.8353,155801.8353,0.0,1.558018,100000.0,1.558,0.873756222290772,0.6842617777092279,0.7831266436252247
2023-11-14,155801.8353,155801.8353,0.0,1.558018,100000.0,1.558,0.8744017116122237,0.6836162883877762,0.781810327346367
2023-11-15,155801.8353,155801.8353,0.0,1.558018,100000.0,1.558,0.880550007773553,0.6774679922264469,0.7693691286647155
2023-11-16,155801.8353,155801.8353,0.0,1.558018,100000.0,1.558,0.8720352754556043,0.6859827245443956,0.7866456138325326
2023-11-17,155801.8353,155801.8353,0.0,1.558018,100000.0,1.558,0.8709866940052289,0.687031305994771,0.7887965576551581
2023-11-20,155801.8353,155801.8353,0.0,1.558018,100000.0,1.558,0.8730017396697599,0.68501626033024,0.7846676921736362
2023-11-21,155801.8353,155801.8353,0.0,1.558018,100000.0,1.558,0.8741598026315641,0.6838581973684358,0.7823034133001245
2023-11-22,155801.8353,155801.8353,0.0,1.558018,100000.0,1.558,0.8652130272209115,0.6928049727790884,0.8007334043552226
2023-11-23,155801.8353,155801.8353,0.0,1.558018,100000.0,1.558,0.8693882639383692,0.6886297360616307,0.7920853830509582
2023-11-24,155801.8353,155801.8353,0.0,1.558018,100000.0,1.558,0.8636489184483814,0.6943690815516185,0.8039946171635477
2023-11-27,155801.8353,155801.8353,0.0,1.558018,100000.0,1.558,0.8572859799392276,0.7007320200607723,0.8173842060387442
2023-11-28,155801.8353,155801.8353,0.0,1.558018,100000.0,1.558,0.8588923922701315,0.6991256077298684,0.8139850975766769
2023-11-29,155801.8353,155801.8353,0.0,1.558018,100000.0,1.558,0.851516511776976,0.7065014882230239,0.8296979312223443
2023-11-30,155801.8353,155801.8353,0.0,1.558018,100000.0,1.558,0.8534438501793968,0.7045741498206031,0.8255659111873606
2023-12-01,155801.8353,155801.8353,0.0,1.558018,100000.0,1.558,0.8501919929787319,0.707826007021268,0.8325484277278705
2023-12-04,155801.8353,155801.8353,0.0,1.558018,100000.0,1.558,0.8446402184884806,0.7133777815115193,0.8445936694657272
2023-12-05,155801.8353,155801.8353,0.0,1.558018,100000.0,1.558,0.8285582998568486,0.7294597001431513,0.8803963466049176
2023-12-06,155801.8353,155801.8353,0.0,1.558018,100000.0,1.558,0.8298620452401037,0.7281559547598963,0.8774421711854761
2023-12-07,155801.8353,155801.8353,0.0,1.558018,100000.0,1.558,0.827832133524188,0.7301858664758119,0.8820458120746251
2023-12-08,155801.8353,155801.8353,0.0,1.558018,100000.0,1.558,0.8298287980118837,0.7281892019881162,0.8775173912169869
2023-12-11,155801.8353,155801.8353,0.0,1.558018,100000.0,1.558,0.8347092079516722,0.7233087920483277,0.866539850235132
2023-12-12,155801.8353,155801.8353,0.0,1.558018,100000.0,1.558,0.8365029471763785,0.7215150528236214,0.8625373709191348
2023-12-13,155801.8353,155801.8353,0.0,1.558018,100000.0,1.558,0.8225405759596514,0.7354774240403485,0.8941533652394875
2023-12-14,155801.8353,155801.8353,0.0,1.558018,100000.0,1.558,0.8182342787661935,0.7397837212338064,0.9041221327824572
2023-12-15,155801.8353,155801.8353,0.0,1.558018,100000.0,1.558,0.8156925989595077,0.7423254010404922,0.9100553345554412
2023-12-18,155801.8353,155801.8353,0.0,1.558018,100000.0,1.558,0.8127179240469752,0.7453000759530247,0.9170464362859878
2023-12-19,155801.8353,155801.8353,0.0,1.558018,100000.0,1.558,0.8138592413417025,0.7441587586582974,0.9143580620052932
2023-12-20,155801.8353,155801.8353,0.0,1.558018,100000.0,1.558,0.804939854616852,0.7530781453831479,0.9355707026602752
2023-12-21,155801.8353,155801.8353,0.0,1.558018,100000.0,1.558,0.8130850837824045,0.7449329162175954,0.9161807676414736
2023-12-22,155801.8353,155801.8353,0.0,1.558018,100000.0,1.558,0.8146371825429786,0.7433808174570213,0.912529937728201
2023-12-25,155801.8353,155801.8353,0.0,1.558018,100000.0,1.558,0.8171326042751587,0.7408853957248412,0.9066893082574364
2023-12-26,155801.8353,155801.8353,0.0,1.558018,100000.0,1.558,0.8116010173456546,0.7464169826543453,0.9196846316130872
2023-12-27,155801.8353,155801.8353,0.0,1.558018,100000.0,1.558,0.8144245906850001,0.7435934093149998,0.9130291715400868
2023-12-28,155801.8353,155801.8353,0.0,1.558018,100000.0,1.558,0.8335095493387031,0.7245084506612968,0.8692263348825617
2023-12-29,155801.8353,155801.8353,0.0,1.558018,100000.0,1.558,0.837554287023809,0.7204637129761909,0.8601994212653472
2024-01-02,155801.8353,155801.8353,0.0,1.558018,100000.0,1.558,0.8266286668586473,0.7313893331413526,0.8847858324594244
2024-01-03,155801.8353,155801.8353,0.0,1.558018,100000.0,1.558,0.8246623691491495,0.7333556308508504,0.889279853532658
2024-01-04,155801.8353,155801.8353,0.0,1.558018,100000.0,1.558,0.8170352304180596,0.7409827695819403,0.9069165465518484
2024-01-05,155801.8353,155801.8353,0.0,1.558018,100000.0,1.558,0.8126558479079422,0.7453621520920577,0.91719287323272
2024-01-08,155801.8353,155801.8353,0.0,1.558018,100000.0,1.558,0.8021458669167155,0.7558721330832844,0.9423125696436012
2024-01-09,155801.8353,155801.8353,0.0,1.558018,100000.0,1.558,0.8037186414499051,0.7542993585500948,0.938511712493494
2024-01-10,155801.8353,155801.8353,0.0,1.558018,100000.0,1.558,0.7999666356009316,0.7580513643990683,0.9476037257849176
2024-01-11,155801.8353,155801.8353,0.0,1.558018,100000.0,1.558,0.8044930187045437,0.7535249812954562,0.9366457679257923
2024-01-12,155801.8353,155801.8353,0.0,1.558018,100000.0,1.558,0.8016845799331105,0.7563334200668894,0.9434301706663673
2024-01-15,155801.8353,155801.8353,0.0,1.558018,100000.0,1.558,0.8008919191440101,0.7571260808559898,0.945353627322402
2024-01-16,155801.8353,155801.8353,0.0,1.558018,100000.0,1.558,0.805763468038392,0.7522545319616079,0.9335922535591614
2024-01-17,155801.8353,155801.8353,0.0,1.558018,100000.0,1.558,0.7882380777868455,0.7697799222131544,0.976583019656299
2024-01-18,155801.8353,155801.8353,0.0,1.558018,100000.0,1.558,0.7993806837167987,0.7586373162832012,0.9490313335516724
2024-01-19,155801.8353,155801.8353,0.0,1.558018,100000.0,1.558,0.798171797899522,0.7598462021004779,0.9519832749040968
2024-01-22,155801.8353,155801.8353,0.0,1.558018,100000.0,1.558,0.7857529817356765,0.7722650182643234,0.982834346436002
2024-01-23,155801.8353,155801.8353,0.0,1.558018,100000.0,1.558,0.7889339993942753,0.7690840006057246,0.974839468442492
2024-01-24,155801.8353,155801.8353,0.0,1.558018,100000.0,1.558,0.799961729071657,0.7580562709283429,0.947615671324746
2024-01-25,155801.8353,155801.8353,0.0,1.558018,100000.0,1.558,0.8160263405925636,0.7419916594074363,0.9092741526807008
2024-01-26,155801.8353,155801.8353,0.0,1.558018,100000.0,1.558,0.8138055624468016,0.7442124375531983,0.9144843337217264
2024-01-29,155801.8353,155801.8353,0.0,1.558018,100000.0,1.558,0.8065163395602396,0.7515016604397603,0.9317872727160412
2024-01-30,155801.8353,155801.8353,0.0,1.558018,100000.0,1.558,0.7921332029449623,0.7658847970550376,0.9668636464267129
2024-01-31,155801.8353,155801.8353,0.0,1.558018,100000.0,1.558,0.7848864544909278,0.7731315455090721,0.9850234273829076
2024-02-01,155801.8353,155801.8353,0.0,1.558018,100000.0,1.558,0.7854623247999837,0.7725556752000162,0.9835680857089432
2024-02-02,155801.8353,155801.8353,0.0,1.558018,100000.0,1.558,0.7761659652811544,0.7818520347188455,1.0073258422709004
2024-02-05,155801.8353,155801.8353,0.0,1.558018,100000.0,1.558,0.781241952895317,0.776776047104683,0.9942835817071995
2024-02-06,155801.8353,155801.8353,0.0,1.558018,100000.0,1.558,0.8084037178212535,0.7496142821787464,0.927277133508302
2024-02-07,155801.8353,155801.8353,0.0,1.558018,100000.0,1.558,0.816199997554058,0.7418180024459419,0.9088679302486892
2024-02-08,155801.8353,155801.8353,0.0,1.558018,100000.0,1.558,0.821399307486111,0.7366186925138889,0.8967851394570896
2024-02-19,155801.8353,155801.8353,0.0,1.558018,100000.0,1.558,0.830889682401336,0.7271283175986639,0.8751201669723547
2024-02-20,155801.8353,155801.8353,0.0,1.558018,100000.0,1.558,0.8326097504551412,0.7254082495448587,0.8712464022290378
2024-02-21,155801.8353,155801.8353,0.0,1.558018,100000.0,1.558,0.8438427976336659,0.714175202366334,0.8463367873365153
2024-02-22,155801.8353,155801.8353,0.0,1.558018,100000.0,1.558,0.851117984429019,0.7069000155709809,0.830554668686988
2024-02-23,155801.8353,155801.8353,0.0,1.558018,100000.0,1.558,0.8518666329182071,0.7061513670817928,0.8289459168775715
2024-02-26,155801.8353,155801.8353,0.0,1.558018,100000.0,1.558,0.8429853023084776,0.7150326976915223,0.8482149044988534
2024-02-27,155801.8353,155801.8353,0.0,1.558018,100000.0,1.558,0.853098342640319,0.7049196573596809,0.8263052711812466
2024-02-28,155801.8353,155801.8353,0.0,1.558018,100000.0,1.558,0.8422288912505861,0.7157891087494138,0.8498747979145813
2024-02-29,155801.8353,155801.8353,0.0,1.558018,100000.0,1.558,0.8582966273274489,0.699721372672551,0.8152442295518891
2024-03-01,17435.2305,155691.2305,138256.0,1.556912,100000.0,1.558,0.8635989011424909,0.6933130988575091,0.8028184125064268
2024-03-04,17435.2305,155902.2305,138467.0,1.559022,100000.0,1.5569,0.8643470370092174,0.6946749629907825,0.8036991315368787
2024-03-05,17435.2305,158070.2305,140635.0,1.580702,100000.0,1.559,0.8703631986284367,0.7103388013715634,0.8161406668973963
2024-03-06,17435.2305,158270.2305,140835.0,1.582702,100000.0,1.5807,0.8668319133650461,0.715870086634954,0.8258464825734697
2024-03-07,17435.2305,160944.2305,143509.0,1.609442,100000.0,1.5827,0.8616254755397186,0.7478165244602815,0.8679136651476702
2024-03-08,17435.2305,161813.2305,144378.0,1.618132,100000.0,1.6094,0.8653335423205601,0.7527984576794398,0.8699517825931771
2024-03-11,17435.2305,162045.2305,144610.0,1.620452,100000.0,1.6181,0.8761605192777656,0.7442914807222344,0.84949214709625
2024-03-12,17435.2305,161387.2305,143952.0,1.613872,100000.0,1.6205,0.8781696087575054,0.7357023912424946,0.8377679936833806
2024-03-13,17435.2305,162434.2305,144999.0,1.624342,100000.0,1.6139,0.8720345187272092,0.7523074812727908,0.8627037865093141
2024-03-14,17435.2305,165935.2305,148500.0,1.659352,100000.0,1.6243,0.8695597483570512,0.7897922516429488,0.9082668018329788
2024-03-15,17435.2305,168644.2305,151209.0,1.686442,100000.0,1.6594,0.87145647587534,0.81498552412466,0.935199343496808
2024-03-18,17435.2305,167101.2305,149666.0,1.671012,100000.0,1.6864,0.8796425683742551,0.7913694316257448,0.899648857476673
2024-03-19,17435.2305,167480.2305,150045.0,1.674802,100000.0,1.671,0.873320786125585,0.801481213874415,0.917739765968608
2024-03-20,17435.2305,166774.2305,149339.0,1.667742,100000.0,1.6748,0.8752134614853684,0.7925285385146317,0.905525992675652
2024-03-21,17435.2305,166159.2305,148724.0,1.661592,100000.0,1.6677,0.8741653682468611,0.7874266317531389,0.9007753685464835
2024-03-22,17435.2305,165780.2305,148345.0,1.657802,100000.0,1.6616,0.865356097708868,0.792445902291132,0.9157454421240292
2024-03-25,17435.2305,166793.2305,149358.0,1.667932,100000.0,1.6578,0.8606597680539588,0.8072722319460411,0.9379690580534136
2024-03-26,17435.2305,166919.2305,149484.0,1.669192,100000.0,1.6679,0.8650495982980543,0.8041424017019457,0.9295910931396988
2024-03-27,17435.2305,167538.2305,150103.0,1.675382,100000.0,1.6692,0.8550509948281031,0.8203310051718968,0.9593942468154356
2024-03-28,17435.2305,169751.2305,152316.0,1.697512,100000.0,1.6754,0.859488401318748,0.8380235986812519,0.975026070619962
2024-03-29,17435.2305,172358.2305,154923.0,1.723582,100000.0,1.6975,0.8635209092965571,0.8600610907034428,0.995993358636871
2024-04-01,30868.5435,174978.5435,144110.0,1.749785,100000.0,1.7236,0.8777186718655045,0.8720663281344955,0.99356018743569
2024-04-02,30868.5435,175088.5435,144220.0,1.750885,100000.0,1.7498,0.8740642351583773,0.8768207648416227,1.0031536923401814
2024-04-03,30868.5435,176312.5435,145444.0,1.763125,100000.0,1.7509,0.870921908290328,0.892203091709672,1.0244352372087184
2024-04-08,30868.5435,172795.5435,141927.0,1.727955,100000.0,1.7631,0.8632581048479413,0.8646968951520586,1.0016666977072526
2024-04-09,30868.5435,171846.5435,140978.0,1.718465,100000.0,1.728,0.862545169056907,0.8559198309430929,0.9923188508248696
2024-04-10,30868.5435,173518.5435,142650.0,1.735185,100000.0,1.7185,0.8555201664333786,0.8796648335666214,1.028222206887186
2024-04-11,30868.5435,173256.5435,142388.0,1.732565,100000.0,1.7352,0.8554069256905652,0.8771580743094347,1.025427837869456
2024-04-12,30868.5435,173219.5435,142351.0,1.732195,100000.0,1.7326,0.8484729013486632,0.8837220986513368,1.041544281787485
2024-04-15,30868.5435,177256.5435,146388.0,1.772565,100000.0,1.7322,0.8663504876418805,0.9062145123581196,1.0460137384175137
2024-04-16,30868.5435,174785.5435,143917.0,1.747855,100000.0,1.7726,0.8570839090470075,0.8907710909529925,1.039304415297496
2024-04-17,30868.5435,175128.5435,144260.0,1.751285,100000.0,1.7479,0.8703360296379752,0.8809489703620248,1.0121940725910936
2024-04-18,30868.5435,176272.5435,145404.0,1.762725,100000.0,1.7513,0.8714098028207464,0.8913151971792537,1.0228427478025537
2024-04-19,30868.5435,175240.5435,144372.0,1.752405,100000.0,1.7627,0.8645406862467127,0.8878643137532873,1.0269780565306084
2024-04-22,30868.5435,172876.5435,142008.0,1.728765,100000.0,1.7524,0.8619147410715873,0.8668502589284128,1.0057262251376389
2024-04-23,30868.5435,170899.5435,140031.0,1.708995,100000.0,1.7288,0.8558903042612034,0.8531046957387967,0.9967453673577816
2024-04-24,30868.5435,173118.5435,142250.0,1.731185,100000.0,1.709,0.859648803328023,0.871536196671977,1.013828197396348
2024-04-25,30868.5435,173362.5435,142494.0,1.733625,100000.0,1.7312,0.8617626142534772,0.8718623857465228,1.011719899803027
2024-04-26,30868.5435,178357.5435,147489.0,1.783575,100000.0,1.7336,0.8749412345476977,0.9086337654523022,1.0385083358450031
2024-04-29,30868.5435,178363.5435,147495.0,1.783635,100000.0,1.7836,0.8846185213766374,0.8990164786233626,1.0162758939574532
2024-04-30,31874.1435,177397.1435,145523.0,1.773971,100000.0,1.7836,0.8798540373449368,0.8941169626550631,1.016210558461681
2024-05-06,25101.1584,179113.1584,154012.0,1.791132,100000.0,1.774,0.8929094085530471,0.8982225914469528,1.005950416518195
2024-05-07,25101.1584,179149.1584,154048.0,1.791492,100000.0,1.7911,0.8931854679538829,0.8983065320461172,1.0057334834432154
2024-05-08,25101.1584,177659.1584,152558.0,1.776592,100000.0,1.7915,0.8861590495159368,0.8904329504840631,1.0048229502034212
2024-05-09,25101.1584,180205.1584,155104.0,1.802052,100000.0,1.7766,0.894541085848127,0.907510914151873,1.0144988626111555
2024-05-10,25101.1584,180297.1584,155196.0,1.802972,100000.0,1.8021,0.894959996041578,0.908012003958422,1.0145839009280562
2024-05-13,25101.1584,180595.1584,155494.0,1.805952,100000.0,1.803,0.8945727463877753,0.9113792536122248,1.0187871889595486
2024-05-14,25101.1584,178119.1584,153018.0,1.781192,100000.0,1.806,0.8927064832900578,0.8884855167099424,0.995271719586309
2024-05-15,27501.1584,178967.1584,151466.0,1.789672,100000.0,1.7812,0.8851417624463085,0.9045302375536914,1.0219043727569672
2024-05-16,27501.1584,180907.1584,153406.0,1.809072,100000.0,1.7897,0.8886332828530397,0.9204387171469604,1.0357914056423887
2024-05-17,27501.1584,181485.1584,153984.0,1.814852,100000.0,1.8091,0.8978142046756488,0.9170377953243511,1.0214115465634088
2024-05-20,27501.1584,179655.1584,152154.0,1.796552,100000.0,1.8149,0.9009857998451928,0.8955662001548073,0.9939848112020004
2024-05-21,27501.1584,179037.1584,151536.0,1.790372,100000.0,1.7966,0.8973727390938897,0.8929992609061104,0.9951263527436822
2024-05-22,27501.1584,178503.1584,151002.0,1.785032,100000.0,1.7904,0.8993963528767065,0.8856356471232935,0.9847000649831416
2024-05-23,27501.1584,177761.1584,150260.0,1.777612,100000.0,1.785,0.8889829646035898,0.8886290353964101,0.9996018717778944
2024-05-24,27501.1584,176577.1584,149076.0,1.765772,100000.0,1.7776,0.8791415165339904,0.8866304834660095,1.008518499912897
2024-05-27,27501.1584,177799.1584,150298.0,1.777992,100000.0,1.7658,0.8874978729219168,0.8904941270780832,1.0033760691124831
2024-05-28,27501.1584,176413.1584,148912.0,1.764132,100000.0,1.778,0.8810203999084991,0.8831116000915009,1.002373611534102
2024-05-29,27501.1584,175251.1584,147750.0,1.752512,100000.0,1.7641,0.8820822363110945,0.8704297636889056,0.9867898114909104
2024-05-30,27501.1584,174459.1584,146958.0,1.744592,100000.0,1.7525,0.8773929124964931,0.8671990875035068,0.9883816875566258
2024-05-31,27501.1584,173709.1584,146208.0,1.737092,100000.0,1.7446,0.8738808627807068,0.8632111372192933,0.9877904116958665
2024-06-03,15990.1764,174339.1764,158349.0,1.743392,100000.0,1.7371,0.8760347559005346,0.8673572440994655,0.9900945576158688
2024-06-04,15990.1764,174831.1764,158841.0,1.748312,100000.0,1.7434,0.8826068443739964,0.8657051556260037,0.9808502632222612
2024-06-05,15990.1764,176072.1764,160082.0,1.760722,100000.0,1.7483,0.8775104495037459,0.883211550496254,1.0064969038211822
2024-06-06,15990.1764,174935.1764,158945.0,1.749352,100000.0,1.7607,0.876888418762558,0.872463581237442,0.994953933213806
2024-06-07,15990.1764,174466.1764,158476.0,1.744662,100000.0,1.7494,0.8724625096614076,0.8721994903385923,0.9996985322350214
2024-06-11,15990.1764,175655.1764,159665.0,1.756552,100000.0,1.7447,0.8648373237777901,0.8917146762222098,1.0310779284212823
2024-06-12,15990.1764,175150.1764,159160.0,1.751502,100000.0,1.7566,0.8651413333080762,0.8863606666919237,1.024527013757059
2024-06-13,15990.1764,177678.1764,161688.0,1.776782,100000.0,1.7515,0.8607494037529477,0.9160325962470524,1.0642268147419736
2024-06-14,15990.1764,176831.1764,160841.0,1.768312,100000.0,1.7768,0.8645092454024047,0.9038027545975954,1.0454518091092253
2024-06-17,15990.1764,177266.1764,161276.0,1.772662,100000.0,1.7683,0.8632070622971277,0.9094549377028722,1.053576803788736
2024-06-18,15990.1764,176967.1764,160977.0,1.769672,100000.0,1.7727,0.8654996075875052,0.9041723924124948,1.0446826139329932
2024-06-19,15990.1764,177470.1764,161480.0,1.774702,100000.0,1.7697,0.8613885707307068,0.9133134292692932,1.0602804126998562
2024-06-20,15990.1764,176933.1764,160943.0,1.769332,100000.0,1.7747,0.8551718516760589,0.914160148323941,1.0689782954528615
2024-06-21,15990.1764,176955.1764,160965.0,1.769552,100000.0,1.7693,0.8533015364198359,0.9162504635801642,1.0737710228724544
2024-06-24,15990.1764,178098.1764,162108.0,1.780982,100000.0,1.7696,0.8487100014424214,0.9322719985575788,1.0984576557047043
2024-06-25,15990.1764,178107.1764,162117.0,1.781072,100000.0,1.781,0.8440944708516883,0.9369775291483116,1.110038700055581
2024-06-26,15990.1764,177979.1764,161989.0,1.779792,100000.0,1.7811,0.8495532898022471,0.930238710197753,1.094973936731252
2024-06-27,15990.1764,177376.1764,161386.0,1.773762,100000.0,1.7798,0.843170578712434,0.930591421287566,1.1036810875311
2024-06-28,15990.1764,177648.1764,161658.0,1.776482,100000.0,1.7738,0.8450110154023273,0.9314709845976726,1.1023181563546602
2024-07-01,178205.0226,178205.0226,0.0,1.78205,100000.0,1.7765,0.8490450368369276,0.9330049631630724,1.098887482622751
2024-07-02,178205.0226,178205.0226,0.0,1.78205,100000.0,1.7821,0.8474834911767052,0.9345665088232948,1.1027548247880057
2024-07-03,178205.0226,178205.0226,0.0,1.78205,100000.0,1.7821,0.8454399339390753,0.9366100660609246,1.107837503839059
2024-07-04,178205.0226,178205.0226,0.0,1.78205,100000.0,1.7821,0.8411433521617934,0.9409066478382064,1.1186043917722408
2024-07-05,178205.0226,178205.0226,0.0,1.78205,100000.0,1.7821,0.8375422281906663,0.9445077718093337,1.1277136125419536
2024-07-08,178205.0226,178205.0226,0.0,1.78205,100000.0,1.7821,0.8303898999119287,0.9516601000880712,1.146040071283387
2024-07-09,178205.0226,178205.0226,0.0,1.78205,100000.0,1.7821,0.8396783015773073,0.9423716984226926,1.1223008819597688
2024-07-10,178205.0226,178205.0226,0.0,1.78205,100000.0,1.7821,0.8370308750799841,0.9450191249200158,1.1290134606202105
2024-07-11,178205.0226,178205.0226,0.0,1.78205,100000.0,1.7821,0.8466006332449674,0.9354493667550324,1.1049476341276918
2024-07-12,178205.0226,178205.0226,0.0,1.78205,100000.0,1.7821,0.8476337872003098,0.93441621279969,1.1023819801780412
2024-07-15,178205.0226,178205.0226,0.0,1.78205,100000.0,1.7821,0.8485724477485751,0.9334775522514248,1.100056400285113
2024-07-16,178205.0226,178205.0226,0.0,1.78205,100000.0,1.7821,0.8539515661116612,0.9280984338883388,1.086827954557533
2024-07-17,178205.0226,178205.0226,0.0,1.78205,100000.0,1.7821,0.8547573353894207,0.9272926646105792,1.0848607273877469
2024-07-18,178205.0226,178205.0226,0.0,1.78205,100000.0,1.7821,0.8594801505381761,0.922569849461824,1.073404486286441
2024-07-19,178205.0226,178205.0226,0.0,1.78205,100000.0,1.7821,0.8638947087133924,0.9181552912866076,1.062809254444938
2024-07-22,178205.0226,178205.0226,0.0,1.78205,100000.0,1.7821,0.85801402588758,0.92403597411242,1.076947399731074
2024-07-23,178205.0226,178205.0226,0.0,1.78205,100000.0,1.7821,0.8396946078537024,0.9423553921462976,1.1222596683751496
2024-07-24,178205.0226,178205.0226,0.0,1.78205,100000.0,1.7821,0.8343946774556273,0.9476553225443726,1.1357398940200794
2024-07-25,178205.0226,178205.0226,0.0,1.78205,100000.0,1.7821,0.8297823690632239,0.952267630936776,1.1476113092301912
2024-07-26,178205.0226,178205.0226,0.0,1.78205,100000.0,1.7821,0.8322286766814698,0.94982132331853,1.1412984795308465
2024-07-29,178205.0226,178205.0226,0.0,1.78205,100000.0,1.7821,0.8277002430880116,0.9543497569119884,1.153013744869119
2024-07-30,178205.0226,178205.0226,0.0,1.78205,100000.0,1.7821,0.8224861647469476,0.9595638352530524,1.166662585197745
2024-07-31,178205.0226,178205.0226,0.0,1.78205,100000.0,1.7821,0.8402332275972197,0.9418167724027802,1.120899223535892
2024-08-01,178205.0226,178205.0226,0.0,1.78205,100000.0,1.7821,0.8346632672148804,0.9473867327851196,1.1350526254094984
2024-08-02,178205.0226,178205.0226,0.0,1.78205,100000.0,1.7821,0.8261501459960966,0.9558998540039032,1.1570534225971314
2024-08-05,178205.0226,178205.0226,0.0,1.78205,100000.0,1.7821,0.8161243735356837,0.9659256264643162,1.1835519900963756
2024-08-06,178205.0226,178205.0226,0.0,1.78205,100000.0,1.7821,0.8160409869486067,0.9660090130513932,1.1837751148549005
2024-08-07,178205.0226,178205.0226,0.0,1.78205,100000.0,1.7821,0.8156772935174412,0.9663727064825588,1.184748814467146
2024-08-08,178205.0226,178205.0226,0.0,1.78205,100000.0,1.7821,0.8160307344993759,0.966019265500624,1.1838025513748134
2024-08-09,178205.0226,178205.0226,0.0,1.78205,100000.0,1.7821,0.8132700184380524,0.9687799815619476,1.1912156597418455
2024-08-12,178205.0226,178205.0226,0.0,1.78205,100000.0,1.7821,0.8118632603506214,0.9701867396493784,1.1950124941364897
2024-08-13,178205.0226,178205.0226,0.0,1.78205,100000.0,1.7821,0.8139444587232842,0.9681055412767156,1.189400002544696
2024-08-14,178205.0226,178205.0226,0.0,1.78205,100000.0,1.7821,0.8078048527332077,0.9742451472667922,1.2060402261393128
2024-08-15,178205.0226,178205.0226,0.0,1.78205,100000.0,1.7821,0.8157905586708478,0.966259441329152,1.1844454818200645
2024-08-16,178205.0226,178205.0226,0.0,1.78205,100000.0,1.7821,0.8166891126141461,0.9653608873858538,1.1820420677530803
2024-08-19,178205.0226,178205.0226,0.0,1.78205,100000.0,1.7821,0.8194557360390738,0.962594263960926,1.1746751186509812
2024-08-20,178205.0226,178205.0226,0.0,1.78205,100000.0,1.7821,0.8135326764231076,0.9685173235768924,1.190508201631448
2024-08-21,178205.0226,178205.0226,0.0,1.78205,100000.0,1.7821,0.8108308143024876,0.9712191856975124,1.1978074446183915
2024-08-22,178205.0226,178205.0226,0.0,1.78205,100000.0,1.7821,0.8087560847370774,0.9732939152629224,1.203445555008511
2024-08-23,178205.0226,178205.0226,0.0,1.78205,100000.0,1.7821,0.8121869448191932,0.9698630551808068,1.1941377060631218
2024-08-26,178205.0226,178205.0226,0.0,1.78205,100000.0,1.7821,0.8114625848704446,0.9705874151295552,1.196096324372757
2024-08-27,178205.0226,178205.0226,0.0,1.78205,100000.0,1.7821,0.806851594650085,0.9751984053499148,1.2086465612958706
2024-08-28,178205.0226,178205.0226,0.0,1.78205,100000.0,1.7821,0.8022530782429563,0.9797969217570436,1.221306528237863
2024-08-29,178205.0226,178205.0226,0.0,1.78205,100000.0,1.7821,0.8001014308977218,0.981948569102278,1.2272801062241845
2024-08-30,178205.0226,178205.0226,0.0,1.78205,100000.0,1.7821,0.8107813340296521,0.9712686659703478,1.197941572166024
2024-09-02,178205.0226,178205.0226,0.0,1.78205,100000.0,1.7821,0.7970085598919142,0.9850414401080856,1.2359232882538569
2024-09-03,178205.0226,178205.0226,0.0,1.78205,100000.0,1.7821,0.7990632483601374,0.9829867516398624,1.230173898821124
2024-09-04,178205.0226,178205.0226,0.0,1.78205,100000.0,1.7821,0.7938727506523044,0.9881772493476956,1.2447552186867936
2024-09-05,178205.0226,178205.0226,0.0,1.78205,100000.0,1.7821,0.795238010730944,0.986811989269056,1.2409014357374923
2024-09-06,178205.0226,178205.0226,0.0,1.78205,100000.0,1.7821,0.7887906603897901,0.9932593396102098,1.2592179262358143
2024-09-09,178205.0226,178205.0226,0.0,1.78205,100000.0,1.7821,0.7794184327466532,1.0026315672533466,1.2863842130601086
2024-09-10,178205.0226,178205.0226,0.0,1.78205,100000.0,1.7821,0.7801028081434016,1.0019471918565983,1.2843783939724216
2024-09-11,178205.0226,178205.0226,0.0,1.78205,100000.0,1.7821,0.7777532152962328,1.0042967847037672,1.2912795022277703
2024-09-12,178205.0226,178205.0226,0.0,1.78205,100000.0,1.7821,0.77441989994537,1.00763010005463,1.3011417967509762
2024-09-13,178205.0226,178205.0226,0.0,1.78205,100000.0,1.7821,0.7711909398813205,1.010859060118679,1.3107766285146476
2024-09-18,178205.0226,178205.0226,0.0,1.78205,100000.0,1.7821,0.7740624068049298,1.00798759319507,1.302204556549523
2024-09-19,178205.0226,178205.0226,0.0,1.78205,100000.0,1.7821,0.7801712798579071,1.001878720142093,1.2841779055550022
2024-09-20,178205.0226,178205.0226,0.0,1.78205,100000.0,1.7821,0.7813952270113158,1.000654772988684,1.2806000579450596
2024-09-23,178205.0226,178205.0226,0.0,1.78205,100000.0,1.7821,0.7842547327441559,0.997795267255844,1.272284661597765
2024-09-24,178205.0226,178205.0226,0.0,1.78205,100000.0,1.7821,0.8182208773504118,0.963829122649588,1.1779571376505196
2024-09-25,178205.0226,178205.0226,0.0,1.78205,100000.0,1.7821,0.8303343902225205,0.9517156097774794,1.14618353880589
2024-09-26,178205.0226,178205.0226,0.0,1.78205,100000.0,1.7821,0.8654337478064927,0.9166162521935072,1.0591408695544176
2024-09-27,178205.0226,178205.0226,0.0,1.78205,100000.0,1.7821,0.9040914620019436,0.8779585379980565,0.9710948227007692
2024-09-30,178205.0226,178205.0226,0.0,1.78205,100000.0,1.7821,0.9807821256651956,0.8012678743348044,0.8169682678417092
2024-10-08,34793.385,178090.385,143297.0,1.780904,100000.0,1.7821,1.038938338377251,0.741965661622749,0.7141575531630178
2024-10-09,34793.385,162473.385,127680.0,1.624734,100000.0,1.7809,0.96567914506095,0.65905485493905,0.6824780863393847
2024-10-10,34793.385,164093.385,129300.0,1.640934,100000.0,1.6247,0.9758837495286594,0.6650502504713405,0.6814851162267557
2024-10-11,34793.385,159358.385,124565.0,1.593584,100000.0,1.6409,0.9488805314068988,0.644703468593101,0.6794358691680642
2024-10-14,34793.385,162818.385,128025.0,1.628184,100000.0,1.5936,0.966987186708644,0.6611968132913559,0.6837699841110474
2024-10-15,34793.385,159286.385,124493.0,1.592864,100000.0,1.6282,0.9412712368195892,0.6515927631804109,0.6922476090760434
2024-10-16,34793.385,157610.385,122817.0,1.576104,100000.0,1.5929,0.935313611803359,0.6407903881966409,0.6851075191359035
2024-10-17,34793.385,156073.385,121280.0,1.560734,100000.0,1.5761,0.9247273965289232,0.6360066034710767,0.6877773988944254
2024-10-18,35630.385,161431.385,125801.0,1.614314,100000.0,1.5607,0.9581729119990026,0.6561410880009975,0.6847835915462412
2024-10-21,35630.385,164706.385,129076.0,1.647064,100000.0,1.6143,0.9606050370624792,0.6864589629375207,0.7146110383063422
2024-10-22,35630.385,167179.385,131549.0,1.671794,100000.0,1.6471,0.9661164852524228,0.7056775147475771,0.7304269469775175
2024-10-23,35630.385,171779.385,136149.0,1.717794,100000.0,1.6718,0.9698838697752424,0.7479101302247575,0.7711336929421
2024-10-24,35630.385,168336.385,132706.0,1.683364,100000.0,1.7178,0.9590515468980813,0.7243124531019189,0.7552382929203407
2024-10-25,35630.385,174828.385,139198.0,1.748284,100000.0,1.6834,0.96578584376473,0.7824981562352701,0.8102191197843758
2024-10-28,35630.385,173244.385,137614.0,1.732444,100000.0,1.7483,0.9676742228600737,0.7647697771399264,0.790317401324963
2024-10-29,35630.385,170395.385,134765.0,1.703954,100000.0,1.7324,0.9580301100275735,0.7459238899724264,0.7786017184271563
2024-10-30,35630.385,168556.385,132926.0,1.685564,100000.0,1.704,0.9494375079166576,0.7361264920833424,0.7753290616236745
2024-10-31,35630.385,169776.385,134146.0,1.697764,100000.0,1.6856,0.949825856047164,0.7479381439528362,0.7874476560003196
2024-11-01,12885.7385,167789.7385,154904.0,1.677897,100000.0,1.6978,0.94957703886857,0.7283199611314299,0.766994073486897
2024-11-04,12885.7385,170252.7385,157367.0,1.702527,100000.0,1.6779,0.9629397882688566,0.7395872117311433,0.7680513576666619
2024-11-05,12885.7385,174965.7385,162080.0,1.749657,100000.0,1.7025,0.9873041480115796,0.7623528519884204,0.7721560306657185
2024-11-06,12885.7385,171635.7385,158750.0,1.716357,100000.0,1.7497,0.9823513850729338,0.7340056149270661,0.7471925281324567
2024-11-07,12885.7385,175823.7385,162938.0,1.758237,100000.0,1.7164,1.011988799150391,0.746248200849609,0.737407569605629
2024-11-08,12885.7385,173360.7385,160475.0,1.733607,100000.0,1.7582,1.0018222263872087,0.7317847736127912,0.7304537215667175
2024-11-11,12885.7385,177003.7385,164118.0,1.770037,100000.0,1.7336,1.0084336403266487,0.7616033596733514,0.7552339878573022
2024-11-12,12885.7385,177088.7385,164203.0,1.770887,100000.0,1.77,0.9973541113700584,0.7735328886299417,0.7755850001634275
2024-11-13,12885.7385,178988.7385,166103.0,1.789887,100000.0,1.7709,1.003492667704618,0.7863943322953819,0.7836572778296176
2024-11-14,12885.7385,174836.7385,161951.0,1.748367,100000.0,1.7899,0.9860949936777752,0.7622720063222248,0.7730208663561182
2024-11-15,12885.7385,169925.7385,157040.0,1.699257,100000.0,1.7484,0.9688151495853062,0.7304418504146938,0.7539537864652031
2024-11-18,12885.7385,168462.7385,155577.0,1.684627,100000.0,1.6993,0.9643113462805952,0.7203156537194049,0.7469741556995093
2024-11-19,12885.7385,170734.7385,157849.0,1.707347,100000.0,1.6846,0.9707827410562546,0.7365642589437453,0.75873233813606
2024-11-20,12885.7385,170249.7385,157364.0,1.702497,100000.0,1.7073,0.9729507679096648,0.7295462320903351,0.7498285176933752
2024-11-21,12885.7385,170447.7385,157562.0,1.704477,100000.0,1.7025,0.9738112901484356,0.7306657098515644,0.7503155049066959
2024-11-22,12885.7385,163907.7385,151022.0,1.639077,100000.0,1.7045,0.9436400408037686,0.6954369591962313,0.7369727111239108
2024-11-25,12885.7385,164667.7385,151782.0,1.646677,100000.0,1.6391,0.9393418235167283,0.7073351764832716,0.7530114797136731
2024-11-26,12885.7385,164174.7385,151289.0,1.641747,100000.0,1.6467,0.9374118731808128,0.7043351268191872,0.7513614313730068
2024-11-27,12885.7385,166275.7385,153390.0,1.662757,100000.0,1.6417,0.9537327959324892,0.7090242040675108,0.7434201771097526
2024-11-28,12885.7385,164661.7385,151776.0,1.646617,100000.0,1.6628,0.9453125570216178,0.7013044429783822,0.7418757296401222
2024-11-29,12885.7385,166708.7385,153823.0,1.667087,100000.0,1.6466,0.9560612003845812,0.7110257996154188,0.7437032266652015
2024-12-02,18052.7225,167169.7225,149117.0,1.671697,100000.0,1.6671,0.9636403967102204,0.7080566032897795,0.7347726451765819
2024-12-03,18052.7225,167622.7225,149570.0,1.676227,100000.0,1.6717,0.964680092704596,0.711546907295404,0.737598829577272
2024-12-04,18052.7225,167620.7225,149568.0,1.676207,100000.0,1.6762,0.9594722390648506,0.7167347609351494,0.7470093784409175
2024-12-05,18052.7225,166531.7225,148479.0,1.665317,100000.0,1.6762,0.9572829261739896,0.7080340738260102,0.7396288541944833
2024-12-06,18052.7225,168836.7225,150784.0,1.688367,100000.0,1.6653,0.969867172929352,0.7184998270706481,0.7408229158849835
2024-12-09,18052.7225,169369.7225,151317.0,1.693697,100000.0,1.6884,0.968263470174316,0.7254335298256839,0.7492108833715314
2024-12-10,18052.7225,170134.7225,152082.0,1.701347,100000.0,1.6937,0.975358677664482,0.7259883223355178,0.7443295876281255
2024-12-11,18052.7225,169815.7225,151763.0,1.698157,100000.0,1.7013,0.9736972682666332,0.7244597317333668,0.7440297465587464
2024-12-12,18052.7225,172300.7225,154248.0,1.723007,100000.0,1.6982,0.9833819270947816,0.7396250729052183,0.7521239230929355
2024-12-13,18052.7225,170438.7225,152386.0,1.704387,100000.0,1.723,0.9601127730358407,0.7442742269641593,0.7751945894968066
2024-12-16,18052.7225,170501.7225,152449.0,1.705017,100000.0,1.7044,0.954903747687612,0.750113252312388,0.7855380755692465
2024-12-17,18052.7225,171892.7225,153840.0,1.718927,100000.0,1.705,0.9573916265464294,0.7615353734535707,0.7954272340992106
2024-12-18,18052.7225,171792.7225,153740.0,1.717927,100000.0,1.7189,0.9622387404368112,0.7556882595631886,0.7853438318437913
2024-12-19,18052.7225,170669.7225,152617.0,1.706697,100000.0,1.7179,0.9631110529921976,0.7435859470078025,0.7720666736173638
2024-12-20,18052.7225,169037.7225,150985.0,1.690377,100000.0,1.7067,0.958785642304102,0.7315913576958979,0.7630395423295835
2024-12-23,18052.7225,169670.7225,151618.0,1.696707,100000.0,1.6904,0.9602082184560606,0.7364987815439393,0.7670198685949299
2024-12-24,18052.7225,171381.7225,153329.0,1.713817,100000.0,1.6967,0.9724419290901036,0.7413750709098964,0.7623849288394915
2024-12-25,18052.7225,171171.7225,153119.0,1.711717,100000.0,1.7138,0.972915714297533,0.738801285702467,0.7593682318471935
2024-12-26,18052.7225,168757.7225,150705.0,1.687577,100000.0,1.7117,0.9733675543814898,0.7142094456185103,0.7337510300231271
2024-12-27,18052.7225,169467.7225,151415.0,1.694677,100000.0,1.6876,0.9717932175703222,0.7228837824296778,0.7438658444612651
2024-12-30,18052.7225,169610.7225,151558.0,1.696107,100000.0,1.6947,0.976193031747121,0.719913968252879,0.7374709149116012
2024-12-31,18052.7225,169409.7225,151357.0,1.694097,100000.0,1.6961,0.9605351007123688,0.733561899287631,0.7637012939387577
2025-01-02,4061.7032,166179.7032,162118.0,1.661797,100000.0,1.6941,0.9325811387986068,0.7292158612013931,0.7819328859050292
2025-01-03,4061.7032,165568.7032,161507.0,1.655687,100000.0,1.6618,0.921540129758412,0.7341468702415879,0.7966520898379645
2025-01-06,4061.7032,166388.7032,162327.0,1.663887,100000.0,1.6557,0.9200278690862776,0.7438591309137224,0.8085180415811573
2025-01-07,4061.7032,166202.7032,162141.0,1.662027,100000.0,1.6639,0.9266518788919152,0.7353751211080848,0.7935829385976554
2025-01-08,4061.7032,168459.7032,164398.0,1.684597,100000.0,1.662,0.9249699401850112,0.7596270598149888,0.8212451311261524
2025-01-09,4061.7032,168473.7032,164412.0,1.684737,100000.0,1.6846,0.9226904789726996,0.7620465210273004,0.8258961573720192
2025-01-10,4061.7032,166945.7032,162884.0,1.669457,100000.0,1.6847,0.9111206632475368,0.7583363367524631,0.832311643607665
2025-01-13,4061.7032,165508.7032,161447.0,1.655087,100000.0,1.6695,0.9086875129391372,0.7463994870608629,0.8214039220662823
2025-01-14,4061.7032,166881.7032,162820.0,1.668817,100000.0,1.6551,0.9326163632848924,0.7362006367151076,0.7893927939694703
2025-01-15,4061.7032,167351.7032,163290.0,1.673517,100000.0,1.6688,0.9266324724701568,0.746884527529843,0.8060202396521314
2025-01-16,4061.7032,168106.7032,164045.0,1.681067,100000.0,1.6735,0.9276961884884446,0.7533708115115555,0.8120878589994762
2025-01-17,4061.7032,168219.7032,164158.0,1.682197,100000.0,1.6811,0.9306155245857244,0.7515814754142757,0.8076175988455083
2025-01-20,4061.7032,167695.7032,163634.0,1.676957,100000.0,1.6822,0.9348467347938632,0.7421102652061368,0.7938309431757009
2025-01-21,4061.7032,167741.7032,163680.0,1.677417,100000.0,1.677,0.9355639424387436,0.7418530575612562,0.7929474661319893
2025-01-22,4061.7032,164902.7032,160841.0,1.649027,100000.0,1.6774,0.9268742838084432,0.7221527161915569,0.7791269310270388
2025-01-23,4061.7032,165360.7032,161299.0,1.653607,100000.0,1.649,0.9285164576586876,0.7250905423413123,0.7809129675199009
2025-01-24,4460.7032,165378.7032,160918.0,1.653787,100000.0,1.6536,0.9356247736375132,0.7181622263624867,0.767575043540609
2025-01-27,4460.7032,167996.7032,163536.0,1.679967,100000.0,1.6538,0.9317719276271768,0.7481950723728231,0.8029809121617935
2025-02-05,27688.1804,164672.1804,136984.0,1.646722,100000.0,1.68,0.926402719965014,0.7203192800349861,0.7775444356016026
2025-02-06,27688.1804,167268.1804,139580.0,1.672682,100000.0,1.6467,0.9380579483565062,0.7346240516434938,0.7831329108511556
2025-02-07,27688.1804,169842.1804,142154.0,1.698422,100000.0,1.6727,0.950231853036703,0.7481901469632971,0.787376411948588
2025-02-10,27688.1804,171525.1804,143837.0,1.715252,100000.0,1.6984,0.9522723345395636,0.7629796654604364,0.8012200268627432
2025-02-11,27688.1804,173346.1804,145658.0,1.733462,100000.0,1.7153,0.94789634510193,0.7855656548980702,0.8287463697453081
2025-02-12,27688.1804,174797.1804,147109.0,1.747972,100000.0,1.7335,0.9568615016894176,0.7911104983105823,0.8267763902234666
2025-02-13,27688.1804,174644.1804,146956.0,1.746442,100000.0,1.748,0.9532677985386864,0.7931742014613138,0.8320581086209056
2025-02-14,27688.1804,177047.1804,149359.0,1.770472,100000.0,1.7464,0.9615353491877994,0.8089366508122007,0.8412968399918967
2025-02-17,27688.1804,173746.1804,146058.0,1.737462,100000.0,1.7705,0.9635833491534292,0.7738786508465708,0.8031258027927461
2025-02-18,27688.1804,174692.1804,147004.0,1.746922,100000.0,1.7375,0.955133524603349,0.7917884753966511,0.8289819747720275
2025-02-19,27688.1804,174630.1804,146942.0,1.746302,100000.0,1.7469,0.9618164859920636,0.7844855140079364,0.8156290991402382
2025-02-20,27688.1804,175164.1804,147476.0,1.751642,100000.0,1.7463,0.95906680351896,0.7925751964810398,0.8264024920609934
2025-02-21,27688.1804,175756.1804,148068.0,1.757562,100000.0,1.7516,0.971161788750673,0.786400211249327,0.8097520107962362
2025-02-24,27688.1804,174550.1804,146862.0,1.745502,100000.0,1.7576,0.9690314518534826,0.7764705481465175,0.8012851870404716
2025-02-25,27688.1804,172875.1804,145187.0,1.728752,100000.0,1.7455,0.9582745821205412,0.7704774178794589,0.8040257273384934
2025-02-26,27688.1804,173722.1804,146034.0,1.737222,100000.0,1.7288,0.9666451698844236,0.7705768301155765,0.797166172368823
2025-02-27,27688.1804,174970.1804,147282.0,1.749702,100000.0,1.7372,0.9686406382530424,0.7810613617469578,0.8063479177949973
2025-02-28,27688.1804,171860.1804,144172.0,1.718602,100000.0,1.7497,0.9495839714770976,0.7690180285229024,0.8098473137943545
2025-03-03,25536.9158,172396.9158,146860.0,1.723969,100000.0,1.7186,0.9491995290415366,0.7747694709584635,0.8162345716087687
2025-03-04,25536.9158,170139.9158,144603.0,1.701399,100000.0,1.724,0.9484054524380188,0.7529935475619814,0.7939574215081728
2025-03-05,25536.9158,169428.9158,143892.0,1.694289,100000.0,1.7014,0.9526406415728832,0.7416483584271168,0.7785184948676955
2025-03-06,25536.9158,170820.9158,145284.0,1.708209,100000.0,1.6943,0.9657409038622682,0.7424680961377319,0.7688067194507286
2025-03-07,25536.9158,170583.9158,145047.0,1.705839,100000.0,1.7082,0.9627572946725488,0.7430817053274513,0.7718266165723386
2025-03-10,25536.9158,168762.9158,143226.0,1.687629,100000.0,1.7058,0.9590438331505644,0.7285851668494355,0.7596995483052669
2025-03-11,25536.9158,168803.9158,143267.0,1.688039,100000.0,1.6876,0.962122960992284,0.725916039007716,0.7544940391600712
2025-03-12,25536.9158,167735.9158,142199.0,1.677359,100000.0,1.688,0.9586605136023,0.7186984863977,0.7496902982861895
2025-03-13,25536.9158,167103.9158,141567.0,1.671039,100000.0,1.6774,0.9548397187011068,0.7161992812988932,0.750072778992853
2025-03-14,25536.9158,173346.9158,147810.0,1.733469,100000.0,1.671,0.9780242656433004,0.7554447343566997,0.7724192138114305
2025-03-17,25536.9158,173072.9158,147536.0,1.730729,100000.0,1.7335,0.9756395703628128,0.7550894296371873,0.773943013972251
2025-03-18,25536.9158,174463.9158,148927.0,1.744639,100000.0,1.7307,0.9783089419836084,0.7663300580163915,0.7833211219173659
2025-03-19,25536.9158,176599.9158,151063.0,1.765999,100000.0,1.7446,0.978905805402994,0.787093194597006,0.8040540675647305
2025-03-20,25536.9158,175484.9158,149948.0,1.754849,100000.0,1.766,0.9703190862450892,0.7845299137549109,0.8085277563598801
2025-03-21,25536.9158,170234.9158,144698.0,1.702349,100000.0,1.7548,0.9556004260234376,0.7467485739765622,0.7814443711416335
2025-03-24,25536.9158,170969.9158,145433.0,1.709699,100000.0,1.7023,0.9605198929126768,0.7491791070873233,0.7799725051144077
2025-03-25,25536.9158,171052.9158,145516.0,1.710529,100000.0,1.7097,0.9598965684100385,0.7506324315899615,0.7819930358052019
2025-03-26,25536.9158,171809.9158,146273.0,1.718099,100000.0,1.7105,0.956738203782121,0.761360796217879,0.7957880151624681
2025-03-27,25536.9158,172194.9158,146658.0,1.721949,100000.0,1.7181,0.9599250311619506,0.7620239688380493,0.7938369602839193
2025-03-28,25536.9158,170817.9158,145281.0,1.708179,100000.0,1.7219,0.9557153022760092,0.7524636977239906,0.78733038587121
2025-03-31,25536.9158,165919.9158,140383.0,1.659199,100000.0,1.7082,0.9489143644893604,0.7102846355106397,0.7485234306605375
2025-04-01,164649.8336,164649.8336,0.0,1.646498,100000.0,1.6592,0.9490067585854044,0.6974912414145955,0.7349697303044294
2025-04-02,164649.8336,164649.8336,0.0,1.646498,100000.0,1.6465,0.9482016239830736,0.6982963760169265,0.7364429234824765
2025-04-03,164649.8336,164649.8336,0.0,1.646498,100000.0,1.6465,0.9426158943573936,0.7038821056426063,0.7467326934079139
2025-04-07,164649.8336,164649.8336,0.0,1.646498,100000.0,1.6465,0.8762037504386865,0.7702942495613135,0.8791268573955002
2025-04-08,164649.8336,164649.8336,0.0,1.646498,100000.0,1.6465,0.8911719357461408,0.7553260642538592,0.8475649130730945
2025-04-09,164649.8336,164649.8336,0.0,1.646498,100000.0,1.6465,0.899968366312002,0.746529633687998,0.829506526709618
2025-04-10,164649.8336,164649.8336,0.0,1.646498,100000.0,1.6465,0.9117637603308356,0.7347342396691645,0.8058383888854768
2025-04-11,164649.8336,164649.8336,0.0,1.646498,100000.0,1.6465,0.915523382284952,0.7309746177150481,0.7984226638654393
2025-04-14,164649.8336,164649.8336,0.0,1.646498,100000.0,1.6465,0.9176289180192412,0.728869081980759,0.7942961121518142
2025-04-15,164649.8336,164649.8336,0.0,1.646498,100000.0,1.6465,0.9181397340968684,0.7283582659031316,0.793297837849904
2025-04-16,164649.8336,164649.8336,0.0,1.646498,100000.0,1.6465,0.9209678478065876,0.7255301521934124,0.7877909678620845
2025-04-17,164649.8336,164649.8336,0.0,1.646498,100000.0,1.6465,0.9208217992262356,0.7256762007737644,0.788074523630466
2025-04-18,164649.8336,164649.8336,0.0,1.646498,100000.0,1.6465,0.9208952507017962,0.7256027492982038,0.7879319051165006
2025-04-21,164649.8336,164649.8336,0.0,1.646498,100000.0,1.6465,0.9239118141926146,0.7225861858073854,0.7820943240549825
2025-04-22,164649.8336,164649.8336,0.0,1.646498,100000.0,1.6465,0.9236851862434274,0.7228128137565726,0.7825315643484652
2025-04-23,164649.8336,164649.8336,0.0,1.646498,100000.0,1.6465,0.9244004654514284,0.7220975345485715,0.7811522836003086
2025-04-24,164649.8336,164649.8336,0.0,1.646498,100000.0,1.6465,0.9237840979679108,0.7227139020320891,0.7823407045237898
2025-04-25,164649.8336,164649.8336,0.0,1.646498,100000.0,1.6465,0.92442763444189,0.72207036555811,0.7810999354146846
2025-04-28,164649.8336,164649.8336,0.0,1.646498,100000.0,1.6465,0.9231155894568768,0.7233824105431231,0.7836314528809241
2025-04-29,164649.8336,164649.8336,0.0,1.646498,100000.0,1.6465,0.9215186240256212,0.7249793759743787,0.7867224351986855
2025-04-30,164649.8336,164649.8336,0.0,1.646498,100000.0,1.6465,0.9204186338655316,0.7260793661344686,0.7888577430088677
2025-05-06,164649.8336,164649.8336,0.0,1.646498,100000.0,1.6465,0.9296877999833056,0.7168102000166944,0.7710224873657223
2025-05-07,164649.8336,164649.8336,0.0,1.646498,100000.0,1.6465,0.9353228878288538,0.7111751121711463,0.76035251721679
2025-05-08,164649.8336,164649.8336,0.0,1.646498,100000.0,1.6465,0.9405148501722912,0.7059831498277088,0.7506347716874231
2025-05-09,164649.8336,164649.8336,0.0,1.646498,100000.0,1.6465,0.9388696494084642,0.7076283505915358,0.7537024453153618
2025-05-12,164649.8336,164649.8336,0.0,1.646498,100000.0,1.6465,0.9497208904955156,0.6967771095044843,0.7336651393873643
2025-05-13,164649.8336,164649.8336,0.0,1.646498,100000.0,1.6465,0.9510997716852764,0.6953982283147236,0.7311517140652142
2025-05-14,164649.8336,164649.8336,0.0,1.646498,100000.0,1.6465,0.9625611555545268,0.6839368444454733,0.71053858811855
2025-05-15,164649.8336,164649.8336,0.0,1.646498,100000.0,1.6465,0.9537705102993028,0.6927274897006971,0.7263041604036511
2025-05-16,164649.8336,164649.8336,0.0,1.646498,100000.0,1.6465,0.949348824230812,0.6971491757691881,0.7343445928150143
2025-05-19,164649.8336,164649.8336,0.0,1.646498,100000.0,1.6465,0.9464341749674664,0.7000638250325337,0.739685699807489
2025-05-20,164649.8336,164649.8336,0.0,1.646498,100000.0,1.6465,0.9515665510523984,0.6949314489476017,0.7303025187035344
2025-05-21,164649.8336,164649.8336,0.0,1.646498,100000.0,1.6465,0.9560117689329336,0.6904862310670665,0.7222570406615003
2025-05-22,164649.8336,164649.8336,0.0,1.646498,100000.0,1.6465,0.955397696045196,0.6911003039548039,0.7233640051839842
2025-05-23,164649.8336,164649.8336,0.0,1.646498,100000.0,1.6465,0.947686145482106,0.698811854517894,0.737387433433877
2025-05-26,164649.8336,164649.8336,0.0,1.646498,100000.0,1.6465,0.9422749515992836,0.7042230484007165,0.7473647126090621
2025-05-27,164649.8336,164649.8336,0.0,1.646498,100000.0,1.6465,0.9372195665259564,0.7092784334740437,0.7567900402497629
2025-05-28,164649.8336,164649.8336,0.0,1.646498,100000.0,1.6465,0.9364481185425264,0.7100498814574737,0.7582372876808003
2025-05-29,164649.8336,164649.8336,0.0,1.646498,100000.0,1.6465,0.9419315189606456,0.7045664810393544,0.7480018099583219
2025-05-30,164649.8336,164649.8336,0.0,1.646498,100000.0,1.6465,0.9374234926232752,0.7090745073767247,0.7564078700358348
2025-06-03,164649.8336,164649.8336,0.0,1.646498,100000.0,1.6465,0.9402991581689504,0.7061988418310495,0.751036343801726
2025-06-04,164649.8336,164649.8336,0.0,1.646498,100000.0,1.6465,0.9443830992670674,0.7021149007329326,0.7434640680014728
2025-06-05,164649.8336,164649.8336,0.0,1.646498,100000.0,1.6465,0.9465343560428072,0.6999636439571928,0.7395015716952347
2025-06-06,164649.8336,164649.8336,0.0,1.646498,100000.0,1.6465,0.945662507288696,0.7008354927113041,0.7411052963500329
2025-06-09,164649.8336,164649.8336,0.0,1.646498,100000.0,1.6465,0.9484115794969644,0.6980864205030356,0.7360585167816058
2025-06-10,164649.8336,164649.8336,0.0,1.646498,100000.0,1.6465,0.9435829932469784,0.7029150067530218,0.7449424287886006
2025-06-11,164649.8336,164649.8336,0.0,1.646498,100000.0,1.6465,0.950701122284353,0.695796877715647,0.7318776231627666
2025-06-12,164649.8336,164649.8336,0.0,1.646498,100000.0,1.6465,0.950108921288308,0.696389078711692,0.73295709903178
2025-06-13,164649.8336,164649.8336,0.0,1.646498,100000.0,1.6465,0.9432698053335712,0.7032281946664289,0.7455217909977987
2025-06-16,164649.8336,164649.8336,0.0,1.646498,100000.0,1.6465,0.9456163712671576,0.7008816287328425,0.7411902437704603
2025-06-17,164649.8336,164649.8336,0.0,1.646498,100000.0,1.6465,0.94478238334342,0.7017156166565801,0.7427272449485469
2025-06-18,164649.8336,164649.8336,0.0,1.646498,100000.0,1.6465,0.9459033666138394,0.7005946333861606,0.7406619514360762
2025-06-19,164649.8336,164649.8336,0.0,1.646498,100000.0,1.6465,0.9381213670781776,0.7083766329218224,0.7551012670440438
2025-06-20,164649.8336,164649.8336,0.0,1.646498,100000.0,1.6465,0.9389886998725088,0.7075093001274912,0.7534801006908318
2025-06-23,164649.8336,164649.8336,0.0,1.646498,100000.0,1.6465,0.941736673604074,0.704761326395926,0.7483634716048264
2025-06-24,164649.8336,164649.8336,0.0,1.646498,100000.0,1.6465,0.9529979150179833,0.6935000849820168,0.7277036749539272
2025-06-25,164649.8336,164649.8336,0.0,1.646498,100000.0,1.6465,0.9666756587155892,0.6798223412844109,0.7032579491943378
2025-06-26,164649.8336,164649.8336,0.0,1.646498,100000.0,1.6465,0.9632467758915392,0.6832512241084608,0.7093210599911672
2025-06-27,164649.8336,164649.8336,0.0,1.646498,100000.0,1.6465,0.9573243509510015,0.6891736490489985,0.7198956637469596
2025-06-30,164649.8336,164649.8336,0.0,1.646498,100000.0,1.6465,0.960820265264546,0.685677734735454,0.7136378774719785
2025-07-01,9570.8696,164525.8696,154955.0,1.645259,100000.0,1.6465,0.962451600811318,0.682807399188682,0.7094459592701552
2025-07-02,9570.8696,165848.8696,156278.0,1.658489,100000.0,1.6453,0.9626768861778678,0.6958121138221323,0.7227888441206132
2025-07-03,9570.8696,165844.8696,156274.0,1.658449,100000.0,1.6585,0.9686288479364276,0.6898201520635726,0.7121614780864409
2025-07-04,9570.8696,166395.8696,156825.0,1.663959,100000.0,1.6584,0.9720794805992026,0.6918795194007974,0.711752005066822
2025-07-07,9570.8696,165737.8696,156167.0,1.657379,100000.0,1.664,0.9679226494691734,0.6894563505308265,0.7123052145839723
2025-07-08,9570.8696,166271.8696,156701.0,1.662719,100000.0,1.6574,0.9760460311536268,0.6866729688463732,0.7035251893138357
2025-07-09,9570.8696,162753.8696,153183.0,1.627539,100000.0,1.6627,0.9743245716959976,0.6532144283040026,0.6704279531480546
2025-07-10,9570.8696,164919.8696,155349.0,1.649199,100000.0,1.6275,0.9788707273802688,0.6703282726197312,0.6847975466727017
2025-07-11,11770.8696,164916.8696,153146.0,1.649169,100000.0,1.6492,0.980038212831128,0.6691307871688722,0.6827598948778657
2025-07-14,11770.8696,165226.8696,153456.0,1.652269,100000.0,1.6492,0.980736551087305,0.671532448912695,0.684722567103462
2025-07-15,11770.8696,164526.8696,152756.0,1.645269,100000.0,1.6523,0.981077469434822,0.6641915305651781,0.67700212394828
2025-07-16,11770.8696,164216.8696,152446.0,1.642169,100000.0,1.6453,0.9781817627919598,0.6639872372080402,0.6787973998951535
2025-07-17,11770.8696,163888.8696,152118.0,1.638889,100000.0,1.6422,0.9848431940372898,0.6540458059627102,0.6641116168773011
2025-07-18,11770.8696,165257.8696,153487.0,1.652579,100000.0,1.6389,0.9907157969566844,0.6618632030433155,0.668065660279618
2025-07-21,11770.8696,166009.8696,154239.0,1.660099,100000.0,1.6526,0.9973209617842124,0.6627780382157876,0.6645584156078244
2025-07-22,11770.8696,166909.8696,155139.0,1.669099,100000.0,1.6601,1.0054621387912597,0.6636368612087407,0.6600316765846079
2025-07-23,11770.8696,168169.8696,156399.0,1.681699,100000.0,1.6691,1.0056599378296334,0.6760390621703667,0.6722342580627816
2025-07-24,11770.8696,168238.8696,156468.0,1.682389,100000.0,1.6817,1.0128045035396676,0.6695844964603324,0.661119193408195
2025-07-25,11770.8696,166950.8696,155180.0,1.669509,100000.0,1.6824,1.0074650768014606,0.6620439231985393,0.6571383350581463
2025-07-28,11770.8696,168195.8696,156425.0,1.681959,100000.0,1.6695,1.0095792294752224,0.6723797705247776,0.6660000036592268
2025-07-29,11770.8696,166758.8696,154988.0,1.667589,100000.0,1.682,1.0135338676600645,0.6540551323399357,0.6453214374078553
2025-07-30,11770.8696,168785.8696,157015.0,1.687859,100000.0,1.6676,1.013341805111141,0.6745171948888591,0.6656364037156048
2025-07-31,11770.8696,165224.8696,153454.0,1.652249,100000.0,1.6879,0.9948759967486038,0.6573730032513962,0.6607587331484372
2025-08-01,11486.9976,164802.9976,153316.0,1.64803,100000.0,1.6522,0.9898321334753644,0.6581978665246356,0.6649590817118256
2025-08-04,11486.9976,164317.9976,152831.0,1.64318,100000.0,1.648,0.9936825872475468,0.6494974127524533,0.653626642036196
2025-08-05,11486.9976,166028.9976,154542.0,1.66029,100000.0,1.6432,1.0016764951445714,0.6586135048554287,0.6575111905369921
2025-08-06,11486.9976,166106.9976,154620.0,1.66107,100000.0,1.6603,1.004126147014114,0.656943852985886,0.6542443446367621
2025-08-07,11486.9976,165770.9976,154284.0,1.65771,100000.0,1.6611,1.0044143873010598,0.6532956126989402,0.6504243875422739
2025-08-08,11486.9976,165266.9976,153780.0,1.65267,100000.0,1.6577,1.0020467794359569,0.6506232205640432,0.6492942584280079
2025-08-11,11486.9976,166518.9976,155032.0,1.66519,100000.0,1.6527,1.006329300711437,0.6588606992885633,0.6547167997819141
2025-08-12,11486.9976,165909.9976,154423.0,1.6591,100000.0,1.6652,1.0115323210536875,0.6475676789463125,0.6401848615887604
2025-08-13,11486.9976,165750.9976,154264.0,1.65751,100000.0,1.6591,1.019527376248602,0.6379826237513979,0.6257631120204779
2025-08-14,11486.9976,165628.9976,154142.0,1.65629,100000.0,1.6575,1.0187304924268428,0.6375595075731573,0.6258372673761325
2025-08-15,11486.9976,167874.9976,156388.0,1.67875,100000.0,1.6563,1.0258193775733162,0.6529306224266838,0.6364966744645242
2025-08-18,11486.9976,168215.9976,156729.0,1.68216,100000.0,1.6787,1.034865748205068,0.647294251794932,0.6254862071893259
2025-08-19,11486.9976,166331.9976,154845.0,1.66332,100000.0,1.6822,1.0309506795921382,0.6323693204078618,0.613384648679836
2025-08-20,11486.9976,168538.9976,157052.0,1.68539,100000.0,1.6633,1.0426730615260924,0.6427169384739075,0.6164127205254586
2025-08-21,11486.9976,168784.9976,157298.0,1.68785,100000.0,1.6854,1.0467435035660555,0.6411064964339446,0.6124771677586887
2025-08-22,11486.9976,170768.9976,159282.0,1.70769,100000.0,1.6878,1.0686952178988405,0.6389947821011597,0.5979205028703003
2025-08-25,11486.9976,173699.9976,162213.0,1.737,100000.0,1.7077,1.0909635376281093,0.6460364623718908,0.592170535576702
2025-08-26,11486.9976,173455.9976,161969.0,1.73456,100000.0,1.737,1.086903763017465,0.6476562369825352,0.5958726605053886
2025-08-27,11486.9976,169570.9976,158084.0,1.69571,100000.0,1.7346,1.0706795306262722,0.6250304693737279,0.5837698877161956
2025-08-28,11486.9976,170367.9976,158881.0,1.70368,100000.0,1.6957,1.0896356745785687,0.6140443254214314,0.5635317746538735
2025-08-29,11486.9976,173851.9976,162365.0,1.73852,100000.0,1.7037,1.0976855803768684,0.6408344196231317,0.5838050814178628
2025-09-01,29015.3493,171853.3493,142838.0,1.718533,100000.0,1.7385,1.1042647235118248,0.6142682764881753,0.5562690389444442
2025-09-02,29015.3493,170687.3493,141672.0,1.706873,100000.0,1.7185,1.0961461751248658,0.6107268248751343,0.5571581954437457
2025-09-03,29015.3493,173971.3493,144956.0,1.739713,100000.0,1.7069,1.0886708702847652,0.6510421297152349,0.5980155687870485
2025-09-04,29015.3493,171739.3493,142724.0,1.717393,100000.0,1.7397,1.0655732982868795,0.6518197017131204,0.611707991145283
2025-09-05,29015.3493,179377.3493,150362.0,1.793773,100000.0,1.7174,1.088791775953908,0.704981224046092,0.6474894829440152
2025-09-08,29015.3493,177591.3493,148576.0,1.775913,100000.0,1.7938,1.0905611534063948,0.6853518465936053,0.6284396289496392
2025-09-09,29015.3493,177065.3493,148050.0,1.770653,100000.0,1.7759,1.0829170004917004,0.6877359995082997,0.6350772951168298
2025-09-10,29015.3493,175293.3493,146278.0,1.752933,100000.0,1.7707,1.0851399511802755,0.6677930488197246,0.6153980858352743
2025-09-11,29015.3493,177427.3493,148412.0,1.774273,100000.0,1.7529,1.1102022097884945,0.6640707902115057,0.5981530070436614
2025-09-12,29015.3493,177006.3493,147991.0,1.770063,100000.0,1.7743,1.1038465456361757,0.6662164543638243,0.6035408245807086
2025-09-15,29015.3493,179763.3493,150748.0,1.797633,100000.0,1.7701,1.1065457958233011,0.6910872041766989,0.6245446024784818
2025-09-16,29015.3493,178858.3493,149843.0,1.788583,100000.0,1.7976,1.1041733302501102,0.6844096697498898,0.6198389790802696
2025-09-17,29015.3493,181476.3493,152461.0,1.814763,100000.0,1.7886,1.1109317203724514,0.7038312796275485,0.6335504394379718
2025-09-18,29015.3493,177376.3493,148361.0,1.773763,100000.0,1.8148,1.0980150989772646,0.6757479010227354,0.6154267838868102
2025-09-19,29015.3493,179180.3493,150165.0,1.791803,100000.0,1.7738,1.0989452646390243,0.6928577353609757,0.6304751998622624
2025-09-22,29015.3493,179151.3493,150136.0,1.791513,100000.0,1.7918,1.103995450255956,0.6875175497440438,0.6227539702130531
2025-09-23,29015.3493,178973.3493,149958.0,1.789733,100000.0,1.7915,1.1033046548731418,0.6864283451268582,0.6221566655184501
2025-09-24,29015.3493,184067.3493,155052.0,1.840673,100000.0,1.7897,1.1146049776470952,0.7260680223529048,0.6514128654670261
2025-09-25,29015.3493,189629.3493,160614.0,1.896293,100000.0,1.8407,1.1212975568096122,0.7749954431903878,0.6911594861541075
2025-09-26,29015.3493,187825.3493,158810.0,1.878253,100000.0,1.8963,1.1106938879608907,0.7675591120391092,0.6910626954545158
2025-09-29,29015.3493,192937.3493,163922.0,1.929373,100000.0,1.8783,1.1277823041798651,0.8015906958201349,0.7107672224056218
2025-09-30,29521.3493,196833.3493,167312.0,1.968333,100000.0,1.9294,1.1328208215331486,0.8355121784668516,0.7375501602593053
2025-10-09,32207.9305,207274.9305,175067.0,2.072749,100000.0,1.9683,1.149612502578672,0.923136497421328,0.8029979626619055
2025-10-10,32207.9305,199629.9305,167422.0,1.996299,100000.0,2.0727,1.126996600409886,0.8693023995901141,0.7713442962240977
2025-10-13,32207.9305,198842.9305,166635.0,1.988429,100000.0,1.9963,1.121417412823239,0.867011587176761,0.7731390446256801
2025-10-14,32207.9305,197437.9305,165230.0,1.974379,100000.0,1.9884,1.108012555149326,0.866366444850674,0.7819103139439738
2025-10-15,32207.9305,203215.9305,171008.0,2.032159,100000.0,1.9744,1.1244222104080357,0.9077367895919646,0.80729176388517
2025-10-16,32207.9305,203919.9305,171712.0,2.039199,100000.0,2.0322,1.1273841674014031,0.9118148325985967,0.8087880413473527
2025-10-17,32207.9305,200328.9305,168121.0,2.003289,100000.0,2.0392,1.1019514292170518,0.9013375707829484,0.817946732392151
2025-10-20,32207.9305,198042.9305,165835.0,1.980429,100000.0,2.0033,1.1078064565091938,0.8726225434908061,0.7877030670506515
2025-10-21,32207.9305,199437.9305,167230.0,1.994379,100000.0,1.9804,1.124808776565223,0.8695702234347769,0.7730827155262279
2025-10-22,32207.9305,197033.9305,164826.0,1.970339,100000.0,1.9944,1.1210735896151067,0.8492654103848933,0.7575465324060198
2025-10-23,32207.9305,198862.9305,166655.0,1.988629,100000.0,1.9703,1.1244360756250906,0.8641929243749094,0.7685567397813093
2025-10-24,32207.9305,199787.9305,167580.0,1.997879,100000.0,1.9886,1.1377004991551354,0.8601785008448646,0.7560676131228203
2025-10-27,32207.9305,202635.9305,170428.0,2.026359,100000.0,1.9979,1.1512081254272906,0.8751508745727092,0.7602021348206538
2025-10-28,32207.9305,199669.9305,167462.0,1.996699,100000.0,2.0264,1.1453384517791048,0.8513605482208952,0.7433266096134634
2025-10-29,32207.9305,209988.9305,177781.0,2.099889,100000.0,1.9967,1.158975380964535,0.9409136190354654,0.811849530619372
2025-10-30,32207.9305,212652.9305,180445.0,2.126529,100000.0,2.0999,1.149717224024387,0.9768117759756132,0.8496104568708225
2025-10-31,32207.9305,209019.9305,176812.0,2.090199,100000.0,2.1265,1.1328144991894569,0.9573845008105432,0.8451379299042907
2025-11-03,10165.8395,209938.8395,199773.0,2.099388,100000.0,2.0902,1.1359232370809789,0.963464762919021,0.8481777037987792
2025-11-04,10165.8395,206635.8395,196470.0,2.066358,100000.0,2.0994,1.1274518335663268,0.9389061664336732,0.8327683174400005
2025-11-05,10165.8395,208059.8395,197894.0,2.080598,100000.0,2.0664,1.1295408921500667,0.9510571078499336,0.8419855486945749
2025-11-06,10165.8395,209959.8395,199794.0,2.099598,100000.0,2.0806,1.1456875720860067,0.9539104279139932,0.8326095622885776
2025-11-07,10165.8395,213094.8395,202929.0,2.130948,100000.0,2.0996,1.1421214773164183,0.9888265226835816,0.865780516628559
2025-11-10,10165.8395,214729.8395,204564.0,2.147298,100000.0,2.1309,1.1460897366123812,1.001208263387619,0.8735862746201672
2025-11-11,10165.8395,212257.8395,202092.0,2.122578,100000.0,2.1473,1.135621204808759,0.9869567951912408,0.8690897906907669
2025-11-12,10165.8395,207604.8395,197439.0,2.076048,100000.0,2.1226,1.1340936875157457,0.9419543124842548,0.8305789220532778
2025-11-13,10165.8395,212877.8395,202712.0,2.128778,100000.0,2.076,1.147804116997923,0.9809738830020772,0.8546526959389293
2025-11-14,10165.8395,212940.8395,202775.0,2.129408,100000.0,2.1288,1.1297563888686613,0.9996516111313388,0.8848382013863987
2025-11-17,10165.8395,209142.8395,198977.0,2.091428,100000.0,2.1294,1.1224119003986266,0.9690160996013736,0.8633337719042586
2025-11-18,10165.8395,205885.8395,195720.0,2.058858,100000.0,2.0914,1.1151229704391856,0.9437350295608142,0.8463057927944295
2025-11-19,10165.8395,208960.8395,198795.0,2.089608,100000.0,2.0589,1.120029353250359,0.9695786467496412,0.865672532542022
2025-11-20,10165.8395,204439.8395,194274.0,2.044398,100000.0,2.0896,1.1143309687361074,0.9300670312638928,0.8346416436032378
2025-11-21,10165.8395,197162.8395,186997.0,1.971628,100000.0,2.0444,1.087152043163006,0.884475956836994,0.8135715352782324
2025-11-24,10165.8395,196037.8395,185872.0,1.960378,100000.0,1.9716,1.085794862990784,0.8745831370092161,0.8054773206425083
2025-11-25,10165.8395,199040.8395,188875.0,1.990408,100000.0,1.9604,1.0961344336294387,0.8942735663705612,0.8158429649997483
2025-11-26,10165.8395,198661.8395,188496.0,1.986618,100000.0,1.9904,1.102779192439472,0.8838388075605279,0.8014648930810679
2025-11-27,10165.8395,197815.8395,187650.0,1.978158,100000.0,1.9866,1.1022365937692291,0.8759214062307707,0.7946763981364955
2025-11-28,10165.8395,197354.8395,187189.0,1.973548,100000.0,1.9782,1.104984958070289,0.868563041929711,0.7860406022599096
2025-12-01,71279.699,200439.699,129160.0,2.004397,100000.0,1.9735,1.117147292129211,0.887249707870789,0.7942101405265443
2025-12-02,71279.699,201597.699,130318.0,2.015977,100000.0,2.0044,1.1117401259943007,0.9042368740056992,0.813352736726114
2025-12-03,71279.699,201530.699,130251.0,2.015307,100000.0,2.016,1.1060558508030385,0.9092511491969616,0.8220662171234943
2025-12-04,71279.699,201621.699,130342.0,2.016217,100000.0,2.0153,1.1098438378666928,0.9063731621333072,0.8166672924683795
2025-12-05,71279.699,202238.699,130959.0,2.022387,100000.0,2.0162,1.119112637825566,0.903274362174434,0.8071344488875531
2025-12-08,71279.699,201497.699,130218.0,2.014977,100000.0,2.0224,1.1281976992478673,0.8867793007521327,0.786014101378969
2025-12-09,71279.699,199999.699,128720.0,1.999997,100000.0,2.015,1.1224535692815718,0.8775434307184282,0.7818082232836601
2025-12-10,71279.699,197885.699,126606.0,1.978857,100000.0,2.0,1.1208922921378768,0.8579647078621233,0.7654301076740639
2025-12-11,71279.699,197239.699,125960.0,1.972397,100000.0,1.9789,1.1112153226466517,0.8611816773533485,0.774990822932695
2025-12-12,71279.699,197345.699,126066.0,1.973457,100000.0,1.9724,1.1182370786612568,0.8552199213387432,0.7647930279351896
2025-12-15,71279.699,198307.699,127028.0,1.983077,100000.0,1.9735,1.1111847605837062,0.8718922394162938,0.7846510052552269
2025-12-16,71279.699,197797.699,126518.0,1.977977,100000.0,1.9831,1.0978797422368265,0.8800972577631738,0.8016335705129769
2025-12-17,71279.699,197935.699,126656.0,1.979357,100000.0,1.978,1.1179746647821354,0.8613823352178647,0.7704846651294428
2025-12-18,71279.699,198698.699,127419.0,1.986987,100000.0,1.9794,1.1113636902333768,0.8756233097666233,0.7878818765284206
2025-12-19,71279.699,197824.699,126545.0,1.978247,100000.0,1.987,1.1151193820819547,0.8631276179180454,0.7740226129928487
2025-12-22,71279.699,197262.699,125983.0,1.972627,100000.0,1.9782,1.125724662029841,0.846902337970159,0.7523174773865877
2025-12-23,71279.699,197864.699,126585.0,1.978647,100000.0,1.9726,1.127948613552746,0.8506983864472542,0.7541995940469084
2025-12-24,71279.699,197064.699,125785.0,1.970647,100000.0,1.9786,1.131201203071213,0.839445796928787,0.7420835432721342
2025-12-25,71279.699,196821.699,125542.0,1.968217,100000.0,1.9706,1.1332705134848868,0.8349464865151133,0.7367583260836761
2025-12-26,71279.699,196925.699,125646.0,1.969257,100000.0,1.9682,1.136859920371179,0.8323970796288214,0.7321896609364575
2025-12-29,71279.699,196812.699,125533.0,1.968127,100000.0,1.9693,1.1324982599518745,0.8356287400481255,0.7378631558194495
2025-12-30,71279.699,197779.699,126500.0,1.977797,100000.0,1.9681,1.1354054883948246,0.8423915116051754,0.7419301035756869
2025-12-31,71279.699,196949.699,125670.0,1.969497,100000.0,1.9778,1.1301957063182004,0.8393012936817996,0.742615892973052
2026-01-05,12962.7101,197436.7101,184474.0,1.974367,100000.0,1.9695,1.151629720786017,0.8227372792139827,0.7144112941548981
2026-01-06,12962.7101,204120.7101,191158.0,2.041207,100000.0,1.9744,1.169436784874883,0.871770215125117,0.7454615986091004
2026-01-07,12962.7101,201228.7101,188266.0,2.012287,100000.0,2.0412,1.1660124668318002,0.8462745331682,0.7257851500229946
2026-01-08,12962.7101,198424.7101,185462.0,1.984247,100000.0,2.0123,1.1564893573108168,0.8277576426891833,0.7157503330717778
2026-01-09,12962.7101,197684.7101,184722.0,1.976847,100000.0,1.9842,1.1616811243695069,0.8151658756304931,0.7017122500573623
2026-01-12,12962.7101,199452.7101,186490.0,1.994527,100000.0,1.9768,1.169246797226399,0.825280202773601,0.705822076854322
2026-01-13,12962.7101,199254.7101,186292.0,1.992547,100000.0,1.9945,1.162196261122167,0.8303507388778331,0.7144668819327313
2026-01-14,12962.7101,199068.7101,186106.0,1.990687,100000.0,1.9925,1.1575333983908185,0.8331536016091818,0.7197663607524558
2026-01-15,12962.7101,198640.7101,185678.0,1.986407,100000.0,1.9907,1.1598520874267344,0.8265549125732656,0.7126382075209892
2026-01-16,12962.7101,197154.7101,184192.0,1.971547,100000.0,1.9864,1.155078229727166,0.8164687702728339,0.7068514921848081
2026-01-19,12962.7101,195358.7101,182396.0,1.953587,100000.0,1.9715,1.1557087065336724,0.7978782934663275,0.6903801009334014
2026-01-20,12962.7101,192492.7101,179530.0,1.924927,100000.0,1.9536,1.1519061707563472,0.7730208292436529,0.6710796841517774
2026-01-21,12962.7101,192824.7101,179862.0,1.928247,100000.0,1.9249,1.1529292187260192,0.7753177812739809,0.6724764787648483
2026-01-22,12962.7101,192396.7101,179434.0,1.923967,100000.0,1.9282,1.153085422113228,0.7708815778867719,0.6685381352528057
2026-01-23,12962.7101,197480.7101,184518.0,1.974807,100000.0,1.924,1.1479073249868457,0.8268996750131543,0.7203540364398582
2026-01-26,12962.7101,200280.7101,187318.0,2.002807,100000.0,1.9748,1.1489978438366937,0.8538091561633063,0.7430903032091833
2026-01-27,12962.7101,203588.7101,190626.0,2.035887,100000.0,2.0028,1.1486872922673743,0.8871997077326255,0.7723596436601967
2026-01-28,12962.7101,204890.7101,191928.0,2.048907,100000.0,2.0359,1.151689697614017,0.8972173023859829,0.7790443070253814
2026-01-29,12962.7101,209390.7101,196428.0,2.093907,100000.0,2.0489,1.16044780354823,0.9334591964517702,0.8043956769081637
2026-01-30,12962.7101,199406.7101,186444.0,1.994067,100000.0,2.0939,1.1488455461444298,0.8452214538555702,0.7357137403649832
2026-02-02,71920.1645,191463.1645,119543.0,1.914632,100000.0,1.9941,1.1243470257803438,0.790284974219656,0.7028835013559673
2026-02-03,71920.1645,195418.1645,123498.0,1.954182,100000.0,1.9146,1.1375598697265203,0.8166221302734797,0.7178717815263675
2026-02-04,71920.1645,196668.1645,124748.0,1.966682,100000.0,1.9542,1.146976451417877,0.819705548582123,0.7146664149632835
2026-02-05,71920.1645,193775.1645,121855.0,1.937752,100000.0,1.9667,1.140076943655052,0.797675056344948,0.6996677380279492
2026-02-06,71920.1645,192362.1645,120442.0,1.923622,100000.0,1.9378,1.1335293145961836,0.7900926854038164,0.6970200728203351
2026-02-09,71920.1645,195134.1645,123214.0,1.951342,100000.0,1.9236,1.1519495483808304,0.7993924516191695,0.6939474499927432
2026-02-10,71920.1645,195028.1645,123108.0,1.950282,100000.0,1.9513,1.153228590243558,0.7970534097564421,0.6911495400821681
2026-02-11,71920.1645,196004.1645,124084.0,1.960042,100000.0,1.9503,1.1506710679617511,0.8093709320382487,0.7033903559180759
2026-02-12,71920.1645,195780.1645,123860.0,1.957802,100000.0,1.96,1.1520769960890067,0.8057250039109933,0.6993673223631878
2026-02-13,71920.1645,192954.1645,121034.0,1.929542,100000.0,1.9578,1.1376326621160588,0.7919093378839412,0.6961028495885013
2026-02-24,71920.1645,195276.1645,123356.0,1.952762,100000.0,1.9295,1.149139425278452,0.803622574721548,0.6993255622805032
2026-02-25,71920.1645,195839.1645,123919.0,1.958392,100000.0,1.9528,1.156057826840574,0.8023341731594258,0.694025986011573
2026-02-26,71920.1645,194726.1645,122806.0,1.947262,100000.0,1.9584,1.1538579685733614,0.7934040314266386,0.6876097865039743
2026-02-27,71920.1645,195135.1645,123215.0,1.951352,100000.0,1.9473,1.1498968615812668,0.8014551384187332,0.6969800207269214
2026-03-02,73486.0121,196792.0121,123306.0,1.96792,100000.0,1.9514,1.1542961143144177,0.8136238856855824,0.7048658274041113
2026-03-03,73486.0121,192788.0121,119302.0,1.92788,100000.0,1.9679,1.1365318908169804,0.7913481091830197,0.6962832416556037
2026-03-04,73486.0121,191816.0121,118330.0,1.91816,100000.0,1.9279,1.1235280015503646,0.7946319984496355,0.7072649701236791
2026-03-05,73486.0121,190440.0121,116954.0,1.9044,100000.0,1.9182,1.1345292213233067,0.7698707786766934,0.6785817096704849
2026-03-06,73486.0121,189018.0121,115532.0,1.89018,100000.0,1.9044,1.137640815254257,0.752539184745743,0.6614910212917724
2026-03-09,73486.0121,190238.0121,116752.0,1.90238,100000.0,1.8902,1.1266599783268096,0.7757200216731903,0.6885129822621405
2026-03-10,73486.0121,190854.0121,117368.0,1.90854,100000.0,1.9024,1.1411357287334718,0.7674042712665281,0.6724916694337997
2026-03-11,73486.0121,192602.0121,119116.0,1.92602,100000.0,1.9085,1.148395365980825,0.777624634019175,0.6771401705849092
2026-03-12,73486.0121,191746.0121,118260.0,1.91746,100000.0,1.926,1.144261236702664,0.7731987632973358,0.6757187419241846
2026-03-13,73486.0121,190520.0121,117034.0,1.9052,100000.0,1.9175,1.1397647809865683,0.7654352190134315,0.6715729699516411
2026-03-16,73486.0121,191858.0121,118372.0,1.91858,100000.0,1.9052,1.1403552976516684,0.7782247023483315,0.6824405551067534
2026-03-17,73486.0121,191048.0121,117562.0,1.91048,100000.0,1.9186,1.1320264275919178,0.7784535724080821,0.6876637801327952
2026-03-18,73486.0121,190372.0121,116886.0,1.90372,100000.0,1.9105,1.1371265816935532,0.7665934183064469,0.6741495895423875
2026-03-19,73486.0121,186584.0121,113098.0,1.86584,100000.0,1.9037,1.1187987908261372,0.7470412091738627,0.6677172117984116
2026-03-20,73486.0121,185944.0121,112458.0,1.85944,100000.0,1.8658,1.1148361703772511,0.7446038296227488,0.6679042619964342
2026-03-23,73486.0121,186992.0121,113506.0,1.86992,100000.0,1.8594,1.078459308797936,0.7914606912020641,0.7338809028263069
2026-03-24,73486.0121,188990.0121,115504.0,1.8899,100000.0,1.8699,1.09230629113963,0.79759370886037,0.7301923602657463
2026-03-25,73486.0121,190630.0121,117144.0,1.9063,100000.0,1.8899,1.1076222785819425,0.7986777214180578,0.7210740853286035
2026-03-26,73486.0121,186714.0121,113228.0,1.86714,100000.0,1.9063,1.0929926926156317,0.7741473073843685,0.7082822352011917
2026-03-27,73486.0121,188618.0121,115132.0,1.88618,100000.0,1.8671,1.0991040067279496,0.7870759932720504,0.7161069275101528
2026-03-30,73486.0121,189564.0121,116078.0,1.89564,100000.0,1.8862,1.0965116505293515,0.7991283494706483,0.7287914807698224
2026-03-31,73486.0121,188988.0121,115502.0,1.88988,100000.0,1.8956,1.0862834410178177,0.8035965589821823,0.7397669232895923
2026-04-01,189564.9131,189564.9131,0.0,1.895649,100000.0,1.8899,1.1048397638607066,0.7908092361392933,0.7157682607077085
2026-04-02,189564.9131,189564.9131,0.0,1.895649,100000.0,1.8956,1.093329509983456,0.8023194900165438,0.7338313680280011
2026-04-03,189564.9131,189564.9131,0.0,1.895649,100000.0,1.8956,1.0840229224259894,0.8116260775740105,0.7487167114119984
2026-04-07,189564.9131,189564.9131,0.0,1.895649,100000.0,1.8956,1.0839807653311764,0.8116682346688235,0.7487847207517966
2026-04-08,189564.9131,189564.9131,0.0,1.895649,100000.0,1.8956,1.12180248993423,0.7738465100657699,0.6898242043580591
2026-04-09,189564.9131,189564.9131,0.0,1.895649,100000.0,1.8956,1.1146423014444156,0.7810066985555844,0.7006792201798842
2026-04-10,189564.9131,189564.9131,0.0,1.895649,100000.0,1.8956,1.131813152237324,0.7638358477626759,0.6748780452433822
2026-04-13,189564.9131,189564.9131,0.0,1.895649,100000.0,1.8956,1.13415390844968,0.76149509155032,0.6714212999461757
2026-04-14,189564.9131,189564.9131,0.0,1.895649,100000.0,1.8956,1.1476112488994172,0.7480377511005827,0.6518215570106745
2026-04-15,189564.9131,189564.9131,0.0,1.895649,100000.0,1.8956,1.1436964488030148,0.7519525511969851,0.6574756369873962
2026-04-16,189564.9131,189564.9131,0.0,1.895649,100000.0,1.8956,1.1562340469143768,0.7394149530856231,0.6395028368684419
2026-04-17,189564.9131,189564.9131,0.0,1.895649,100000.0,1.8956,1.1542967978110328,0.7413522021889671,0.6422544042354106
2026-04-20,189564.9131,189564.9131,0.0,1.895649,100000.0,1.8956,1.161319798765902,0.7343292012340981,0.6323229846029033
2026-04-21,189564.9131,189564.9131,0.0,1.895649,100000.0,1.8956,1.163896361310566,0.731752638689434,0.6287094478630972
2026-04-22,189564.9131,189564.9131,0.0,1.895649,100000.0,1.8956,1.1716174320050847,0.7240315679949152,0.6179760971598218
2026-04-23,189564.9131,189564.9131,0.0,1.895649,100000.0,1.8956,1.1683708963137824,0.7272781036862175,0.6224719444662516
2026-04-24,189564.9131,189564.9131,0.0,1.895649,100000.0,1.8956,1.1642312258309182,0.7314177741690817,0.628240986791146
2026-04-27,189564.9131,189564.9131,0.0,1.895649,100000.0,1.8956,1.1646164494054685,0.7310325505945316,0.6277024087782039
2026-04-28,189564.9131,189564.9131,0.0,1.895649,100000.0,1.8956,1.1615068815537708,0.7341421184462291,0.6320600679215542
2026-04-29,189564.9131,189564.9131,0.0,1.895649,100000.0,1.8956,1.1742341987970892,0.7214148012029107,0.6143704568832551
2026-04-30,189564.9131,189564.9131,0.0,1.895649,100000.0,1.8956,1.1734921411681207,0.7221568588318792,0.6153913038676406
2026-05-06,27767.5787,189435.5787,161668.0,1.894356,100000.0,1.8956,1.1905273911146557,0.7038286088853443,0.591190605221078
2026-05-07,27767.5787,188838.5787,161071.0,1.888386,100000.0,1.8944,1.1962435221303136,0.6921424778696863,0.5785966361072485
2026-05-08,27767.5787,187807.5787,160040.0,1.878076,100000.0,1.8884,1.1892626782702578,0.6888133217297423,0.5791935913868902
2026-05-11,27767.5787,188947.5787,161180.0,1.889476,100000.0,1.8781,1.2087726985869507,0.6807033014130492,0.5631358999163267
2026-05-12,27767.5787,186355.5787,158588.0,1.863556,100000.0,1.8895,1.207847512686246,0.655708487313754,0.54287356675965
2026-05-13,27767.5787,185478.5787,157711.0,1.854786,100000.0,1.8636,1.2201248694613,0.6346611305387,0.5201608019176844
2026-05-14,27767.5787,184634.5787,156867.0,1.846346,100000.0,1.8548,1.1996823156552872,0.6466636843447129,0.5390291045438091
2026-05-15,27767.5787,183426.5787,155659.0,1.834266,100000.0,1.8463,1.1862554152155278,0.6480105847844722,0.546265649431608
2026-05-18,27767.5787,182361.5787,154594.0,1.823616,100000.0,1.8343,1.179891817620352,0.643724182379648,0.545578986790445
2026-05-19,27767.5787,180739.5787,152972.0,1.807396,100000.0,1.8236,1.1846175864509096,0.6227784135490904,0.5257210602578692
2026-05-20,27767.5787,180402.5787,152635.0,1.804026,100000.0,1.8074,1.184084654375656,0.6199413456243439,0.5235616755384997
2026-05-21,27767.5787,179740.5787,151973.0,1.797406,100000.0,1.804,1.1675825073785289,0.6298234926214712,0.5394252557239478
2026-05-22,27767.5787,178759.5787,150992.0,1.787596,100000.0,1.7974,1.1827165870787746,0.6048794129212254,0.5114322564928546
2026-05-25,27767.5787,178142.5787,150375.0,1.781426,100000.0,1.7876,1.2013911304255318,0.5800348695744681,0.4828026900523399
2026-05-26,27767.5787,177972.5787,150205.0,1.779726,100000.0,1.7814,1.2077993749960485,0.5719266250039514,0.4735278365298232
2026-05-27,27767.5787,178538.5787,150771.0,1.785386,100000.0,1.7797,1.1981137641547572,0.5872722358452427,0.4901640006277286
2026-05-28,27767.5787,177070.5787,149303.0,1.770706,100000.0,1.7854,1.1995886277977927,0.5711173722022072,0.4760943534873831
2026-05-29,27767.5787,180262.5787,152495.0,1.802626,100000.0,1.7707,1.1941958395023988,0.6084301604976012,0.5094894324461252
2026-06-01,7793.4671,180600.4671,172807.0,1.806005,100000.0,1.8026,1.182511538094159,0.623493461905841,0.5272620535362544
2026-06-02,7793.4671,182529.4671,174736.0,1.825295,100000.0,1.806,1.199673039629793,0.6256219603702069,0.5214937234592414
2026-06-03,7793.4671,181939.4671,174146.0,1.819395,100000.0,1.8253,1.205592608530902,0.613802391469098,0.5091291926690382
2026-06-04,7793.4671,180849.4671,173056.0,1.808495,100000.0,1.8194,1.197277457224646,0.6112175427753539,0.5105061814094365
2026-06-05,7793.4671,180827.4671,173034.0,1.808275,100000.0,1.8085,1.1758387315123016,0.6324362684876985,0.5378597009424009
2026-06-08,7793.4671,181309.4671,173516.0,1.813095,100000.0,1.8083,1.150626469807599,0.6624685301924009,0.5757459502067384
2026-06-09,7793.4671,181203.4671,173410.0,1.812035,100000.0,1.8131,1.1721504617227128,0.6398845382772873,0.5459064848525055
2026-06-10,7793.4671,183022.4671,175229.0,1.830225,100000.0,1.812,1.1591597785871302,0.6710652214128698,0.5789238324252537
2026-06-11,7793.4671,184202.4671,176409.0,1.842025,100000.0,1.8302,1.152768841127339,0.6892561588726611,0.5979135922849979
2026-06-12,7793.4671,184452.4671,176659.0,1.844525,100000.0,1.842,1.166172307397428,0.678352692602572,0.581691649080972
2026-06-15,7793.4671,180766.4671,172973.0,1.807665,100000.0,1.8445,1.1940960734071462,0.6135689265928539,0.5138354779462102
2026-06-16,7793.4671,178019.4671,170226.0,1.780195,100000.0,1.8077,1.1922700633779564,0.5879249366220436,0.493113896491141
2026-06-17,7793.4671,177292.4671,169499.0,1.772925,100000.0,1.7802,1.2037806101823274,0.5691443898176727,0.4727974391708043
2026-06-18,7793.4671,174269.4671,166476.0,1.742695,100000.0,1.7729,1.2062735420339803,0.5364214579660198,0.4446930478650166
2026-06-22,7793.4671,175638.4671,167845.0,1.756385,100000.0,1.7427,1.23509259096748,0.5212924090325199,0.4220674731958176
2026-06-23,7793.4671,174969.4671,167176.0,1.749695,100000.0,1.7564,1.200851314562938,0.548843685437062,0.4570454966248833
2026-06-24,7793.4671,172434.4671,164641.0,1.724345,100000.0,1.7497,1.2066204409768817,0.5177245590231183,0.429069939014101
2026-06-25,7793.4671,170750.4671,162957.0,1.707505,100000.0,1.7243,1.2254371272090456,0.4820678727909544,0.3933844193939777
2026-06-26,7793.4671,172743.4671,164950.0,1.727435,100000.0,1.7075,1.1883615123934657,0.5390734876065344,0.4536275215786756
2026-06-29,10453.4671,175536.4671,165083.0,1.755365,100000.0,1.7274,1.2026906527761274,0.5526743472238727,0.4595315893976182
2026-06-30,10453.4671,172161.4671,161708.0,1.721615,100000.0,1.7554,1.2155090947646328,0.5061059052353671,0.4163736062652561
2026-07-01,7486.069,174327.069,166841.0,1.743271,100000.0,1.7216,1.2105157858303384,0.5327552141696617,0.4401059617774623
2026-07-02,7486.069,172942.069,165456.0,1.729421,100000.0,1.7433,1.174709936851991,0.5547110631480088,0.4722110929226779
2026-07-03,7486.069,172828.069,165342.0,1.728281,100000.0,1.7294,1.182003333950026,0.546277666049974,0.4621625424899775
2026-07-06,7486.069,173690.069,166204.0,1.736901,100000.0,1.7283,1.1819604445374103,0.5549405554625897,0.4695085677590331
2026-07-07,7486.069,172934.069,165448.0,1.729341,100000.0,1.7369,1.1698196894430597,0.5595213105569403,0.4782970534743891
2026-07-08,7486.069,171998.069,164512.0,1.719981,100000.0,1.7293,1.1608540202331104,0.5591269797668896,0.481651413546909
2026-07-09,7486.069,172203.069,164717.0,1.722031,100000.0,1.72,1.19033681761193,0.5316941823880701,0.4466754069278997
2026-07-10,7486.069,173715.069,166229.0,1.737151,100000.0,1.722,1.1670184029754942,0.5701325970245057,0.4885377947518774
2026-07-13,7486.069,173457.069,165971.0,1.734571,100000.0,1.7372,1.1461708530142716,0.5884001469857285,0.513361638396507
2026-07-14,7486.069,174706.069,167220.0,1.747061,100000.0,1.7346,1.1708546009611271,0.5762063990388728,0.4921246400414523
2026-07-15,7486.069,177183.069,169697.0,1.771831,100000.0,1.7471,1.1684820865667491,0.6033489134332506,0.5163527283554845
2026-07-16,7486.069,175048.069,167562.0,1.750481,100000.0,1.7718,1.1469157178614815,0.6035652821385182,0.5262507721700032
2026-07-17,9145.069,176346.069,167201.0,1.763461,100000.0,1.7505,1.1055790386820263,0.6578819613179736,0.5950564711341149
2026-07-20,9145.069,180613.069,171468.0,1.806131,100000.0,1.7635,1.1224773940207369,0.6836536059792631,0.6090577945007889
2026-07-21,9145.069,179766.069,170621.0,1.797661,100000.0,1.8061,1.156873848567565,0.640787151432435,0.5538954417768664
2026-07-22,9145.069,183645.069,174500.0,1.836451,100000.0,1.7977,1.1515073016600832,0.6849436983399169,0.5948235824058261
2026-07-23,9145.069,184298.069,175153.0,1.842981,100000.0,1.8365,1.1541332956563954,0.6888477043436045,0.5968528132201862
2026-07-24,9145.069,182391.069,173246.0,1.823911,100000.0,1.843,1.1348952825820329,0.6890157174179672,0.6071183200712296
2026-07-27,9145.069,181923.069,172778.0,1.819231,100000.0,1.8239,1.147890384035022,0.671340615964978,0.5848473210526479
2026-07-28,9145.069,184475.069,175330.0,1.844751,100000.0,1.8192,1.115447802205648,0.729303197794352,0.6538210002765286
2026-07-29,9145.069,185888.069,176743.0,1.858881,100000.0,1.8448,1.12295135010232,0.73592964989768,0.6553531012992007
2026-07-30,9145.069,189325.069,180180.0,1.893251,100000.0,1.8589,1.1106136747509583,0.7826373252490417,0.7046890768966434
2026-07-31,9145.069,187411.069,178266.0,1.874111,100000.0,1.8933,1.120006065544249,0.7541049344557511,0.6733043308022675
