date,cash,total_value,market_value,unit_net_value,units,static_unit_net_value,benchmark_unit_net_value,arithmetic_excess_unit_net_value,geometric_excess_unit_net_value
2020-01-02,6467.2336,99925.2336,93458.0,0.999252,100000.0,1.0,1.013586618952419,-0.0143346189524189,-0.0141424705934203
2020-01-03,6467.2336,100796.2336,94329.0,1.007962,100000.0,0.9993,1.0118105285867456,-0.0038485285867455,-0.0038036059894741
2020-01-06,6467.2336,101210.2336,94743.0,1.012102,100000.0,1.008,1.0079855106528928,0.0041164893471072,0.0040838774998273
2020-01-07,6467.2336,99603.2336,93136.0,0.996032,100000.0,1.0121,1.0155361954054332,-0.0195041954054331,-0.0192058101854719
2020-01-08,6467.2336,99675.2336,93208.0,0.996752,100000.0,0.996,1.0038410312831274,-0.0070890312831274,-0.0070619062801867
2020-01-09,6467.2336,100225.2336,93758.0,1.002252,100000.0,0.9968,1.0165473554161162,-0.0142953554161162,-0.0140626556549001
2020-01-10,6467.2336,99484.2336,93017.0,0.994842,100000.0,1.0023,1.0162581387054344,-0.0214161387054343,-0.0210735224543593
2020-01-13,6467.2336,103987.2336,97520.0,1.039872,100000.0,0.9948,1.0262184907755172,0.0136535092244827,0.0133046805794394
2020-01-14,6467.2336,105473.2336,99006.0,1.054732,100000.0,1.0399,1.02277608448272,0.0319559155172799,0.0312442928634197
2020-01-15,6467.2336,104323.2336,97856.0,1.043232,100000.0,1.0547,1.0171245927184027,0.0261074072815972,0.0256678557066658
2020-01-16,6467.2336,104577.2336,98110.0,1.045772,100000.0,1.0432,1.0128061146388347,0.0329658853611651,0.0325490583880614
2020-01-17,6467.2336,107177.2336,100710.0,1.071772,100000.0,1.0458,1.0142242724733868,0.0575477275266131,0.056740633298266
2020-01-20,6467.2336,109555.2336,103088.0,1.095552,100000.0,1.0718,1.0217860396353338,0.0737659603646663,0.0721931573766585
2020-01-21,6467.2336,106642.2336,100175.0,1.066422,100000.0,1.0956,1.0043271194296337,0.0620948805703664,0.0618273462590861
2020-01-22,6467.2336,112299.2336,105832.0,1.122992,100000.0,1.0664,1.0086289006633111,0.1143630993366888,0.1133847139036761
2020-01-23,35601.31,110670.31,75069.0,1.106703,100000.0,1.123,0.9773760667459828,0.1293269332540171,0.1323205444190898
2020-02-03,76156.5196,108466.5196,32310.0,1.084665,100000.0,1.1067,0.9003500259399169,0.1843149740600831,0.2047147984115047
2020-02-04,76156.5196,109972.5196,33816.0,1.099725,100000.0,1.0847,0.9240966023847048,0.1756283976152952,0.1900541536047986
2020-02-05,76156.5196,112642.5196,36486.0,1.126425,100000.0,1.0997,0.934566208254437,0.1918587917455629,0.2052918135183945
2020-02-06,76156.5196,112606.5196,36450.0,1.126065,100000.0,1.1264,0.9519582434342032,0.1741067565657968,0.182893270546935
2020-02-07,76156.5196,110896.5196,34740.0,1.108965,100000.0,1.1261,0.9519812382131924,0.1569837617868076,0.1649021592919795
2020-02-10,76156.5196,112714.5196,36558.0,1.127145,100000.0,1.109,0.9559201071546936,0.1712248928453064,0.1791205055357179
2020-02-11,76156.5196,111580.5196,35424.0,1.115805,100000.0,1.1271,0.9648199898154124,0.1509850101845876,0.1564903420102996
2020-02-12,76156.5196,111670.5196,35514.0,1.116705,100000.0,1.1158,0.9726236171368322,0.1440813828631678,0.1481368335341357
2020-02-13,76156.5196,110686.5196,34530.0,1.106865,100000.0,1.1167,0.9666396775009098,0.1402253224990901,0.1450647286294102
2020-02-14,76156.5196,110296.5196,34140.0,1.102965,100000.0,1.1069,0.9734295816993392,0.1295354183006608,0.1330711750864688
2020-02-17,76156.5196,111244.5196,35088.0,1.112445,100000.0,1.103,0.9953234185151568,0.1171215814848429,0.117671883637147
2020-02-18,76156.5196,111838.5196,35682.0,1.118385,100000.0,1.1124,0.9904624638183136,0.1279225361816864,0.1291543504723387
2020-02-19,76156.5196,113302.5196,37146.0,1.133025,100000.0,1.1184,0.9889489826165088,0.1440760173834911,0.1456859958562295
2020-02-20,76156.5196,117016.5196,40860.0,1.170165,100000.0,1.133,1.011735148674306,0.1584298513256938,0.1565922183619768
2020-02-21,76156.5196,116656.5196,40500.0,1.166565,100000.0,1.1702,1.0129152055807695,0.1536497944192305,0.1516906781265399
2020-02-24,76156.5196,115876.5196,39720.0,1.158765,100000.0,1.1666,1.0088504756196637,0.1499145243803363,0.1485993494608353
2020-02-25,76156.5196,118666.5196,42510.0,1.186665,100000.0,1.1588,1.0066573058550443,0.1800076941449555,0.1788172529995784
2020-02-26,76156.5196,119176.5196,43020.0,1.191765,100000.0,1.1867,0.9942471798624518,0.1975178201375481,0.1986606792939291
2020-02-27,76156.5196,118186.5196,42030.0,1.181865,100000.0,1.1918,0.9971424471146328,0.1847225528853672,0.1852519200440088
2020-02-28,76156.5196,115378.5196,39222.0,1.153785,100000.0,1.1819,0.9617892925910116,0.1919957074089884,0.1996234610719793
2020-03-02,456.0076,116206.0076,115750.0,1.16206,100000.0,1.1538,0.9934296690892638,0.1686303309107363,0.169745615777038
2020-03-03,456.0076,116230.0076,115774.0,1.1623,100000.0,1.1621,0.9987256205606134,0.1635743794393866,0.1637831012561466
2020-03-04,456.0076,115048.0076,114592.0,1.15048,100000.0,1.1623,1.0045087098339858,0.1459712901660141,0.1453161020277651
2020-03-05,456.0076,116430.0076,115974.0,1.1643,100000.0,1.1505,1.0268865598958703,0.1374134401041296,0.1338155989869647
2020-03-06,456.0076,115056.0076,114600.0,1.15056,100000.0,1.1643,1.0102341656963254,0.1403258343036746,0.1389042650393357
2020-03-09,456.0076,106494.0076,106038.0,1.06494,100000.0,1.1506,0.975723762499475,0.0892162375005249,0.0914359585462827
2020-03-10,456.0076,107294.0076,106838.0,1.07294,100000.0,1.0649,0.9966189863496208,0.0763210136503793,0.0765799314439363
2020-03-11,456.0076,106782.0076,106326.0,1.06782,100000.0,1.0729,0.9833633994543892,0.0844566005456107,0.0858854423425468
2020-03-12,69080.6794,103184.6794,34104.0,1.031847,100000.0,1.0678,0.9644408444786206,0.0674061555213794,0.0698914359623781
2020-03-13,69080.6794,102680.6794,33600.0,1.026807,100000.0,1.0318,0.9508689695246192,0.0759380304753807,0.0798617190266977
2020-03-16,69080.6794,99320.6794,30240.0,0.993207,100000.0,1.0268,0.9099878164287252,0.0832191835712748,0.091450876669834
2020-03-17,69080.6794,98960.6794,29880.0,0.989607,100000.0,0.9932,0.9055554385203218,0.0840515614796781,0.0928176872495167
2020-03-18,69080.6794,98252.6794,29172.0,0.982527,100000.0,0.9896,0.887631789437346,0.094895210562654,0.1069083055517947
2020-03-19,69080.6794,97748.6794,28668.0,0.977487,100000.0,0.9825,0.876118801573634,0.101368198426366,0.1157014302675554
2020-03-20,69080.6794,97952.6794,28872.0,0.979527,100000.0,0.9775,0.8917736324630234,0.0877533675369766,0.0984031870224815
2020-03-23,69080.6794,95804.6794,26724.0,0.958047,100000.0,0.9795,0.8617685948488621,0.0962784051511378,0.1117218772262444
2020-03-24,69080.6794,96068.6794,26988.0,0.960687,100000.0,0.958,0.8849119855305722,0.0757750144694278,0.0856300012978068
2020-03-25,69080.6794,97784.6794,28704.0,0.977847,100000.0,0.9607,0.908688757879404,0.0691582421205959,0.0761077338317575
2020-03-26,69080.6794,97412.6794,28332.0,0.974127,100000.0,0.9778,0.9027152659774598,0.0714117340225402,0.0791077061771139
2020-03-27,69080.6794,98168.6794,29088.0,0.981687,100000.0,0.9741,0.9056477837951792,0.0760392162048209,0.0839611354053928
2020-03-30,69080.6794,98792.6794,29712.0,0.987927,100000.0,0.9817,0.8968722486972739,0.0910547513027261,0.1015247728257675
2020-03-31,69080.6794,98888.6794,29808.0,0.988887,100000.0,0.9879,0.8998123337989493,0.0890746662010506,0.0989924930512824
2020-04-01,99461.1334,99461.1334,0.0,0.994611,100000.0,0.9889,0.897107810923648,0.097503189076352,0.1086861443954705
2020-04-02,99461.1334,99461.1334,0.0,0.994611,100000.0,0.9946,0.9116210804123762,0.0829899195876238,0.0910355424756994
2020-04-03,99461.1334,99461.1334,0.0,0.994611,100000.0,0.9946,0.906418621513774,0.088192378486226,0.0972976242907934
2020-04-07,99461.1334,99461.1334,0.0,0.994611,100000.0,0.9946,0.9271195614509962,0.0674914385490038,0.0727969092178097
2020-04-08,99461.1334,99461.1334,0.0,0.994611,100000.0,0.9946,0.9228045252650986,0.0718064747349014,0.0778133101528444
2020-04-09,99461.1334,99461.1334,0.0,0.994611,100000.0,0.9946,0.9258475498391698,0.0687634501608301,0.0742708129138272
2020-04-10,99461.1334,99461.1334,0.0,0.994611,100000.0,0.9946,0.9200787651735336,0.0745322348264665,0.0810063634197766
2020-04-13,99461.1334,99461.1334,0.0,0.994611,100000.0,0.9946,0.9161922081337028,0.0784187918662973,0.0855920746434173
2020-04-14,99461.1334,99461.1334,0.0,0.994611,100000.0,0.9946,0.9338758522623044,0.0607351477376957,0.0650355693324391
2020-04-15,99461.1334,99461.1334,0.0,0.994611,100000.0,0.9946,0.9269586712298528,0.0676523287701471,0.0729831122679813
2020-04-16,99461.1334,99461.1334,0.0,0.994611,100000.0,0.9946,0.928183668038778,0.0664273319612219,0.0715670122720224
2020-04-17,99461.1334,99461.1334,0.0,0.994611,100000.0,0.9946,0.9372415848812112,0.0573694151187889,0.0612109151410094
2020-04-20,99461.1334,99461.1334,0.0,0.994611,100000.0,0.9946,0.94065125656825,0.05395974343175,0.0573642389301745
2020-04-21,99461.1334,99461.1334,0.0,0.994611,100000.0,0.9946,0.9295669675459453,0.0650440324540547,0.0699724008327995
2020-04-22,99461.1334,99461.1334,0.0,0.994611,100000.0,0.9946,0.9372162710958484,0.0573947289041515,0.0612395779653316
2020-04-23,99461.1334,99461.1334,0.0,0.994611,100000.0,0.9946,0.9348653112554488,0.0597456887445512,0.0639083384796015
2020-04-24,99461.1334,99461.1334,0.0,0.994611,100000.0,0.9946,0.92686342109438,0.0677475789056198,0.0730933785536902
2020-04-27,99461.1334,99461.1334,0.0,0.994611,100000.0,0.9946,0.9331605974648964,0.0614504025351035,0.0658519044868
2020-04-28,99461.1334,99461.1334,0.0,0.994611,100000.0,0.9946,0.9395995017407316,0.0550114982592684,0.0585478154866541
2020-04-29,99461.1334,99461.1334,0.0,0.994611,100000.0,0.9946,0.9439654584244754,0.0506455415755245,0.0536519012677163
2020-04-30,99461.1334,99461.1334,0.0,0.994611,100000.0,0.9946,0.9550833120127143,0.0395276879872856,0.0413866387257737
2020-05-06,12061.2694,99391.2694,87330.0,0.993913,100000.0,0.9946,0.9608629349818232,0.0330500650181768,0.0343962326102236
2020-05-07,12061.2694,100273.2694,88212.0,1.002733,100000.0,0.9939,0.9580900624449832,0.0446429375550169,0.0465957630758542
2020-05-08,12061.2694,100657.2694,88596.0,1.006573,100000.0,1.0027,0.9675435773641644,0.0390294226358356,0.0403386716101838
2020-05-11,12061.2694,98755.2694,86694.0,0.987553,100000.0,1.0066,0.9667035112026684,0.0208494887973317,0.0215676146364598
2020-05-12,12061.2694,100441.2694,88380.0,1.004413,100000.0,0.9876,0.9667175472938772,0.0376954527061228,0.0389932434883832
2020-05-13,12061.2694,100953.2694,88892.0,1.009533,100000.0,1.0044,0.9686740807660124,0.0408589192339876,0.0421802544790679
2020-05-14,12061.2694,98971.2694,86910.0,0.989713,100000.0,1.0095,0.95816893307228,0.0315440669277198,0.032921195667007
2020-05-15,12061.2694,100851.2694,88790.0,1.008513,100000.0,0.9897,0.955141580099176,0.0533714199008239,0.05587801956573
2020-05-18,12061.2694,102401.2694,90340.0,1.024013,100000.0,1.0085,0.9576060247883232,0.0664069752116769,0.0693468644648054
2020-05-19,12061.2694,103417.2694,91356.0,1.034173,100000.0,1.024,0.9657439795970404,0.0684290204029596,0.0708562743839333
2020-05-20,12061.2694,103951.2694,91890.0,1.039513,100000.0,1.0342,0.9606110420684604,0.0789019579315396,0.0821372589697095
2020-05-21,12061.2694,103639.2694,91578.0,1.036393,100000.0,1.0395,0.955380559808627,0.0810124401913728,0.0847959897861021
2020-05-22,12061.2694,100443.2694,88382.0,1.004433,100000.0,1.0364,0.9334767146495124,0.0709562853504873,0.0760129141272998
2020-05-25,12061.2694,101387.2694,89326.0,1.013873,100000.0,1.0044,0.9347608339156688,0.0791121660843313,0.0846335909827695
2020-05-26,12061.2694,103099.2694,91038.0,1.030993,100000.0,1.0139,0.945366162684742,0.0856268373152581,0.0905753143015895
2020-05-27,12061.2694,102873.2694,90812.0,1.028733,100000.0,1.031,0.9387370754756756,0.0899959245243243,0.095869148961355
2020-05-28,12061.2694,101711.2694,89650.0,1.017113,100000.0,1.0287,0.9414268543525592,0.0756861456474407,0.0803951420097228
2020-05-29,12061.2694,103217.2694,91156.0,1.032173,100000.0,1.0171,0.943963310292256,0.0882096897077441,0.0934460998070294
2020-06-01,44924.9674,106852.9674,61928.0,1.06853,100000.0,1.0322,0.9694277090162556,0.0991022909837443,0.1022276236402508
2020-06-02,45724.9674,106828.9674,61104.0,1.06829,100000.0,1.0685,0.972412514325052,0.0958774856749479,0.0985975440078494
2020-06-03,45724.9674,106537.9674,60813.0,1.06538,100000.0,1.0683,0.9724320427997776,0.0929479572002225,0.0955829848352296
2020-06-04,45724.9674,106919.9674,61195.0,1.0692,100000.0,1.0654,0.972075013460612,0.0971249865393878,0.0999151147745485
2020-06-05,45724.9674,107217.9674,61493.0,1.07218,100000.0,1.0692,0.9767290883783344,0.0954509116216656,0.0977250629241963
2020-06-08,45724.9674,107926.9674,62202.0,1.07927,100000.0,1.0722,0.9817830576372442,0.0974869423627557,0.0992958083808936
2020-06-09,45724.9674,108576.9674,62852.0,1.08577,100000.0,1.0793,0.9879038674703976,0.0978661325296023,0.0990644289916546
2020-06-10,45724.9674,108392.9674,62668.0,1.08393,100000.0,1.0858,0.9861159867881087,0.0978140132118913,0.0991911849340183
2020-06-11,45724.9674,107568.9674,61844.0,1.07569,100000.0,1.0839,0.975419142704354,0.1002708572956458,0.1027977132144899
2020-06-12,45724.9674,108014.9674,62290.0,1.08015,100000.0,1.0757,0.977176290449544,0.102973709550456,0.1053788457178832
2020-06-15,45724.9674,106124.9674,60400.0,1.06125,100000.0,1.0801,0.9654361131929964,0.0958138868070037,0.0992441503872458
2020-06-16,45724.9674,106760.9674,61036.0,1.06761,100000.0,1.0612,0.9799804085459444,0.0876295914540556,0.0894197380783121
2020-06-17,45724.9674,105850.9674,60126.0,1.05851,100000.0,1.0676,0.9807185604799672,0.0777914395200327,0.0793208598825347
2020-06-18,45724.9674,106321.9674,60597.0,1.06322,100000.0,1.0585,0.9872581828641984,0.0759618171358017,0.0769422005856907
2020-06-19,45724.9674,108723.9674,62999.0,1.08724,100000.0,1.0632,1.0005193109641333,0.0867206890358667,0.086675677406266
2020-06-22,46164.9674,108309.9674,62145.0,1.0831,100000.0,1.0872,1.0013337460025522,0.0817662539974477,0.08165734384152
2020-06-23,46164.9674,109260.9674,63096.0,1.09261,100000.0,1.0831,1.0061544720414617,0.0864555279585386,0.0859266945195031
2020-06-24,46164.9674,109736.9674,63572.0,1.09737,100000.0,1.0926,1.0103518979883257,0.0870181020116742,0.0861265289696915
2020-06-29,46164.9674,109639.9674,63475.0,1.0964,100000.0,1.0974,1.0032061605698082,0.0931938394301918,0.0928959999380973
2020-06-30,46164.9674,110283.9674,64119.0,1.10284,100000.0,1.0964,1.016448248406886,0.086391751593114,0.0849937532270028
2020-07-01,7349.0594,113608.0594,106259.0,1.136081,100000.0,1.1028,1.0369091589791406,0.0991718410208593,0.0956417832382694
2020-07-02,7349.0594,113131.0594,105782.0,1.131311,100000.0,1.1361,1.0584053716389576,0.0729056283610423,0.0688825192262079
2020-07-03,7349.0594,118384.0594,111035.0,1.183841,100000.0,1.1313,1.0788494877229489,0.104991512277051,0.0973180350659008
2020-07-06,7349.0594,124247.0594,116898.0,1.242471,100000.0,1.1838,1.1399978777430095,0.1024731222569905,0.0898888710739258
2020-07-07,7349.0594,125249.0594,117900.0,1.252491,100000.0,1.2425,1.1468405332337903,0.1056504667662094,0.0921230665507635
2020-07-08,7349.0594,130268.0594,122919.0,1.302681,100000.0,1.2525,1.1653627544776906,0.1373182455223094,0.1178330481171545
2020-07-09,7349.0594,135779.0594,128430.0,1.357791,100000.0,1.3027,1.1816609753774985,0.1761300246225015,0.1490529249019452
2020-07-10,7349.0594,134097.0594,126748.0,1.340971,100000.0,1.3578,1.160268043938385,0.1807029560616149,0.1557424226286896
2020-07-13,7349.0594,142379.0594,135030.0,1.423791,100000.0,1.341,1.1846366267137671,0.2391543732862326,0.2018799418262604
2020-07-14,7349.0594,141296.0594,133947.0,1.412961,100000.0,1.4238,1.173341601038583,0.2396193989614168,0.2042196396593436
2020-07-15,7349.0594,138727.0594,131378.0,1.387271,100000.0,1.413,1.1581529636620735,0.2291180363379263,0.1978305487501896
2020-07-16,7349.0594,130034.0594,122685.0,1.300341,100000.0,1.3873,1.102444205866154,0.1978967941338461,0.1795073102845736
2020-07-17,8149.0594,128752.0594,120603.0,1.287521,100000.0,1.3003,1.1093884094255066,0.1781325905744932,0.1605682816415385
2020-07-20,8149.0594,134798.0594,126649.0,1.347981,100000.0,1.2875,1.142490126098047,0.2054908739019532,0.179862275574991
2020-07-21,8149.0594,136594.0594,128445.0,1.365941,100000.0,1.348,1.1451113112074578,0.2208296887925422,0.1928456095326569
2020-07-22,8149.0594,136880.0594,128731.0,1.368801,100000.0,1.3659,1.1508240979718194,0.2179769020281805,0.1894094001093103
2020-07-23,8149.0594,141372.0594,133223.0,1.413721,100000.0,1.3688,1.1503335182761265,0.2633874817238737,0.2289661889697716
2020-07-24,8149.0594,135649.0594,127500.0,1.356491,100000.0,1.4137,1.0998414019335785,0.2566495980664216,0.2333514610517646
2020-07-27,8149.0594,141109.0594,132960.0,1.411091,100000.0,1.3565,1.1054215171227746,0.3056694828772255,0.2765184847069302
2020-07-28,8149.0594,138640.0594,130491.0,1.386401,100000.0,1.4111,1.1151387885037145,0.2712622114962857,0.2432542157916177
2020-07-29,8149.0594,141118.0594,132969.0,1.411181,100000.0,1.3864,1.1421736183439364,0.2690073816560636,0.2355223210689314
2020-07-30,8149.0594,141705.0594,133556.0,1.417051,100000.0,1.4112,1.136593991366608,0.2804570086333919,0.2467521478766383
2020-07-31,8149.0594,143084.0594,134935.0,1.430841,100000.0,1.4171,1.1460886381356792,0.2847523618643208,0.2484557933734708
2020-08-03,8023.5529,144023.5529,136000.0,1.440236,100000.0,1.4308,1.164705279554876,0.275530720445124,0.2365669026162786
2020-08-04,8023.5529,143289.5529,135266.0,1.432896,100000.0,1.4402,1.1658017057683283,0.2670942942316716,0.2291078258936338
2020-08-05,8023.5529,144749.5529,136726.0,1.447496,100000.0,1.4329,1.1661206301711862,0.2813753698288137,0.2412918205447647
2020-08-06,8023.5529,147283.5529,139260.0,1.472836,100000.0,1.4475,1.1626190037787845,0.3102169962212155,0.2668260154125621
2020-08-07,8023.5529,148561.5529,140538.0,1.485616,100000.0,1.4728,1.1492327225664538,0.3363832774335462,0.2927024882152145
2020-08-10,8023.5529,145743.5529,137720.0,1.457436,100000.0,1.4856,1.1533687314603072,0.3040672685396928,0.2636340488914643
2020-08-11,8023.5529,141547.5529,133524.0,1.415476,100000.0,1.4574,1.1428511831851242,0.2726248168148757,0.2385479586721612
2020-08-12,53564.2729,136998.2729,83434.0,1.369983,100000.0,1.4155,1.1345176262914396,0.2354653737085603,0.2075466861438371
2020-08-13,53564.2729,137634.2729,84070.0,1.376343,100000.0,1.37,1.13160495428616,0.2447380457138401,0.2162751628002779
2020-08-14,53564.2729,138718.2729,85154.0,1.387183,100000.0,1.3763,1.1484278076594636,0.2387551923405364,0.207897432253167
2020-08-17,53564.2729,137704.2729,84140.0,1.377043,100000.0,1.3872,1.1754252648811805,0.2016177351188197,0.1715274812807437
2020-08-18,53564.2729,138860.2729,85296.0,1.388603,100000.0,1.377,1.1748223964558169,0.2137806035441833,0.1819684440721534
2020-08-19,91552.8235,134384.8235,42832.0,1.343848,100000.0,1.3886,1.157227728940182,0.1866202710598179,0.1612649493205018
2020-08-20,91552.8235,132688.8235,41136.0,1.326888,100000.0,1.3438,1.1422093554526838,0.1846786445473163,0.161685459557564
2020-08-21,91552.8235,134752.8235,43200.0,1.347528,100000.0,1.3269,1.151897602638063,0.1956303973619371,0.1698331491565801
2020-08-24,91552.8235,138192.8235,46640.0,1.381928,100000.0,1.3475,1.1609309868341224,0.2209970131658776,0.1903618868581844
2020-08-25,91552.8235,138632.8235,47080.0,1.386328,100000.0,1.3819,1.1624204236014215,0.2239075763985782,0.1926218533780279
2020-08-26,91552.8235,137632.8235,46080.0,1.376328,100000.0,1.3863,1.1487943083088707,0.2275336916911292,0.1980630388272721
2020-08-27,91552.8235,140032.8235,48480.0,1.400328,100000.0,1.3763,1.1549494150257604,0.2453785849742396,0.2124582962525389
2020-08-28,91552.8235,141920.8235,50368.0,1.419208,100000.0,1.4003,1.1825138815111265,0.2366941184888735,0.2001618096748292
2020-08-31,91552.8235,142176.8235,50624.0,1.421768,100000.0,1.4192,1.1756667344711589,0.2461012655288412,0.2093291051902928
2020-09-01,20896.3435,145320.3435,124424.0,1.453203,100000.0,1.4218,1.1819907869050157,0.2712122130949843,0.2294537454095899
2020-09-02,20896.3435,144436.3435,123540.0,1.444363,100000.0,1.4532,1.1824215606468624,0.2619414393531376,0.2215296541191607
2020-09-03,20896.3435,143104.3435,122208.0,1.431043,100000.0,1.4444,1.1758815232825437,0.2551614767174566,0.2169959061905813
2020-09-04,20896.3435,141838.3435,120942.0,1.418383,100000.0,1.431,1.1644387646960623,0.2539442353039376,0.218082945194822
2020-09-07,20896.3435,138977.3435,118081.0,1.389773,100000.0,1.4184,1.1398203639077564,0.2499526360922435,0.2192912532596862
2020-09-08,20896.3435,138945.3435,118049.0,1.389453,100000.0,1.3898,1.1459283093581845,0.2435246906418156,0.2125130242905071
2020-09-09,42568.1335,135920.1335,93352.0,1.359201,100000.0,1.3895,1.1191253069235452,0.2400756930764549,0.2145208330034271
2020-09-10,42568.1335,138368.1335,95800.0,1.383681,100000.0,1.3592,1.118487897508511,0.2651931024914888,0.2370996620367731
2020-09-11,42568.1335,142648.1335,100080.0,1.426481,100000.0,1.3837,1.1295471412619806,0.2969338587380195,0.2628786775612319
2020-09-14,42568.1335,146520.1335,103952.0,1.465201,100000.0,1.4265,1.1353490755134632,0.3298519244865368,0.2905290818485591
2020-09-15,42568.1335,146032.1335,103464.0,1.460321,100000.0,1.4652,1.1444864244268418,0.3158345755731582,0.2759618365340839
2020-09-16,42568.1335,146184.1335,103616.0,1.461841,100000.0,1.4603,1.1368888225137737,0.3249521774862263,0.2858258178383044
2020-09-17,42568.1335,145688.1335,103120.0,1.456881,100000.0,1.4618,1.1308730270534555,0.3260079729465444,0.288279908661341
2020-09-18,42568.1335,145200.1335,102632.0,1.452001,100000.0,1.4569,1.156351461868664,0.295649538131336,0.2556744622033566
2020-09-21,42568.1335,143488.1335,100920.0,1.434881,100000.0,1.452,1.145205438455634,0.289675561544366,0.2529463726045589
2020-09-22,42568.1335,140544.1335,97976.0,1.405441,100000.0,1.4349,1.131616720192182,0.2738242798078178,0.2419761699538289
2020-09-23,83794.4695,145386.4695,61592.0,1.453865,100000.0,1.4054,1.1356607011488924,0.3182042988511075,0.2801931056777749
2020-09-24,83794.4695,139546.4695,55752.0,1.395465,100000.0,1.4539,1.1138714149046351,0.2815935850953648,0.2528061868967826
2020-09-25,83794.4695,140690.4695,56896.0,1.406905,100000.0,1.3955,1.115569391371407,0.291335608628593,0.2611541790963305
2020-09-28,83794.4695,142994.4695,59200.0,1.429945,100000.0,1.4069,1.1184710541990603,0.3114739458009397,0.2784819013702477
2020-09-29,83794.4695,143866.4695,60072.0,1.438665,100000.0,1.4299,1.120885457171724,0.3177795428282761,0.2835075973151744
2020-09-30,83794.4695,143802.4695,60008.0,1.438025,100000.0,1.4387,1.1198104146380958,0.3182145853619043,0.284168267415825
2020-10-09,6984.6583,149298.6583,142314.0,1.492987,100000.0,1.438,1.142694345122487,0.3502926548775134,0.3065497404207116
2020-10-12,6984.6583,154978.6583,147994.0,1.549787,100000.0,1.493,1.1773614399184142,0.3724255600815858,0.3163221993302185
2020-10-13,6984.6583,155448.6583,148464.0,1.554487,100000.0,1.5498,1.1812776802398277,0.3732093197601724,0.315936994326687
2020-10-14,6984.6583,154536.6583,147552.0,1.545367,100000.0,1.5545,1.173442148272825,0.3719248517271749,0.3169520135906201
2020-10-15,6984.6583,154064.6583,147080.0,1.540647,100000.0,1.5454,1.171399958028426,0.3692470419715741,0.315218589040289
2020-10-16,6984.6583,149516.6583,142532.0,1.495167,100000.0,1.5406,1.1696765457233242,0.3254904542766756,0.2782739001365488
2020-10-19,6984.6583,146998.6583,140014.0,1.469987,100000.0,1.4952,1.1608428157707376,0.3091441842292624,0.2663101154000828
2020-10-20,6984.6583,155158.6583,148174.0,1.551587,100000.0,1.47,1.1701137882724235,0.3814732117275763,0.3260137736610984
2020-10-21,6984.6583,151650.6583,144666.0,1.516507,100000.0,1.5516,1.1699578534017423,0.3465491465982577,0.2962065219620002
2020-10-22,6984.6583,153176.6583,146192.0,1.531767,100000.0,1.5165,1.1663343693270547,0.3654326306729454,0.313317210127136
2020-10-23,6984.6583,148222.6583,141238.0,1.482227,100000.0,1.5318,1.1518109450314693,0.3304160549685306,0.2868665698948565
2020-10-26,7092.6583,151892.6583,144800.0,1.518927,100000.0,1.4822,1.1451585212951063,0.3737684787048936,0.32639016498972
2020-10-27,7092.6583,153450.6583,146358.0,1.534507,100000.0,1.5189,1.1471219385545823,0.3873850614454177,0.3377017284958719
2020-10-28,7092.6583,159080.6583,151988.0,1.590807,100000.0,1.5345,1.1563961576651915,0.4344108423348085,0.3756591886399041
2020-10-29,7092.6583,162964.6583,155872.0,1.629647,100000.0,1.5908,1.1650980460027889,0.4645489539972114,0.398720910734494
2020-10-30,7092.6583,166044.6583,158952.0,1.660447,100000.0,1.6296,1.1461588430023169,0.5142881569976832,0.4487058317767947
2020-11-02,1193.1169,170453.1169,169260.0,1.704531,100000.0,1.6604,1.1523829340561735,0.5521480659438265,0.4791359274996967
2020-11-03,1193.1169,167559.1169,166366.0,1.675591,100000.0,1.7045,1.1662309416427907,0.5093600583572093,0.4367574552941531
2020-11-04,1193.1169,170911.1169,169718.0,1.709111,100000.0,1.6756,1.175042091796476,0.5340689082035239,0.4545104485465765
2020-11-05,1193.1169,180491.1169,179298.0,1.804911,100000.0,1.7091,1.192484778957561,0.6124262210424389,0.5135715204497671
2020-11-06,1193.1169,184153.1169,182960.0,1.841531,100000.0,1.8049,1.1926327071536054,0.6488982928463947,0.5440889629759413
2020-11-09,1193.1169,185291.1169,184098.0,1.852911,100000.0,1.8415,1.2159770214296453,0.6369339785703547,0.523804288523068
2020-11-10,1193.1169,181205.1169,180012.0,1.812051,100000.0,1.8529,1.209270430586513,0.6027805694134871,0.4984663100718753
2020-11-11,1193.1169,169961.1169,168768.0,1.699611,100000.0,1.8121,1.1973147322007782,0.5022962677992218,0.419518990529711
2020-11-12,1193.1169,174135.1169,172942.0,1.741351,100000.0,1.6996,1.1981849454451312,0.5431660545548689,0.4533240520336201
2020-11-13,1193.1169,176507.1169,175314.0,1.765071,100000.0,1.7414,1.1855862232078789,0.5794847767921212,0.4887748908081863
2020-11-16,1193.1169,173797.1169,172604.0,1.737971,100000.0,1.7651,1.1971373892396786,0.5408336107603213,0.4517723827035538
2020-11-17,1193.1169,172081.1169,170888.0,1.720811,100000.0,1.738,1.1948463085849057,0.5259646914150944,0.4401944313976338
2020-11-18,1193.1169,169667.1169,168474.0,1.696671,100000.0,1.7208,1.1940860650638494,0.5025849349361506,0.4208950674834957
2020-11-19,1193.1169,170661.1169,169468.0,1.706611,100000.0,1.6967,1.202951382324304,0.503659617675696,0.4186865945509295
2020-11-20,1193.1169,176987.1169,175794.0,1.769871,100000.0,1.7066,1.2066859834201789,0.5631850165798211,0.466720442864144
2020-11-23,1193.1169,181555.1169,180362.0,1.815551,100000.0,1.7699,1.2217568640940948,0.5937941359059051,0.4860166153813181
2020-11-24,1193.1169,180199.1169,179006.0,1.801991,100000.0,1.8156,1.214252608290214,0.587738391709786,0.4840330485576465
2020-11-25,1193.1169,177585.1169,176392.0,1.775851,100000.0,1.802,1.1987310104196378,0.5771199895803623,0.481442445856415
2020-11-26,1193.1169,172801.1169,171608.0,1.728011,100000.0,1.7759,1.2009014051006086,0.5271095948993914,0.4389282855866352
2020-11-27,1193.1169,171913.1169,170720.0,1.719131,100000.0,1.728,1.2158342926899968,0.5032967073100032,0.4139517287314493
2020-11-30,1193.1169,170723.1169,169530.0,1.707231,100000.0,1.7191,1.2108269232539002,0.4964040767460997,0.4099711256932532
2020-12-01,5736.3475,173544.3475,167808.0,1.735443,100000.0,1.7072,1.236908763527527,0.4985342364724727,0.4030485118811093
2020-12-02,5736.3475,173706.3475,167970.0,1.737063,100000.0,1.7354,1.236920090042868,0.500142909957132,0.4043453687778637
2020-12-03,5736.3475,169806.3475,164070.0,1.698063,100000.0,1.7371,1.2344584281613695,0.4636045718386306,0.3755530046719626
2020-12-04,5736.3475,170766.3475,165030.0,1.707663,100000.0,1.6981,1.2366202303134612,0.4710427696865387,0.3809114214208979
2020-12-07,5736.3475,166128.3475,160392.0,1.661283,100000.0,1.7077,1.225957390186322,0.4353256098136779,0.3550903263836247
2020-12-08,5736.3475,165138.3475,159402.0,1.651383,100000.0,1.6613,1.2229410952120314,0.4284419047879686,0.3503373191606469
2020-12-09,5736.3475,163806.3475,158070.0,1.638063,100000.0,1.6514,1.2065420585614537,0.4315209414385463,0.3576509731894832
2020-12-10,5736.3475,162780.3475,157044.0,1.627803,100000.0,1.6381,1.206011445492574,0.4217915545074262,0.3497409216835028
2020-12-11,108478.6087,159058.6087,50580.0,1.590586,100000.0,1.6278,1.193587503104113,0.396998496895887,0.3326094616971355
2020-12-14,108478.6087,159538.6087,51060.0,1.595386,100000.0,1.5906,1.2046225559595167,0.3907634440404832,0.3243866239323643
2020-12-15,108478.6087,158458.6087,49980.0,1.584586,100000.0,1.5954,1.2071282545515212,0.3774577454484789,0.3126906722837947
2020-12-16,108478.6087,158758.6087,50280.0,1.587586,100000.0,1.5846,1.2092683312754808,0.3783176687245191,0.3128484050562103
2020-12-17,108478.6087,161458.6087,52980.0,1.614586,100000.0,1.5876,1.2247962514897492,0.3897897485102508,0.3182486458757039
2020-12-18,108478.6087,163618.6087,55140.0,1.636186,100000.0,1.6146,1.2205218101206872,0.4156641898793127,0.3405626891978368
2020-12-21,108478.6087,164818.6087,56340.0,1.648186,100000.0,1.6362,1.2319634946410585,0.4162225053589417,0.3378529535732804
2020-12-22,108478.6087,160978.6087,52500.0,1.609786,100000.0,1.6482,1.2119304773606283,0.3978555226393716,0.3282824634510646
2020-12-23,108478.6087,161098.6087,52620.0,1.610986,100000.0,1.6098,1.2222685589530855,0.3887174410469145,0.31802948558201
2020-12-24,108478.6087,161938.6087,53460.0,1.619386,100000.0,1.611,1.2205334295631487,0.3988525704368513,0.3267854536189214
2020-12-25,108478.6087,164098.6087,55620.0,1.640986,100000.0,1.6194,1.2307854638138478,0.4102005361861522,0.3332835398584084
2020-12-28,108478.6087,165118.6087,56640.0,1.651186,100000.0,1.641,1.236253680842868,0.4149323191571319,0.3356368725828458
2020-12-29,108478.6087,163078.6087,54600.0,1.630786,100000.0,1.6512,1.2310106271274306,0.3997753728725695,0.3247537950224257
2020-12-30,108478.6087,164098.6087,55620.0,1.640986,100000.0,1.6308,1.2482870781474162,0.3926989218525838,0.3145902322688372
2020-12-31,108478.6087,164218.6087,55740.0,1.642186,100000.0,1.641,1.272106446981743,0.3700795530182572,0.2909186993716797
2021-01-04,36722.8471,168534.8471,131812.0,1.685348,100000.0,1.6422,1.285881247198733,0.3994667528012667,0.3106560218305516
2021-01-05,36722.8471,173337.8471,136615.0,1.733378,100000.0,1.6853,1.310483903154292,0.4228940968457082,0.3227007182826251
2021-01-06,36722.8471,174159.8471,137437.0,1.741598,100000.0,1.7334,1.3224848343696092,0.4191131656303908,0.3169134002433911
2021-01-07,36722.8471,179828.8471,143106.0,1.798288,100000.0,1.7416,1.3459163432852976,0.4523716567147025,0.3361068159782439
2021-01-08,36722.8471,177874.8471,141152.0,1.778748,100000.0,1.7983,1.3414672197098174,0.4372807802901826,0.3259720206840193
2021-01-11,36722.8471,175769.8471,139047.0,1.757698,100000.0,1.7787,1.328219029224388,0.4294789707756119,0.3233495088731002
2021-01-12,36722.8471,179212.8471,142490.0,1.792128,100000.0,1.7577,1.3661028543770684,0.4260251456229316,0.3118543704508951
2021-01-13,36722.8471,177172.8471,140450.0,1.771728,100000.0,1.7921,1.361615845560621,0.4101121544393789,0.3011951981731839
2021-01-14,36722.8471,168908.8471,132186.0,1.689088,100000.0,1.7717,1.335370844880664,0.3537171551193359,0.2648830895742269
2021-01-15,36722.8471,170992.8471,134270.0,1.709928,100000.0,1.6891,1.3323500095359997,0.3775779904640004,0.2833924927846059
2021-01-18,36722.8471,171035.8471,134313.0,1.710358,100000.0,1.7099,1.3471036013168158,0.3632543986831842,0.2696558737784511
2021-01-19,36722.8471,167823.8471,131101.0,1.678238,100000.0,1.7104,1.3273317285646502,0.3509062714353497,0.2643696853497299
2021-01-20,36722.8471,174417.8471,137695.0,1.744178,100000.0,1.6782,1.3368299392803589,0.4073480607196411,0.3047119523212687
2021-01-21,36722.8471,179966.8471,143244.0,1.799668,100000.0,1.7442,1.3584420290270771,0.4412259709729229,0.3248029445091087
2021-01-22,36722.8471,185956.8471,149234.0,1.859568,100000.0,1.7997,1.3596153730203535,0.4999526269796464,0.3677162209993354
2021-01-25,36722.8471,186802.8471,150080.0,1.868028,100000.0,1.8596,1.373321237721564,0.494706762278436,0.3602265432807179
2021-01-26,36722.8471,183156.8471,146434.0,1.831568,100000.0,1.868,1.3457481542967256,0.4858198457032745,0.3610035385537342
2021-01-27,36722.8471,188674.8471,151952.0,1.886748,100000.0,1.8316,1.3494184334789734,0.5373295665210267,0.3981934388844255
2021-01-28,36722.8471,179204.8471,142482.0,1.792048,100000.0,1.8867,1.3125924413915695,0.4794555586084303,0.3652737464342903
2021-01-29,72087.8128,175262.8128,103175.0,1.752628,100000.0,1.792,1.3064463177730536,0.4461816822269464,0.3415231656724329
2021-02-01,19645.8928,174883.8928,155238.0,1.748839,100000.0,1.7526,1.3224801231250811,0.4263588768749189,0.3223934102445436
2021-02-02,19645.8928,179620.8928,159975.0,1.796209,100000.0,1.7488,1.3428490789919731,0.4533599210080268,0.3376104791674335
2021-02-03,19645.8928,179705.8928,160060.0,1.797059,100000.0,1.7962,1.3389700648255047,0.4580889351744952,0.3421203708793845
2021-02-04,19645.8928,180495.8928,160850.0,1.804959,100000.0,1.7971,1.3362230675176758,0.4687359324823241,0.350791678333396
2021-02-05,19645.8928,181495.8928,161850.0,1.814959,100000.0,1.805,1.3385338963425155,0.4764251036574844,0.355930548310577
2021-02-08,19645.8928,181045.8928,161400.0,1.810459,100000.0,1.815,1.3583425558589448,0.4521164441410552,0.3328442020688664
2021-02-09,19645.8928,185010.8928,165365.0,1.850109,100000.0,1.8105,1.3880474164059846,0.4620615835940154,0.3328860225758085
2021-02-10,19645.8928,188575.8928,168930.0,1.885759,100000.0,1.8501,1.4176986957004971,0.4680603042995028,0.3301549939482946
2021-02-18,19645.8928,188283.8928,168638.0,1.882839,100000.0,1.8858,1.408096129697975,0.4747428703020249,0.337152315306664
2021-02-19,19645.8928,184815.8928,165170.0,1.848159,100000.0,1.8828,1.4106496242318691,0.4375093757681307,0.3101474443069905
2021-02-22,19645.8928,176189.8928,156544.0,1.761899,100000.0,1.8482,1.3663421270136396,0.3955568729863605,0.2895006054237043
2021-02-23,19645.8928,175830.8928,156185.0,1.758309,100000.0,1.7619,1.362030093330731,0.3962789066692689,0.2909472475018535
2021-02-24,61389.5554,166989.5554,105600.0,1.669896,100000.0,1.7583,1.327342688921089,0.3425533110789109,0.2580745077650974
2021-02-25,61389.5554,167839.5554,106450.0,1.678396,100000.0,1.6699,1.335151662162465,0.3432443378375349,0.2570826577720786
2021-02-26,61389.5554,164719.5554,103330.0,1.647196,100000.0,1.6784,1.3027350043832886,0.3444609956167115,0.2644137099699555
2021-03-01,8000.3551,166221.3551,158221.0,1.662214,100000.0,1.6472,1.322757256592026,0.339456743407974,0.2566281467867779
2021-03-02,8000.3551,162963.3551,154963.0,1.629634,100000.0,1.6622,1.305876452469975,0.3237575475300249,0.2479235665193746
2021-03-03,8000.3551,168339.3551,160339.0,1.683394,100000.0,1.6296,1.3309174250407432,0.3524765749592569,0.2648372981881024
2021-03-04,8000.3551,164889.3551,156889.0,1.648894,100000.0,1.6834,1.2890516218386054,0.3598423781613946,0.279152806656527
2021-03-05,8000.3551,161640.3551,153640.0,1.616404,100000.0,1.6489,1.2846796845594772,0.3317243154405227,0.2582155843417673
2021-03-08,8000.3551,160458.3551,152458.0,1.604584,100000.0,1.6164,1.2400641500630492,0.3645198499369508,0.2939524136057134
2021-03-09,8000.3551,160229.3551,152229.0,1.602294,100000.0,1.6046,1.2134504517802782,0.3888435482197219,0.320444520539954
2021-03-10,8000.3551,157854.3551,149854.0,1.578544,100000.0,1.6023,1.221411405376204,0.357132594623796,0.2923933680755146
2021-03-11,8000.3551,165132.3551,157132.0,1.651324,100000.0,1.5785,1.251827859131641,0.399496140868359,0.3191302525776018
2021-03-12,8000.3551,166834.3551,158834.0,1.668344,100000.0,1.6513,1.256261555212088,0.4120824447879121,0.3280228094844011
2021-03-15,8000.3551,165104.3551,157104.0,1.651044,100000.0,1.6683,1.229206196062811,0.4218378039371893,0.3431790413100342
2021-03-16,8000.3551,164581.3551,156581.0,1.645814,100000.0,1.651,1.2399025031135102,0.4059114968864898,0.3273737216169887
2021-03-17,8000.3551,161454.3551,153454.0,1.614544,100000.0,1.6458,1.2451497310404205,0.3693942689595795,0.2966665451960717
2021-03-18,8000.3551,161205.3551,153205.0,1.612054,100000.0,1.6145,1.2551361048030751,0.3569178951969249,0.2843658897478083
2021-03-19,55722.2359,158643.2359,102921.0,1.586432,100000.0,1.6121,1.222260552278447,0.3641714477215529,0.2979491132579641
2021-03-22,55722.2359,159893.2359,104171.0,1.598932,100000.0,1.5864,1.234480812675523,0.3644511873244771,0.2952262875067231
2021-03-23,100236.2923,156855.2923,56619.0,1.568553,100000.0,1.5989,1.2227866493875468,0.3457663506124533,0.2827691574696502
2021-03-24,100236.2923,156342.2923,56106.0,1.563423,100000.0,1.5686,1.203121328875601,0.3603016711243989,0.2994724326441169
2021-03-25,100236.2923,157098.2923,56862.0,1.570983,100000.0,1.5634,1.2025505115593802,0.3684324884406198,0.306375894317207
2021-03-26,100236.2923,156477.2923,56241.0,1.564773,100000.0,1.571,1.22980323035635,0.33496976964365,0.2723767196046383
2021-03-29,100236.2923,157638.2923,57402.0,1.576383,100000.0,1.5648,1.2319726974347711,0.3444103025652287,0.2795600123950508
2021-03-30,100236.2923,158124.2923,57888.0,1.581243,100000.0,1.5764,1.2436536057705274,0.3375893942294725,0.2714496968151458
2021-03-31,100236.2923,158124.2923,57888.0,1.581243,100000.0,1.5812,1.2323348041773652,0.3489081958226347,0.283127762552763
2021-04-01,158561.371,158561.371,0.0,1.585614,100000.0,1.5812,1.247570944568644,0.338043055431356,0.2709609877522729
2021-04-02,158561.371,158561.371,0.0,1.585614,100000.0,1.5856,1.2599666683111268,0.3256473316888733,0.2584571003972467
2021-04-06,158561.371,158561.371,0.0,1.585614,100000.0,1.5856,1.254787936509316,0.3308260634906841,0.2636509754875444
2021-04-07,158561.371,158561.371,0.0,1.585614,100000.0,1.5856,1.2458539034284215,0.3397600965715786,0.2727126315827279
2021-04-08,158561.371,158561.371,0.0,1.585614,100000.0,1.5856,1.2479204554450405,0.3376935445549598,0.2706050238070099
2021-04-09,158561.371,158561.371,0.0,1.585614,100000.0,1.5856,1.229155739366239,0.3564582606337612,0.290002518979046
2021-04-12,158561.371,158561.371,0.0,1.585614,100000.0,1.5856,1.207774134442466,0.3778398655575341,0.3128398388262827
2021-04-13,158561.371,158561.371,0.0,1.585614,100000.0,1.5856,1.205796363754067,0.3798176362459331,0.3149931843080267
2021-04-14,158561.371,158561.371,0.0,1.585614,100000.0,1.5856,1.215800825766436,0.3698131742335642,0.3041724979915485
2021-04-15,158561.371,158561.371,0.0,1.585614,100000.0,1.5856,1.2080739453506864,0.3775400546493137,0.3125140278890124
2021-04-16,158561.371,158561.371,0.0,1.585614,100000.0,1.5856,1.2122742761581655,0.3733397238418343,0.3079663828428252
2021-04-19,158561.371,158561.371,0.0,1.585614,100000.0,1.5856,1.2417709143434472,0.3438430856565528,0.2768973581881249
2021-04-20,158561.371,158561.371,0.0,1.585614,100000.0,1.5856,1.2408796591675777,0.3447343408324226,0.2778144828836033
2021-04-21,158561.371,158561.371,0.0,1.585614,100000.0,1.5856,1.2446338863805508,0.3409801136194492,0.2739601720237861
2021-04-22,158561.371,158561.371,0.0,1.585614,100000.0,1.5856,1.2423145382586127,0.3432994617413873,0.2763386011908062
2021-04-23,158561.371,158561.371,0.0,1.585614,100000.0,1.5856,1.2535946490612258,0.3320193509387743,0.2648538354781686
2021-04-26,158561.371,158561.371,0.0,1.585614,100000.0,1.5856,1.239383729182432,0.3462302708175679,0.2793567985969616
2021-04-27,158561.371,158561.371,0.0,1.585614,100000.0,1.5856,1.242626017430482,0.3429879825695181,0.2760186715539348
2021-04-28,158561.371,158561.371,0.0,1.585614,100000.0,1.5856,1.2496373745322962,0.3359766254677039,0.2688592965566914
2021-04-29,158561.371,158561.371,0.0,1.585614,100000.0,1.5856,1.2606043462426886,0.3250096537573115,0.257820508652079
2021-04-30,158561.371,158561.371,0.0,1.585614,100000.0,1.5856,1.2506740680236828,0.3349399319763173,0.2678075291875124
2021-05-06,158561.371,158561.371,0.0,1.585614,100000.0,1.5856,1.2354504990880075,0.3501635009119923,0.2834298105593693
2021-05-07,158561.371,158561.371,0.0,1.585614,100000.0,1.5856,1.2195661109782223,0.3660478890217777,0.3001459992424422
2021-05-10,158561.371,158561.371,0.0,1.585614,100000.0,1.5856,1.218679835563408,0.3669341644365922,0.3010915202900317
2021-05-11,158561.371,158561.371,0.0,1.585614,100000.0,1.5856,1.2261586311183654,0.3594553688816346,0.2931556812953144
2021-05-12,158561.371,158561.371,0.0,1.585614,100000.0,1.5856,1.2314041258931436,0.3542098741068564,0.2876471392768367
2021-05-13,158561.371,158561.371,0.0,1.585614,100000.0,1.5856,1.2188145332178253,0.3667994667821748,0.3009477297696619
2021-05-14,158561.371,158561.371,0.0,1.585614,100000.0,1.5856,1.2475253699907538,0.3380886300092462,0.2710074184797957
2021-05-17,158561.371,158561.371,0.0,1.585614,100000.0,1.5856,1.265685679776807,0.319928320223193,0.2527707513287263
2021-05-18,158561.371,158561.371,0.0,1.585614,100000.0,1.5856,1.266324260900325,0.3192897390996754,0.2521390049596526
2021-05-19,158561.371,158561.371,0.0,1.585614,100000.0,1.5856,1.2625822878052413,0.3230317121947588,0.255850026817886
2021-05-20,158561.371,158561.371,0.0,1.585614,100000.0,1.5856,1.2660339457129397,0.3195800542870604,0.2524261338878206
2021-05-21,158561.371,158561.371,0.0,1.585614,100000.0,1.5856,1.253276066406676,0.3323379335933241,0.2651753612004937
2021-05-24,158561.371,158561.371,0.0,1.585614,100000.0,1.5856,1.2585095023483115,0.3271044976516886,0.2599142056864323
2021-05-25,158561.371,158561.371,0.0,1.585614,100000.0,1.5856,1.298272040001347,0.2873419599986531,0.2213264640578371
2021-05-26,158561.371,158561.371,0.0,1.585614,100000.0,1.5856,1.2987882508201172,0.2868257491798829,0.220841040869262
2021-05-27,158561.371,158561.371,0.0,1.585614,100000.0,1.5856,1.3030943283182346,0.2825196716817655,0.21680676950408
2021-05-28,158561.371,158561.371,0.0,1.585614,100000.0,1.5856,1.298909302952821,0.2867046970471791,0.220727264325085
2021-05-31,158561.371,158561.371,0.0,1.585614,100000.0,1.5856,1.3014677772477703,0.2841462227522298,0.2183275127664836
2021-06-01,78071.0302,158497.0302,80426.0,1.58497,100000.0,1.5856,1.303935737062368,0.2810342629376321,0.21552769431013
2021-06-02,78071.0302,157821.0302,79750.0,1.57821,100000.0,1.585,1.2913139468143464,0.2868960531856535,0.2221737431810615
2021-06-03,78071.0302,156329.0302,78258.0,1.56329,100000.0,1.5782,1.2828463757628592,0.2804436242371408,0.2186104505852244
2021-06-04,78071.0302,159172.0302,81101.0,1.59172,100000.0,1.5633,1.289435209903398,0.3022847900966021,0.2344319340552587
2021-06-07,78071.0302,156891.0302,78820.0,1.56891,100000.0,1.5917,1.2883000928993955,0.2806099071006043,0.2178140859006498
2021-06-08,78071.0302,159592.0302,81521.0,1.59592,100000.0,1.5689,1.2771906853764758,0.3187293146235241,0.2495549946244502
2021-06-09,78071.0302,159408.0302,81337.0,1.59408,100000.0,1.5959,1.2782483475675983,0.3158316524324014,0.2470816043168786
2021-06-10,78071.0302,164356.0302,86285.0,1.64356,100000.0,1.5941,1.286796156239613,0.3567638437603868,0.2772496964887998
2021-06-11,78071.0302,168673.0302,90602.0,1.68673,100000.0,1.6436,1.2753810060342747,0.4113489939657253,0.3225302807706003
2021-06-15,78071.0302,169035.0302,90964.0,1.69035,100000.0,1.6867,1.2611878814780746,0.4291621185219254,0.3402840487326601
2021-06-16,78071.0302,162289.0302,84218.0,1.62289,100000.0,1.6904,1.2401779766601044,0.3827120233398955,0.3085944360748678
2021-06-17,78071.0302,167942.0302,89871.0,1.67942,100000.0,1.6229,1.2454022098080255,0.4340177901919744,0.3484960816464881
2021-06-18,78071.0302,172071.0302,94000.0,1.72071,100000.0,1.6794,1.2455421557400257,0.4751678442599742,0.3814947908990349
2021-06-21,78071.0302,171867.0302,93796.0,1.71867,100000.0,1.7207,1.242593282824724,0.4760767171752758,0.3831315714929946
2021-06-22,78071.0302,170670.0302,92599.0,1.7067,100000.0,1.7187,1.2503492362572208,0.4563507637427793,0.3649786399748711
2021-06-23,78071.0302,173576.0302,95505.0,1.73576,100000.0,1.7067,1.256509371556352,0.4792506284436479,0.3814142888962564
2021-06-24,78071.0302,173779.0302,95708.0,1.73779,100000.0,1.7358,1.2586038004706412,0.4791861995293587,0.3807283907375556
2021-06-25,78071.0302,174692.0302,96621.0,1.74692,100000.0,1.7378,1.279107380760171,0.4678126192398291,0.3657336563579274
2021-06-28,78071.0302,178187.0302,100116.0,1.78187,100000.0,1.7469,1.2819858779346816,0.4998841220653185,0.389929507547031
2021-06-29,78071.0302,179582.0302,101511.0,1.79582,100000.0,1.7819,1.2670427134854692,0.5287772865145308,0.417331855419407
2021-06-30,78071.0302,181751.0302,103680.0,1.81751,100000.0,1.7958,1.2752194079059227,0.5422905920940773,0.4252527751162362
2021-07-01,178210.6792,178210.6792,0.0,1.782107,100000.0,1.8175,1.2765920643943645,0.5055149356056357,0.3959878411475634
2021-07-02,178210.6792,178210.6792,0.0,1.782107,100000.0,1.7821,1.24033086020661,0.5417761397933902,0.4367996936745919
2021-07-05,178210.6792,178210.6792,0.0,1.782107,100000.0,1.7821,1.2414721042695571,0.540634895730443,0.4354788914476137
2021-07-06,178210.6792,178210.6792,0.0,1.782107,100000.0,1.7821,1.2408159231081932,0.5412910768918069,0.436238016301318
2021-07-07,178210.6792,178210.6792,0.0,1.782107,100000.0,1.7821,1.2548240885981512,0.5272829114018489,0.4202046455698123
2021-07-08,178210.6792,178210.6792,0.0,1.782107,100000.0,1.7821,1.2420736301122832,0.5400333698877169,0.4347837010587674
2021-07-09,178210.6792,178210.6792,0.0,1.782107,100000.0,1.7821,1.2374794343801874,0.5446275656198127,0.4401103973841784
2021-07-12,178210.6792,178210.6792,0.0,1.782107,100000.0,1.7821,1.2529246759145876,0.5291823240854125,0.4223576518669245
2021-07-13,178210.6792,178210.6792,0.0,1.782107,100000.0,1.7821,1.2552169038672507,0.5268900961327494,0.4197601980258802
2021-07-14,178210.6792,178210.6792,0.0,1.782107,100000.0,1.7821,1.240811187453072,0.541295812546928,0.4362434978185592
2021-07-15,178210.6792,178210.6792,0.0,1.782107,100000.0,1.7821,1.257502589780881,0.5246044102191192,0.4171795863343162
2021-07-16,178210.6792,178210.6792,0.0,1.782107,100000.0,1.7821,1.2436642487892529,0.5384427512107473,0.4329486448894375
2021-07-19,178210.6792,178210.6792,0.0,1.782107,100000.0,1.7821,1.2482343512656562,0.5338726487343439,0.4277022565458321
2021-07-20,178210.6792,178210.6792,0.0,1.782107,100000.0,1.7821,1.247135776919984,0.5349712230800161,0.4289598879131022
2021-07-21,178210.6792,178210.6792,0.0,1.782107,100000.0,1.7821,1.2556913725712953,0.5264156274287048,0.419223735168903
2021-07-22,178210.6792,178210.6792,0.0,1.782107,100000.0,1.7821,1.2575731608064191,0.524533839193581,0.4171000587013351
2021-07-23,178210.6792,178210.6792,0.0,1.782107,100000.0,1.7821,1.2423108034378216,0.5397961965621785,0.4345097821482444
2021-07-26,178210.6792,178210.6792,0.0,1.782107,100000.0,1.7821,1.2022947129510717,0.5798122870489284,0.4822547091018643
2021-07-27,178210.6792,178210.6792,0.0,1.782107,100000.0,1.7821,1.1598236979066034,0.6222833020933967,0.53653266717741
2021-07-28,178210.6792,178210.6792,0.0,1.782107,100000.0,1.7821,1.1620620516796183,0.6200449483203816,0.5335730113759265
2021-07-29,178210.6792,178210.6792,0.0,1.782107,100000.0,1.7821,1.1839808117113044,0.5981261882886957,0.505182332663124
2021-07-30,178210.6792,178210.6792,0.0,1.782107,100000.0,1.7821,1.1744350247490465,0.6076719752509536,0.5174164278528743
2021-08-02,178210.6792,178210.6792,0.0,1.782107,100000.0,1.7821,1.20435423471679,0.5777527652832102,0.4797199599825974
2021-08-03,178210.6792,178210.6792,0.0,1.782107,100000.0,1.7821,1.204530552432966,0.577576447567034,0.4795033603758896
2021-08-04,178210.6792,178210.6792,0.0,1.782107,100000.0,1.7821,1.2153663172037978,0.5667406827962023,0.4663126456393054
2021-08-05,178210.6792,178210.6792,0.0,1.782107,100000.0,1.7821,1.2079997859679172,0.5741072140320829,0.4752544004567649
2021-08-06,178210.6792,178210.6792,0.0,1.782107,100000.0,1.7821,1.2013831481614885,0.5807238518385118,0.4833793887713595
2021-08-09,178210.6792,178210.6792,0.0,1.782107,100000.0,1.7821,1.2170054397298669,0.5651015602701333,0.4643377439591118
2021-08-10,178210.6792,178210.6792,0.0,1.782107,100000.0,1.7821,1.231062353174858,0.5510446468251422,0.4476171701652816
2021-08-11,178210.6792,178210.6792,0.0,1.782107,100000.0,1.7821,1.2242744018239011,0.5578325981760988,0.4556434385502548
2021-08-12,178210.6792,178210.6792,0.0,1.782107,100000.0,1.7821,1.2140244668842357,0.5680825331157646,0.4679333478127789
2021-08-13,178210.6792,178210.6792,0.0,1.782107,100000.0,1.7821,1.2073437756807075,0.5747632243192926,0.4760559799923081
2021-08-16,178210.6792,178210.6792,0.0,1.782107,100000.0,1.7821,1.2061439217829912,0.5759630782170089,0.4775243383605392
2021-08-17,178210.6792,178210.6792,0.0,1.782107,100000.0,1.7821,1.18083887541275,0.60126812458725,0.5091872711059608
2021-08-18,178210.6792,178210.6792,0.0,1.782107,100000.0,1.7821,1.1947126361754112,0.5873943638245889,0.491661631457245
2021-08-19,178210.6792,178210.6792,0.0,1.782107,100000.0,1.7821,1.1868770797978152,0.5952299202021849,0.5015093225185396
2021-08-20,178210.6792,178210.6792,0.0,1.782107,100000.0,1.7821,1.1642065711315783,0.6179004288684216,0.5307481027768453
2021-08-23,178210.6792,178210.6792,0.0,1.782107,100000.0,1.7821,1.180466565042112,0.6016404349578881,0.5096632575412461
2021-08-24,178210.6792,178210.6792,0.0,1.782107,100000.0,1.7821,1.1932850558518044,0.5888219441481957,0.4934461730335473
2021-08-25,178210.6792,178210.6792,0.0,1.782107,100000.0,1.7821,1.1956692385098306,0.5864377614901695,0.4904682186363263
2021-08-26,178210.6792,178210.6792,0.0,1.782107,100000.0,1.7821,1.1721013476087794,0.6100056523912207,0.5204376341992114
2021-08-27,178210.6792,178210.6792,0.0,1.782107,100000.0,1.7821,1.1783099135252295,0.6037970864747706,0.5124263825196462
2021-08-30,178210.6792,178210.6792,0.0,1.782107,100000.0,1.7821,1.1749478424953337,0.6071591575046664,0.5167541362646297
2021-08-31,178210.6792,178210.6792,0.0,1.782107,100000.0,1.7821,1.1730778933980115,0.6090291066019884,0.5191719237311991
2021-09-01,178210.6792,178210.6792,0.0,1.782107,100000.0,1.7821,1.1886637643610272,0.5934432356389729,0.4992523987285686
2021-09-02,178210.6792,178210.6792,0.0,1.782107,100000.0,1.7821,1.1886521937397525,0.5934548062602478,0.4992669928056188
2021-09-03,178210.6792,178210.6792,0.0,1.782107,100000.0,1.7821,1.1822202708936314,0.5998867291063688,0.5074238226797776
2021-09-06,178210.6792,178210.6792,0.0,1.782107,100000.0,1.7821,1.2043518424786364,0.5777551575213637,0.4797228991922371
2021-09-07,178210.6792,178210.6792,0.0,1.782107,100000.0,1.7821,1.2187792843209468,0.5633277156790533,0.4622065068926044
2021-09-08,178210.6792,178210.6792,0.0,1.782107,100000.0,1.7821,1.2137270238035758,0.5683799761964243,0.468293088189827
2021-09-09,178210.6792,178210.6792,0.0,1.782107,100000.0,1.7821,1.2132097389186955,0.5688972610813046,0.4689191347807255
2021-09-10,178210.6792,178210.6792,0.0,1.782107,100000.0,1.7821,1.223830446361615,0.5582765536383851,0.4561714862529467
2021-09-13,178210.6792,178210.6792,0.0,1.782107,100000.0,1.7821,1.2184937780204632,0.5636132219795369,0.4625491177272729
2021-09-14,178210.6792,178210.6792,0.0,1.782107,100000.0,1.7821,1.2003083497337943,0.5817986502662056,0.4847076589904897
2021-09-15,178210.6792,178210.6792,0.0,1.782107,100000.0,1.7821,1.1881413776621252,0.5939656223378749,0.4999115707144259
2021-09-16,178210.6792,178210.6792,0.0,1.782107,100000.0,1.7821,1.1735875621777487,0.6085194378222514,0.5185121736405098
2021-09-17,178210.6792,178210.6792,0.0,1.782107,100000.0,1.7821,1.1853638182913515,0.5967431817086486,0.503426182325041
2021-09-22,178210.6792,178210.6792,0.0,1.782107,100000.0,1.7821,1.1770220594382823,0.6050849405617178,0.5140812236352532
2021-09-23,178210.6792,178210.6792,0.0,1.782107,100000.0,1.7821,1.1846938695553066,0.5974131304446935,0.5042763753550459
2021-09-24,178210.6792,178210.6792,0.0,1.782107,100000.0,1.7821,1.1837740783957449,0.5983329216042554,0.5054451964475506
2021-09-27,178210.6792,178210.6792,0.0,1.782107,100000.0,1.7821,1.19059491081602,0.59151208918398,0.4968206094368104
2021-09-28,178210.6792,178210.6792,0.0,1.782107,100000.0,1.7821,1.1921713957594076,0.5899356042405925,0.4948412672364164
2021-09-29,178210.6792,178210.6792,0.0,1.782107,100000.0,1.7821,1.1799905340600898,0.6021164659399103,0.510272284870082
2021-09-30,178210.6792,178210.6792,0.0,1.782107,100000.0,1.7821,1.187912870097246,0.594194129902754,0.5002000945188105
2021-10-08,178210.6792,178210.6792,0.0,1.782107,100000.0,1.7821,1.2034278282864157,0.5786791717135846,0.4808590578610578
2021-10-11,178210.6792,178210.6792,0.0,1.782107,100000.0,1.7821,1.2049537100696708,0.5771532899303293,0.4789837859389287
2021-10-12,178210.6792,178210.6792,0.0,1.782107,100000.0,1.7821,1.1921735683022203,0.5899334316977796,0.4948385431308515
2021-10-13,178210.6792,178210.6792,0.0,1.782107,100000.0,1.7821,1.2059098974240023,0.5761971025759978,0.4778110734531975
2021-10-14,178210.6792,178210.6792,0.0,1.782107,100000.0,1.7821,1.1994419201314197,0.5826650798685804,0.4857801533272567
2021-10-15,178210.6792,178210.6792,0.0,1.782107,100000.0,1.7821,1.2039569278985045,0.5781500721014958,0.4802082688378657
2021-10-18,178210.6792,178210.6792,0.0,1.782107,100000.0,1.7821,1.1899615779700847,0.5921454220299154,0.4976172617607
2021-10-19,178210.6792,178210.6792,0.0,1.782107,100000.0,1.7821,1.201665944886105,0.5804410551138954,0.4830302943876057
2021-10-20,178210.6792,178210.6792,0.0,1.782107,100000.0,1.7821,1.19860519822122,0.5835018017787801,0.4868173462327052
2021-10-21,178210.6792,178210.6792,0.0,1.782107,100000.0,1.7821,1.202957851131557,0.579149148868443,0.4814376067487891
2021-10-22,178210.6792,178210.6792,0.0,1.782107,100000.0,1.7821,1.2106984014796145,0.5714085985203856,0.4719660964465284
2021-10-25,178210.6792,178210.6792,0.0,1.782107,100000.0,1.7821,1.2155312351728536,0.5665757648271466,0.466113702743786
2021-10-26,178210.6792,178210.6792,0.0,1.782107,100000.0,1.7821,1.2115217707952202,0.5705852292047799,0.4709657250568915
2021-10-27,178210.6792,178210.6792,0.0,1.782107,100000.0,1.7821,1.1956709960725556,0.5864360039274445,0.4904660277398402
2021-10-28,178210.6792,178210.6792,0.0,1.782107,100000.0,1.7821,1.1873649499176404,0.5947420500823597,0.500892375274858
2021-10-29,178210.6792,178210.6792,0.0,1.782107,100000.0,1.7821,1.1982599103774834,0.5838470896225167,0.4872457841292459
2021-11-01,178210.6792,178210.6792,0.0,1.782107,100000.0,1.7821,1.1938452545598934,0.5882617454401067,0.4927453899014467
2021-11-02,178210.6792,178210.6792,0.0,1.782107,100000.0,1.7821,1.1814350553355206,0.6006719446644795,0.5084256997045784
2021-11-03,178210.6792,178210.6792,0.0,1.782107,100000.0,1.7821,1.1768620235879084,0.6052449764120917,0.5142871163153662
2021-11-04,178210.6792,178210.6792,0.0,1.782107,100000.0,1.7821,1.188488789227489,0.5936182107725114,0.4994731260009277
2021-11-05,178210.6792,178210.6792,0.0,1.782107,100000.0,1.7821,1.1820453445812795,0.6000616554187204,0.5076469004928761
2021-11-08,178210.6792,178210.6792,0.0,1.782107,100000.0,1.7821,1.1834693853688427,0.5986376146311574,0.505832784550303
2021-11-09,178210.6792,178210.6792,0.0,1.782107,100000.0,1.7821,1.183119068942864,0.5989879310571362,0.5062786551080962
2021-11-10,178210.6792,178210.6792,0.0,1.782107,100000.0,1.7821,1.176881698526194,0.605225301473806,0.5142618006820296
2021-11-11,178210.6792,178210.6792,0.0,1.782107,100000.0,1.7821,1.1957902418213473,0.5863167581786528,0.4903173965407299
2021-11-12,178210.6792,178210.6792,0.0,1.782107,100000.0,1.7821,1.1932813210310134,0.5888256789689867,0.4934508473326577
2021-11-15,178210.6792,178210.6792,0.0,1.782107,100000.0,1.7821,1.1918173689232303,0.5902896310767696,0.4952853066825815
2021-11-16,178210.6792,178210.6792,0.0,1.782107,100000.0,1.7821,1.1920475364084615,0.5900594635915384,0.4949965882814855
2021-11-17,178210.6792,178210.6792,0.0,1.782107,100000.0,1.7821,1.1926416414307923,0.5894653585692078,0.494251867528318
2021-11-18,178210.6792,178210.6792,0.0,1.782107,100000.0,1.7821,1.1808913825991676,0.6012156174008325,0.5091201665622658
2021-11-19,178210.6792,178210.6792,0.0,1.782107,100000.0,1.7821,1.193692053675673,0.5884149463243271,0.4929369719036429
2021-11-22,178210.6792,178210.6792,0.0,1.782107,100000.0,1.7821,1.1991457464016166,0.5829612535983835,0.486147122105655
2021-11-23,178210.6792,178210.6792,0.0,1.782107,100000.0,1.7821,1.199376841489397,0.5827301585106031,0.485860772321536
2021-11-24,178210.6792,178210.6792,0.0,1.782107,100000.0,1.7821,1.2001853691642117,0.5819216308357884,0.4848597939841814
2021-11-25,178210.6792,178210.6792,0.0,1.782107,100000.0,1.7821,1.1952504503693462,0.5868565496306539,0.4909904442615425
2021-11-26,178210.6792,178210.6792,0.0,1.782107,100000.0,1.7821,1.1863857189631333,0.5957212810368668,0.5021311968905946
2021-11-29,178210.6792,178210.6792,0.0,1.782107,100000.0,1.7821,1.1842611429659866,0.5978458570340135,0.5048260348530107
2021-11-30,178210.6792,178210.6792,0.0,1.782107,100000.0,1.7821,1.1795262201629015,0.6025807798370986,0.5108667951051378
2021-12-01,178210.6792,178210.6792,0.0,1.782107,100000.0,1.7821,1.1824127728332363,0.5996942271667638,0.507178407528369
2021-12-02,178210.6792,178210.6792,0.0,1.782107,100000.0,1.7821,1.1854182050934612,0.5966887949065389,0.5033572053666027
2021-12-03,178210.6792,178210.6792,0.0,1.782107,100000.0,1.7821,1.1963674547130403,0.5857395452869598,0.4895983612555348
2021-12-06,178210.6792,178210.6792,0.0,1.782107,100000.0,1.7821,1.194317794827059,0.5877892051729414,0.4921547746494519
2021-12-07,178210.6792,178210.6792,0.0,1.782107,100000.0,1.7821,1.2015141842268953,0.5805928157731048,0.4832176127381156
2021-12-08,178210.6792,178210.6792,0.0,1.782107,100000.0,1.7821,1.2195361103589262,0.5625708896410739,0.4612990832026298
2021-12-09,178210.6792,178210.6792,0.0,1.782107,100000.0,1.7821,1.2397383906940376,0.5423686093059625,0.4374863385510958
2021-12-10,178210.6792,178210.6792,0.0,1.782107,100000.0,1.7821,1.233984105920885,0.5481228940791152,0.444189590002918
2021-12-13,178210.6792,178210.6792,0.0,1.782107,100000.0,1.7821,1.240985918480677,0.541121081519323,0.4360412744906974
2021-12-14,178210.6792,178210.6792,0.0,1.782107,100000.0,1.7821,1.2326605879569703,0.5494464120430296,0.4457402284222374
2021-12-15,178210.6792,178210.6792,0.0,1.782107,100000.0,1.7821,1.2219696756474134,0.5601373243525867,0.4583888909156599
2021-12-16,178210.6792,178210.6792,0.0,1.782107,100000.0,1.7821,1.229007982044349,0.5530990179556512,0.4500369615465138
2021-12-17,178210.6792,178210.6792,0.0,1.782107,100000.0,1.7821,1.2094862934640076,0.5726207065359925,0.4734412532249443
2021-12-20,178210.6792,178210.6792,0.0,1.782107,100000.0,1.7821,1.1913389457030534,0.5907680542969467,0.4958857900413156
2021-12-21,178210.6792,178210.6792,0.0,1.782107,100000.0,1.7821,1.1994109186777926,0.5826960813222075,0.4858185566332516
2021-12-22,178210.6792,178210.6792,0.0,1.782107,100000.0,1.7821,1.199647481738496,0.582459518261504,0.485525562407233
2021-12-23,178210.6792,178210.6792,0.0,1.782107,100000.0,1.7821,1.208016531634994,0.5740904683650061,0.475233950306956
2021-12-24,178210.6792,178210.6792,0.0,1.782107,100000.0,1.7821,1.20132949367718,0.58077750632282,0.4834456403339464
2021-12-27,178210.6792,178210.6792,0.0,1.782107,100000.0,1.7821,1.2008361311738385,0.5812708688261616,0.4840551127138048
2021-12-28,178210.6792,178210.6792,0.0,1.782107,100000.0,1.7821,1.20978031906159,0.5723266809384102,0.473083147345591
2021-12-29,178210.6792,178210.6792,0.0,1.782107,100000.0,1.7821,1.1920865445367246,0.5900204554632755,0.4949476681599258
2021-12-30,178210.6792,178210.6792,0.0,1.782107,100000.0,1.7821,1.201370015262235,0.580736984737765,0.4833956044849361
2021-12-31,178210.6792,178210.6792,0.0,1.782107,100000.0,1.7821,1.2059744390329683,0.5761325609670318,0.4777319836306097
2022-01-04,178210.6792,178210.6792,0.0,1.782107,100000.0,1.7821,1.2004556920755962,0.5816513079244039,0.4845254279387228
2022-01-05,178210.6792,178210.6792,0.0,1.782107,100000.0,1.7821,1.1883370285682788,0.5937699714317213,0.4996646213634372
2022-01-06,178210.6792,178210.6792,0.0,1.782107,100000.0,1.7821,1.1761589740872027,0.6059480259127974,0.5151922820493406
2022-01-07,178210.6792,178210.6792,0.0,1.782107,100000.0,1.7821,1.1771688647470289,0.6049381352529712,0.5138924018203379
2022-01-10,178210.6792,178210.6792,0.0,1.782107,100000.0,1.7821,1.182460153795038,0.599646846204962,0.5071180151656103
2022-01-11,178210.6792,178210.6792,0.0,1.782107,100000.0,1.7821,1.1711649816562937,0.6109420183437066,0.5216532494676334
2022-01-12,178210.6792,178210.6792,0.0,1.782107,100000.0,1.7821,1.182834514655522,0.599272485344478,0.506641020294377
2022-01-13,178210.6792,178210.6792,0.0,1.782107,100000.0,1.7821,1.16338913359017,0.6187178664098301,0.5318236594667964
2022-01-14,178210.6792,178210.6792,0.0,1.782107,100000.0,1.7821,1.1538232567095383,0.6282837432904618,0.5445233831411884
2022-01-17,178210.6792,178210.6792,0.0,1.782107,100000.0,1.7821,1.1637204097532916,0.6183865902467085,0.5313875953914104
2022-01-18,178210.6792,178210.6792,0.0,1.782107,100000.0,1.7821,1.1749666142416626,0.6071403857583375,0.5167299039813085
2022-01-19,178210.6792,178210.6792,0.0,1.782107,100000.0,1.7821,1.1669187345226155,0.6151882654773844,0.5271903237795361
2022-01-20,178210.6792,178210.6792,0.0,1.782107,100000.0,1.7821,1.1774471943330516,0.6046598056669485,0.5135345419965518
2022-01-21,178210.6792,178210.6792,0.0,1.782107,100000.0,1.7821,1.1666589569875825,0.6154480430124176,0.5275303800877331
2022-01-24,178210.6792,178210.6792,0.0,1.782107,100000.0,1.7821,1.168471077389124,0.6136359226108761,0.525161413478892
2022-01-25,178210.6792,178210.6792,0.0,1.782107,100000.0,1.7821,1.1420376757492547,0.6400693242507454,0.5604625292513368
2022-01-26,178210.6792,178210.6792,0.0,1.782107,100000.0,1.7821,1.1503030538555548,0.6318039461444453,0.5492499946225318
2022-01-27,178210.6792,178210.6792,0.0,1.782107,100000.0,1.7821,1.1277392683036918,0.6543677316963084,0.5802473586652583
2022-01-28,178210.6792,178210.6792,0.0,1.782107,100000.0,1.7821,1.114043826925866,0.668063173074134,0.5996740495547759
2022-02-07,178210.6792,178210.6792,0.0,1.782107,100000.0,1.7821,1.1312088435869505,0.6508981564130496,0.5754005196327112
2022-02-08,178210.6792,178210.6792,0.0,1.782107,100000.0,1.7821,1.1250288136541926,0.6570781863458075,0.5840545400891197
2022-02-09,178210.6792,178210.6792,0.0,1.782107,100000.0,1.7821,1.135595671328057,0.646511328671943,0.569314717372831
2022-02-10,178210.6792,178210.6792,0.0,1.782107,100000.0,1.7821,1.132617969501942,0.6494890304980581,0.5734405139127934
2022-02-11,178210.6792,178210.6792,0.0,1.782107,100000.0,1.7821,1.123227897715025,0.6588791022849751,0.586594317702871
2022-02-14,178210.6792,178210.6792,0.0,1.782107,100000.0,1.7821,1.1110940019974216,0.6710129980025785,0.6039209975000259
2022-02-15,178210.6792,178210.6792,0.0,1.782107,100000.0,1.7821,1.122912317563464,0.6591946824365362,0.5870402097528691
2022-02-16,178210.6792,178210.6792,0.0,1.782107,100000.0,1.7821,1.127278591584922,0.6548284084150782,0.5808931468257619
2022-02-17,178210.6792,178210.6792,0.0,1.782107,100000.0,1.7821,1.1300066218616738,0.6521003781383263,0.5770765989530202
2022-02-18,178210.6792,178210.6792,0.0,1.782107,100000.0,1.7821,1.135394259521859,0.6467127404781412,0.5695931039412574
2022-02-21,178210.6792,178210.6792,0.0,1.782107,100000.0,1.7821,1.131263572137368,0.650843427862632,0.5753243045145988
2022-02-22,178210.6792,178210.6792,0.0,1.782107,100000.0,1.7821,1.116577817395629,0.6655291826043714,0.5960437080477656
2022-02-23,178210.6792,178210.6792,0.0,1.782107,100000.0,1.7821,1.1285130841146824,0.6535939158853177,0.5791637909081591
2022-02-24,178210.6792,178210.6792,0.0,1.782107,100000.0,1.7821,1.105633620768885,0.6764733792311151,0.6118422653977171
2022-02-25,178210.6792,178210.6792,0.0,1.782107,100000.0,1.7821,1.1164001082756283,0.6657068917243716,0.5962977670726048
2022-02-28,178210.6792,178210.6792,0.0,1.782107,100000.0,1.7821,1.1184069519807749,0.6637000480192252,0.593433407082965
2022-03-01,178210.6792,178210.6792,0.0,1.782107,100000.0,1.7821,1.127692814944439,0.6544141850555611,0.5803124542278864
2022-03-02,178210.6792,178210.6792,0.0,1.782107,100000.0,1.7821,1.1176636005903555,0.6644433994096444,0.5944931901322383
2022-03-03,178210.6792,178210.6792,0.0,1.782107,100000.0,1.7821,1.1110794776943445,0.6710275223056557,0.6039419643481652
2022-03-04,178210.6792,178210.6792,0.0,1.782107,100000.0,1.7821,1.097605269524563,0.684501730475437,0.6236319644966124
2022-03-07,178210.6792,178210.6792,0.0,1.782107,100000.0,1.7821,1.062538817420503,0.7195681825794971,0.6772159009930323
2022-03-08,178210.6792,178210.6792,0.0,1.782107,100000.0,1.7821,1.0412072542132136,0.7408997457867865,0.7115775872562913
2022-03-09,178210.6792,178210.6792,0.0,1.782107,100000.0,1.7821,1.0316762112493731,0.750430788750627,0.7273898346864522
2022-03-10,178210.6792,178210.6792,0.0,1.782107,100000.0,1.7821,1.0479070833219726,0.7341999166780275,0.7006345585054534
2022-03-11,178210.6792,178210.6792,0.0,1.782107,100000.0,1.7821,1.0512475021555168,0.7308594978444833,0.6952306629465488
2022-03-14,178210.6792,178210.6792,0.0,1.782107,100000.0,1.7821,1.019083127859198,0.7630238721408023,0.748735653924226
2022-03-15,178210.6792,178210.6792,0.0,1.782107,100000.0,1.7821,0.9724721494047442,0.8096348505952559,0.8325532521325552
2022-03-16,178210.6792,178210.6792,0.0,1.782107,100000.0,1.7821,1.014524034560421,0.7675829654395792,0.7565941656297597
2022-03-17,178210.6792,178210.6792,0.0,1.782107,100000.0,1.7821,1.0344466427268726,0.7476603572731275,0.7227635785082576
2022-03-18,178210.6792,178210.6792,0.0,1.782107,100000.0,1.7821,1.0413319191137416,0.7407750808862585,0.7113726827049713
2022-03-21,178210.6792,178210.6792,0.0,1.782107,100000.0,1.7821,1.0395851458707497,0.7425218541292506,0.7142482336137261
2022-03-22,178210.6792,178210.6792,0.0,1.782107,100000.0,1.7821,1.03874276070288,0.7433642392971203,0.7156384308219992
2022-03-23,178210.6792,178210.6792,0.0,1.782107,100000.0,1.7821,1.0439232744780096,0.7381837255219905,0.7071245019334422
2022-03-24,178210.6792,178210.6792,0.0,1.782107,100000.0,1.7821,1.0377690465424827,0.7443379534575174,0.7172481737987999
2022-03-25,178210.6792,178210.6792,0.0,1.782107,100000.0,1.7821,1.019038334420297,0.7630686655797034,0.7488125223608908
2022-03-28,178210.6792,178210.6792,0.0,1.782107,100000.0,1.7821,1.0126652411042858,0.7694417588957143,0.7598184747179211
2022-03-29,178210.6792,178210.6792,0.0,1.782107,100000.0,1.7821,1.0091691070954008,0.7729378929045994,0.7659151350057434
2022-03-30,178210.6792,178210.6792,0.0,1.782107,100000.0,1.7821,1.0384507855951433,0.7436562144048569,0.7161208068022813
2022-03-31,178210.6792,178210.6792,0.0,1.782107,100000.0,1.7821,1.0307609360495915,0.7513460639504084,0.7289236889690005
2022-04-01,178210.6792,178210.6792,0.0,1.782107,100000.0,1.7821,1.0438355428053063,0.7382714571946936,0.7072679813245197
2022-04-06,178210.6792,178210.6792,0.0,1.782107,100000.0,1.7821,1.0408289144260046,0.7412780855739955,0.7121997432044775
2022-04-07,178210.6792,178210.6792,0.0,1.782107,100000.0,1.7821,1.0274662382574982,0.7546407617425019,0.7344676969846846
2022-04-08,178210.6792,178210.6792,0.0,1.782107,100000.0,1.7821,1.032755305941507,0.7493516940584928,0.7255849374459027
2022-04-11,178210.6792,178210.6792,0.0,1.782107,100000.0,1.7821,1.000851490319211,0.7812555096807892,0.7805908441337446
2022-04-12,178210.6792,178210.6792,0.0,1.782107,100000.0,1.7821,1.0203561403053545,0.7617508596946458,0.7465539036857096
2022-04-13,178210.6792,178210.6792,0.0,1.782107,100000.0,1.7821,1.0105343671740408,0.7715726328259593,0.763529334468517
2022-04-14,178210.6792,178210.6792,0.0,1.782107,100000.0,1.7821,1.0231867194850075,0.7589202805149926,0.7417221764732971
2022-04-15,178210.6792,178210.6792,0.0,1.782107,100000.0,1.7821,1.0224980478238197,0.7596089521761806,0.742895259108665
2022-04-18,178210.6792,178210.6792,0.0,1.782107,100000.0,1.7821,1.0170391556414804,0.7650678443585197,0.7522501371896209
2022-04-19,178210.6792,178210.6792,0.0,1.782107,100000.0,1.7821,1.0093540417510498,0.7727529582489503,0.7655915826208624
2022-04-20,178210.6792,178210.6792,0.0,1.782107,100000.0,1.7821,0.9937037268214404,0.7884032731785596,0.7933987283115307
2022-04-21,178210.6792,178210.6792,0.0,1.782107,100000.0,1.7821,0.975405814520354,0.806701185479646,0.8270415999891625
2022-04-22,178210.6792,178210.6792,0.0,1.782107,100000.0,1.7821,0.9796580910706032,0.8024489089293969,0.8191111942457943
2022-04-25,178210.6792,178210.6792,0.0,1.782107,100000.0,1.7821,0.9312428280150916,0.8508641719849086,0.9136866844907608
2022-04-26,178210.6792,178210.6792,0.0,1.782107,100000.0,1.7821,0.9237260983979796,0.8583809016020204,0.9292591203071044
2022-04-27,178210.6792,178210.6792,0.0,1.782107,100000.0,1.7821,0.9509234783796968,0.8311835216203034,0.8740803445473644
2022-04-28,178210.6792,178210.6792,0.0,1.782107,100000.0,1.7821,0.9571655600408944,0.8249414399591058,0.8618586735651674
2022-04-29,178210.6792,178210.6792,0.0,1.782107,100000.0,1.7821,0.9803882607405824,0.8017187392594177,0.8177563638448728
2022-05-05,178210.6792,178210.6792,0.0,1.782107,100000.0,1.7821,0.978916106673415,0.8031908933265851,0.8204900173274448
2022-05-06,178210.6792,178210.6792,0.0,1.782107,100000.0,1.7821,0.9541649366675704,0.8279420633324298,0.8677137793640006
2022-05-09,178210.6792,178210.6792,0.0,1.782107,100000.0,1.7821,0.946505234204876,0.8356017657951242,0.8828284679239862
2022-05-10,178210.6792,178210.6792,0.0,1.782107,100000.0,1.7821,0.9568631371991791,0.8252438628008208,0.8624471261547191
2022-05-11,178210.6792,178210.6792,0.0,1.782107,100000.0,1.7821,0.9706684750685216,0.8114385249314785,0.8359584613832207
2022-05-12,178210.6792,178210.6792,0.0,1.782107,100000.0,1.7821,0.9663519254258328,0.8157550745741673,0.844159413471129
2022-05-13,178210.6792,178210.6792,0.0,1.782107,100000.0,1.7821,0.973640977438241,0.8084660225617591,0.830353324578557
2022-05-16,178210.6792,178210.6792,0.0,1.782107,100000.0,1.7821,0.965814355337832,0.8162926446621681,0.8451858684339366
2022-05-17,178210.6792,178210.6792,0.0,1.782107,100000.0,1.7821,0.9778623501772372,0.8042446498227629,0.8224517997619949
2022-05-18,178210.6792,178210.6792,0.0,1.782107,100000.0,1.7821,0.9744481625304182,0.8076588374695819,0.8288371496050413
2022-05-19,178210.6792,178210.6792,0.0,1.782107,100000.0,1.7821,0.9763257033222896,0.8057812966777106,0.8253201712663694
2022-05-20,178210.6792,178210.6792,0.0,1.782107,100000.0,1.7821,0.9953663079277728,0.7867406920722273,0.7904031770073896
2022-05-23,178210.6792,178210.6792,0.0,1.782107,100000.0,1.7821,0.9896011360299608,0.7925058639700394,0.8008336238874789
2022-05-24,178210.6792,178210.6792,0.0,1.782107,100000.0,1.7821,0.96645300969313,0.8156539903068702,0.8439665272146635
2022-05-25,178210.6792,178210.6792,0.0,1.782107,100000.0,1.7821,0.97231748388492,0.8097895161150801,0.8328447544515449
2022-05-26,178210.6792,178210.6792,0.0,1.782107,100000.0,1.7821,0.9747258818516056,0.8073811181483946,0.8283160765308499
2022-05-27,178210.6792,178210.6792,0.0,1.782107,100000.0,1.7821,0.976740781052576,0.8053662189474242,0.8245444795286714
2022-05-30,178210.6792,178210.6792,0.0,1.782107,100000.0,1.7821,0.9835071778495544,0.7985998221504457,0.8119918594763995
2022-05-31,178210.6792,178210.6792,0.0,1.782107,100000.0,1.7821,0.9987637254969214,0.7833432745030787,0.7843129005444576
2022-06-01,178210.6792,178210.6792,0.0,1.782107,100000.0,1.7821,0.9967277843644344,0.7853792156355657,0.787957582758029
2022-06-02,178210.6792,178210.6792,0.0,1.782107,100000.0,1.7821,0.9982878653890525,0.7838191346109477,0.785163440112014
2022-06-06,178210.6792,178210.6792,0.0,1.782107,100000.0,1.7821,1.016966070324821,0.7651409296751792,0.7523760644549249
2022-06-07,178210.6792,178210.6792,0.0,1.782107,100000.0,1.7821,1.0201500660758154,0.7619569339241847,0.7469067142789929
2022-06-08,178210.6792,178210.6792,0.0,1.782107,100000.0,1.7821,1.030081198665591,0.7520258013344092,0.7300645835576982
2022-06-09,178210.6792,178210.6792,0.0,1.782107,100000.0,1.7821,1.0193069730007371,0.762800026999263,0.74835162242995
2022-06-10,178210.6792,178210.6792,0.0,1.782107,100000.0,1.7821,1.0347634922292912,0.7473435077707089,0.7222360601074498
2022-06-13,178210.6792,178210.6792,0.0,1.782107,100000.0,1.7821,1.022645853966897,0.7594611460331031,0.7426433531091075
2022-06-14,178210.6792,178210.6792,0.0,1.782107,100000.0,1.7821,1.0306912682160096,0.7514157317839905,0.7290405526424919
2022-06-15,178210.6792,178210.6792,0.0,1.782107,100000.0,1.7821,1.044338352208297,0.7377686477917031,0.706445996387723
2022-06-16,178210.6792,178210.6792,0.0,1.782107,100000.0,1.7821,1.0374652078863509,0.7446417921136492,0.7177510980158295
2022-06-17,178210.6792,178210.6792,0.0,1.782107,100000.0,1.7821,1.0518633081953868,0.7302436918046133,0.6942382019745938
2022-06-20,178210.6792,178210.6792,0.0,1.782107,100000.0,1.7821,1.0570843435555717,0.7250226564444286,0.685870205972182
2022-06-21,178210.6792,178210.6792,0.0,1.782107,100000.0,1.7821,1.0558962555638771,0.7262107444361228,0.68776713678969
2022-06-22,178210.6792,178210.6792,0.0,1.782107,100000.0,1.7821,1.0424843432284696,0.7396226567715305,0.7094808296890034
2022-06-23,178210.6792,178210.6792,0.0,1.782107,100000.0,1.7821,1.060366421070874,0.7217405789291262,0.6806520506375842
2022-06-24,178210.6792,178210.6792,0.0,1.782107,100000.0,1.7821,1.0727899973004336,0.7093170026995665,0.6611890532951372
2022-06-27,178210.6792,178210.6792,0.0,1.782107,100000.0,1.7821,1.084871190546872,0.6972358094531281,0.6426899483814839
2022-06-28,178210.6792,178210.6792,0.0,1.782107,100000.0,1.7821,1.0961617490834628,0.6859452509165374,0.6257701032626608
2022-06-29,178210.6792,178210.6792,0.0,1.782107,100000.0,1.7821,1.0792794803258074,0.7028275196741927,0.6512006690445247
2022-06-30,178210.6792,178210.6792,0.0,1.782107,100000.0,1.7821,1.0948177506316803,0.6872892493683198,0.6277658989103643
2022-07-01,85272.388,178136.388,92864.0,1.781364,100000.0,1.7821,1.0903523451903978,0.6910116548096021,0.6337507851087689
2022-07-04,85272.388,177680.388,92408.0,1.776804,100000.0,1.7814,1.0975076759721245,0.6792963240278755,0.6189444856740383
2022-07-05,85272.388,177381.388,92109.0,1.773814,100000.0,1.7768,1.0959229402481658,0.6778910597518342,0.618557231403815
2022-07-06,85272.388,176420.388,91148.0,1.764204,100000.0,1.7738,1.079917280310336,0.684286719689664,0.6336473470384885
2022-07-07,85272.388,178590.388,93318.0,1.785904,100000.0,1.7642,1.0846782736271794,0.7012257263728205,0.64648268839009
2022-07-08,85272.388,177912.388,92640.0,1.779124,100000.0,1.7859,1.081091722780316,0.6980322772196839,0.6456735006947492
2022-07-11,85272.388,174998.388,89726.0,1.749984,100000.0,1.7791,1.0629877770544387,0.6869962229455613,0.646287979763269
2022-07-12,85272.388,173641.388,88369.0,1.736414,100000.0,1.75,1.0529798487378064,0.6834341512621935,0.6490477021772234
2022-07-13,85272.388,177792.388,92520.0,1.777924,100000.0,1.7364,1.054894444810469,0.7230295551895312,0.6854046475895859
2022-07-14,85272.388,178899.388,93627.0,1.788994,100000.0,1.7779,1.0550439596950845,0.7339500403049155,0.6956582553366142
2022-07-15,85272.388,176552.388,91280.0,1.765524,100000.0,1.789,1.0370907249728998,0.7284332750271003,0.7023814382740092
2022-07-18,85272.388,177904.388,92632.0,1.779044,100000.0,1.7655,1.047845666268962,0.7311983337310379,0.6978110968713527
2022-07-19,85272.388,175513.388,90241.0,1.755134,100000.0,1.779,1.042171252957436,0.7129627470425639,0.6841128509535683
2022-07-20,85272.388,175694.388,90422.0,1.756944,100000.0,1.7551,1.045701659439464,0.7112423405605359,0.6801579916606317
2022-07-21,85272.388,174712.388,89440.0,1.747124,100000.0,1.7569,1.0340468460280594,0.7130771539719405,0.6895985000205598
2022-07-22,122406.0514,175606.0514,53200.0,1.756061,100000.0,1.7471,1.034578093772368,0.721482906227632,0.6973692083474323
2022-07-25,122406.0514,174581.0514,52175.0,1.745811,100000.0,1.7561,1.0283314229196103,0.7174795770803897,0.6977123922201476
2022-07-26,122406.0514,174606.0514,52200.0,1.746061,100000.0,1.7458,1.0364678886821297,0.7095931113178704,0.6846262378857864
2022-07-27,122406.0514,173926.0514,51520.0,1.739261,100000.0,1.7461,1.0313562860121868,0.7079047139878132,0.6863823138412988
2022-07-28,122406.0514,173966.0514,51560.0,1.739661,100000.0,1.7393,1.0315119279557476,0.7081490720442523,0.6865156406360355
2022-07-29,122406.0514,173266.0514,50860.0,1.732661,100000.0,1.7397,1.0179466194513724,0.7147143805486276,0.7021138111680421
2022-08-01,175828.5118,175828.5118,0.0,1.758285,100000.0,1.7327,1.022481253335556,0.735803746664444,0.7196256598975213
2022-08-02,175828.5118,175828.5118,0.0,1.758285,100000.0,1.7583,1.0025489297529286,0.7557360702470715,0.7538146496583638
2022-08-03,175828.5118,175828.5118,0.0,1.758285,100000.0,1.7583,0.9927728288418788,0.7655121711581213,0.77108493395325
2022-08-04,175828.5118,175828.5118,0.0,1.758285,100000.0,1.7583,1.001209447260926,0.757075552739074,0.7561610158696115
2022-08-05,175828.5118,175828.5118,0.0,1.758285,100000.0,1.7583,1.01472666689629,0.7435583331037101,0.7327671158756541
2022-08-08,175828.5118,175828.5118,0.0,1.758285,100000.0,1.7583,1.0125696248099123,0.7457153751900876,0.7364583697936615
2022-08-09,175828.5118,175828.5118,0.0,1.758285,100000.0,1.7583,1.014575223574795,0.7437097764252052,0.7330257620571381
2022-08-10,175828.5118,175828.5118,0.0,1.758285,100000.0,1.7583,1.0032112623838303,0.7550737376161696,0.7526567592771671
2022-08-11,175828.5118,175828.5118,0.0,1.758285,100000.0,1.7583,1.0236686822412284,0.7346163177587717,0.717630939094861
2022-08-12,175828.5118,175828.5118,0.0,1.758285,100000.0,1.7583,1.0230850737740624,0.7351999262259377,0.7186107441816698
2022-08-15,175828.5118,175828.5118,0.0,1.758285,100000.0,1.7583,1.021749179639291,0.7365358203607091,0.7208577555410702
2022-08-16,175828.5118,175828.5118,0.0,1.758285,100000.0,1.7583,1.0198348032619693,0.7384501967380308,0.7240880526689988
2022-08-17,175828.5118,175828.5118,0.0,1.758285,100000.0,1.7583,1.029384617972139,0.7289003820278608,0.7080933300361292
2022-08-18,175828.5118,175828.5118,0.0,1.758285,100000.0,1.7583,1.0203871173483876,0.7378978826516125,0.7231548400661298
2022-08-19,175828.5118,175828.5118,0.0,1.758285,100000.0,1.7583,1.0133017473273649,0.7449832526726354,0.7352037580489394
2022-08-22,175828.5118,175828.5118,0.0,1.758285,100000.0,1.7583,1.0207036983342783,0.7375813016657216,0.7226203871597663
2022-08-23,175828.5118,175828.5118,0.0,1.758285,100000.0,1.7583,1.0157448815684678,0.7425401184315323,0.7310301355247149
2022-08-24,175828.5118,175828.5118,0.0,1.758285,100000.0,1.7583,0.996542825298193,0.761742174701807,0.7643847864479612
2022-08-25,175828.5118,175828.5118,0.0,1.758285,100000.0,1.7583,1.0047985123989105,0.7534864876010896,0.7498881400632005
2022-08-26,175828.5118,175828.5118,0.0,1.758285,100000.0,1.7583,1.0026762309975443,0.7556087690024558,0.7535919827786426
2022-08-29,175828.5118,175828.5118,0.0,1.758285,100000.0,1.7583,0.9982762215359984,0.7600087784640017,0.761321127427651
2022-08-30,175828.5118,175828.5118,0.0,1.758285,100000.0,1.7583,0.9949254282002564,0.7633595717997437,0.7672530525032437
2022-08-31,175828.5118,175828.5118,0.0,1.758285,100000.0,1.7583,0.9956690969283896,0.7626159030716106,0.7659330850221813
2022-09-01,175828.5118,175828.5118,0.0,1.758285,100000.0,1.7583,0.9871008077685066,0.7711841922314935,0.7812618388742627
2022-09-02,175828.5118,175828.5118,0.0,1.758285,100000.0,1.7583,0.9821878340971136,0.7760971659028866,0.790171837769017
2022-09-05,175828.5118,175828.5118,0.0,1.758285,100000.0,1.7583,0.9801894120466924,0.7780955879533077,0.7938216618037108
2022-09-06,175828.5118,175828.5118,0.0,1.758285,100000.0,1.7583,0.989185643319587,0.7690993566804131,0.7775076012015387
2022-09-07,175828.5118,175828.5118,0.0,1.758285,100000.0,1.7583,0.9898454128381816,0.7684395871618186,0.7763228249535183
2022-09-08,175828.5118,175828.5118,0.0,1.758285,100000.0,1.7583,0.9856225998741742,0.7726624001258259,0.7839333231852281
2022-09-09,175828.5118,175828.5118,0.0,1.758285,100000.0,1.7583,0.9993177971460658,0.7589672028539343,0.7594853259107917
2022-09-13,175828.5118,175828.5118,0.0,1.758285,100000.0,1.7583,1.0035474450762267,0.7547375549237734,0.752069629220615
2022-09-14,175828.5118,175828.5118,0.0,1.758285,100000.0,1.7583,0.9923782560100538,0.7659067439899463,0.771789123100443
2022-09-15,175828.5118,175828.5118,0.0,1.758285,100000.0,1.7583,0.9830435474489828,0.7752414525510173,0.788613540633865
2022-09-16,175828.5118,175828.5118,0.0,1.758285,100000.0,1.7583,0.9599911594594928,0.7982938405405072,0.8315637416806769
2022-09-19,175828.5118,175828.5118,0.0,1.758285,100000.0,1.7583,0.9588481334232272,0.7994368665767729,0.8337471166812069
2022-09-20,175828.5118,175828.5118,0.0,1.758285,100000.0,1.7583,0.960028629720372,0.7982563702796281,0.8314922550925765
2022-09-21,175828.5118,175828.5118,0.0,1.758285,100000.0,1.7583,0.9529248297013267,0.8053601702986734,0.845145540547092
2022-09-22,175828.5118,175828.5118,0.0,1.758285,100000.0,1.7583,0.9445298313440376,0.8137551686559625,0.861545227743642
2022-09-23,175828.5118,175828.5118,0.0,1.758285,100000.0,1.7583,0.9412776568056584,0.8170073431943417,0.8679769856292527
2022-09-26,175828.5118,175828.5118,0.0,1.758285,100000.0,1.7583,0.9365556960276724,0.8217293039723278,0.8773950203470315
2022-09-27,175828.5118,175828.5118,0.0,1.758285,100000.0,1.7583,0.9501323066367944,0.8081526933632056,0.8505685868359141
2022-09-28,175828.5118,175828.5118,0.0,1.758285,100000.0,1.7583,0.9346107819979986,0.8236742180020015,0.88130185727278
2022-09-29,175828.5118,175828.5118,0.0,1.758285,100000.0,1.7583,0.9342284144628772,0.824056585537123,0.8820718496460034
2022-09-30,175828.5118,175828.5118,0.0,1.758285,100000.0,1.7583,0.9287950801718348,0.8294899198281653,0.8930817330284553
2022-10-10,175828.5118,175828.5118,0.0,1.758285,100000.0,1.7583,0.9083026799340852,0.8499823200659148,0.935791932406934
2022-10-11,175828.5118,175828.5118,0.0,1.758285,100000.0,1.7583,0.9099504438102202,0.8483345561897799,0.932286545888766
2022-10-12,175828.5118,175828.5118,0.0,1.758285,100000.0,1.7583,0.9237716485652768,0.8345133514347233,0.9033762323522464
2022-10-13,175828.5118,175828.5118,0.0,1.758285,100000.0,1.7583,0.9160497234999888,0.8422352765000113,0.9194209166747502
2022-10-14,175828.5118,175828.5118,0.0,1.758285,100000.0,1.7583,0.9379696796507516,0.8203153203492485,0.8745648587006447
2022-10-17,175828.5118,175828.5118,0.0,1.758285,100000.0,1.7583,0.9389319696534346,0.8193530303465655,0.8726436598478946
2022-10-18,175828.5118,175828.5118,0.0,1.758285,100000.0,1.7583,0.9369436779992774,0.8213413220007227,0.876617603903995
2022-10-19,175828.5118,175828.5118,0.0,1.758285,100000.0,1.7583,0.9218742375503725,0.8364107624496278,0.9072937808438596
2022-10-20,175828.5118,175828.5118,0.0,1.758285,100000.0,1.7583,0.9165999382753744,0.8416850617246258,0.918268730530678
2022-10-21,175828.5118,175828.5118,0.0,1.758285,100000.0,1.7583,0.91366236746482,0.8446226325351802,0.9244362716599488
2022-10-24,175828.5118,175828.5118,0.0,1.758285,100000.0,1.7583,0.8869279832082466,0.8713570167917535,0.98244393376769
2022-10-25,175828.5118,175828.5118,0.0,1.758285,100000.0,1.7583,0.8854830957739145,0.8728019042260856,0.9856787875360338
2022-10-26,175828.5118,175828.5118,0.0,1.758285,100000.0,1.7583,0.8926716493732674,0.8656133506267327,0.9696884080887616
2022-10-27,175828.5118,175828.5118,0.0,1.758285,100000.0,1.7583,0.8863839931341796,0.8719010068658205,0.9836605958810828
2022-10-28,175828.5118,175828.5118,0.0,1.758285,100000.0,1.7583,0.8644595454342299,0.8938254545657702,1.033970252612329
2022-10-31,175828.5118,175828.5118,0.0,1.758285,100000.0,1.7583,0.8564953208187877,0.9017896791812124,1.052883369309157
2022-11-01,175828.5118,175828.5118,0.0,1.758285,100000.0,1.7583,0.8871232435449062,0.8711617564550939,0.9820075877777354
2022-11-02,175828.5118,175828.5118,0.0,1.758285,100000.0,1.7583,0.897774049249496,0.8605109507505041,0.9584939010766212
2022-11-03,175828.5118,175828.5118,0.0,1.758285,100000.0,1.7583,0.8904732069204725,0.8678117930795276,0.9745512681742384
2022-11-04,175828.5118,175828.5118,0.0,1.758285,100000.0,1.7583,0.9195896745240388,0.8386953254759613,0.9120321255347426
2022-11-07,175828.5118,175828.5118,0.0,1.758285,100000.0,1.7583,0.9215724249734928,0.8367125750265073,0.907918414605964
2022-11-08,175828.5118,175828.5118,0.0,1.758285,100000.0,1.7583,0.9152325056539216,0.8430524943460785,0.9211347817500524
2022-11-09,175828.5118,175828.5118,0.0,1.758285,100000.0,1.7583,0.9066754453670056,0.8516095546329944,0.9392661497392578
2022-11-10,175828.5118,175828.5118,0.0,1.758285,100000.0,1.7583,0.8996984339701146,0.8585865660298855,0.9543048355004752
2022-11-11,175828.5118,175828.5118,0.0,1.758285,100000.0,1.7583,0.9247803675166192,0.833504632483381,0.901300094336618
2022-11-14,175828.5118,175828.5118,0.0,1.758285,100000.0,1.7583,0.9261420880592148,0.8321429119407853,0.8985045844148922
2022-11-15,175828.5118,175828.5118,0.0,1.758285,100000.0,1.7583,0.9437068525979262,0.8145781474020739,0.8631686261042033
2022-11-16,175828.5118,175828.5118,0.0,1.758285,100000.0,1.7583,0.9359973281140888,0.8222876718859112,0.8785149777539563
2022-11-17,175828.5118,175828.5118,0.0,1.758285,100000.0,1.7583,0.9321585426055548,0.8261264573944452,0.8862510180781797
2022-11-18,175828.5118,175828.5118,0.0,1.758285,100000.0,1.7583,0.927985454020317,0.8302995459796831,0.8947333628803893
2022-11-21,175828.5118,175828.5118,0.0,1.758285,100000.0,1.7583,0.9200662425391166,0.8382187574608835,0.9110417475459618
2022-11-22,175828.5118,175828.5118,0.0,1.758285,100000.0,1.7583,0.9201750649645234,0.8381099350354767,0.9108157425106812
2022-11-23,175828.5118,175828.5118,0.0,1.758285,100000.0,1.7583,0.9211407480396898,0.8371442519603103,0.9088125280983006
2022-11-24,175828.5118,175828.5118,0.0,1.758285,100000.0,1.7583,0.9170591747691336,0.8412258252308666,0.9173081174861396
2022-11-25,175828.5118,175828.5118,0.0,1.758285,100000.0,1.7583,0.9216894249476908,0.8365955750523092,0.9076762219549052
2022-11-28,175828.5118,175828.5118,0.0,1.758285,100000.0,1.7583,0.9113066231481128,0.8469783768518874,0.929410974679408
2022-11-29,175828.5118,175828.5118,0.0,1.758285,100000.0,1.7583,0.9394227446338752,0.8188622553661249,0.8716653498582931
2022-11-30,175828.5118,175828.5118,0.0,1.758285,100000.0,1.7583,0.9405490738242508,0.8177359261757493,0.8694239874702698
2022-12-01,175828.5118,175828.5118,0.0,1.758285,100000.0,1.7583,0.9507361514858946,0.8075488485141055,0.8493932278182508
2022-12-02,175828.5118,175828.5118,0.0,1.758285,100000.0,1.7583,0.9449213284410934,0.8133636715589067,0.8607739576592823
2022-12-05,175828.5118,175828.5118,0.0,1.758285,100000.0,1.7583,0.963455828213477,0.7948291717865231,0.8249772833492159
2022-12-06,175828.5118,175828.5118,0.0,1.758285,100000.0,1.7583,0.9686606549396396,0.7896243450603604,0.8151712790580561
2022-12-07,175828.5118,175828.5118,0.0,1.758285,100000.0,1.7583,0.9662789133409544,0.7920060866590458,0.8196454209278436
2022-12-08,175828.5118,175828.5118,0.0,1.758285,100000.0,1.7583,0.9664592832156358,0.7918257167843643,0.8193058212962425
2022-12-09,175828.5118,175828.5118,0.0,1.758285,100000.0,1.7583,0.9759951350663776,0.7822898649336226,0.801530496235946
2022-12-12,175828.5118,175828.5118,0.0,1.758285,100000.0,1.7583,0.965058969524864,0.793226030475136,0.8219456587877441
2022-12-13,175828.5118,175828.5118,0.0,1.758285,100000.0,1.7583,0.9631642192646412,0.7951207807353589,0.8255298160291082
2022-12-14,175828.5118,175828.5118,0.0,1.758285,100000.0,1.7583,0.9654110679241614,0.7928739320758387,0.8212811707045018
2022-12-15,175828.5118,175828.5118,0.0,1.758285,100000.0,1.7583,0.9647038442119844,0.7935811557880156,0.822616350654485
2022-12-16,175828.5118,175828.5118,0.0,1.758285,100000.0,1.7583,0.965250275345392,0.793034724654608,0.8215845619633098
2022-12-19,175828.5118,175828.5118,0.0,1.758285,100000.0,1.7583,0.95035827549996,0.8079267245000402,0.8501285729058443
2022-12-20,175828.5118,175828.5118,0.0,1.758285,100000.0,1.7583,0.9346858445727242,0.8235991554272759,0.8811507740376343
2022-12-21,175828.5118,175828.5118,0.0,1.758285,100000.0,1.7583,0.9350571541090326,0.8232278458909675,0.8804037724040288
2022-12-22,175828.5118,175828.5118,0.0,1.758285,100000.0,1.7583,0.9363971980446832,0.821887801955317,0.877712795031343
2022-12-23,175828.5118,175828.5118,0.0,1.758285,100000.0,1.7583,0.9344909259843722,0.8237940740156279,0.8815431494402808
2022-12-26,175828.5118,175828.5118,0.0,1.758285,100000.0,1.7583,0.938218399186972,0.8200666008130282,0.874067915875099
2022-12-27,175828.5118,175828.5118,0.0,1.758285,100000.0,1.7583,0.949048232183606,0.8092367678163942,0.852682445816765
2022-12-28,175828.5118,175828.5118,0.0,1.758285,100000.0,1.7583,0.9449986123798187,0.8132863876201814,0.8606217797209854
2022-12-29,175828.5118,175828.5118,0.0,1.758285,100000.0,1.7583,0.9414435267878564,0.8168414732121436,0.8676478726229635
2022-12-30,175828.5118,175828.5118,0.0,1.758285,100000.0,1.7583,0.9450887851118628,0.8131962148881372,0.8604442542315063
2023-01-03,175828.5118,175828.5118,0.0,1.758285,100000.0,1.7583,0.9490592657718256,0.8092257342281745,0.8526609068718896
2023-01-04,175828.5118,175828.5118,0.0,1.758285,100000.0,1.7583,0.9502916345799596,0.8079933654200404,0.850258316518995
2023-01-05,175828.5118,175828.5118,0.0,1.758285,100000.0,1.7583,0.968753488426365,0.7895315115736351,0.8149973352417481
2023-01-06,175828.5118,175828.5118,0.0,1.758285,100000.0,1.7583,0.9717585789382824,0.7865264210617178,0.8093845921288965
2023-01-09,175828.5118,175828.5118,0.0,1.758285,100000.0,1.7583,0.979626308477988,0.7786586915220121,0.7948527768019904
2023-01-10,175828.5118,175828.5118,0.0,1.758285,100000.0,1.7583,0.9806891701255064,0.7775958298744938,0.7929075323376713
2023-01-11,175828.5118,175828.5118,0.0,1.758285,100000.0,1.7583,0.9788723384794372,0.7794126615205629,0.7962352503813608
2023-01-12,175828.5118,175828.5118,0.0,1.758285,100000.0,1.7583,0.9807857140224294,0.7774992859775707,0.7927310470182789
2023-01-13,175828.5118,175828.5118,0.0,1.758285,100000.0,1.7583,0.9945796521446508,0.7637053478553492,0.7678674565767976
2023-01-16,175828.5118,175828.5118,0.0,1.758285,100000.0,1.7583,1.0101016405847214,0.7481833594152787,0.7407010634911699
2023-01-17,175828.5118,175828.5118,0.0,1.758285,100000.0,1.7583,1.009925371689732,0.748359628310268,0.7410048794577448
2023-01-18,175828.5118,175828.5118,0.0,1.758285,100000.0,1.7583,1.0082342301891138,0.7500507698108863,0.7439251191364527
2023-01-19,175828.5118,175828.5118,0.0,1.758285,100000.0,1.7583,1.0145061415954542,0.7437788584045459,0.7331437710518427
2023-01-20,175828.5118,175828.5118,0.0,1.758285,100000.0,1.7583,1.0207354809268934,0.7375495190731067,0.7225667500098698
2023-01-30,175828.5118,175828.5118,0.0,1.758285,100000.0,1.7583,1.0255732455600006,0.7327117544399995,0.7144411748376995
2023-01-31,175828.5118,175828.5118,0.0,1.758285,100000.0,1.7583,1.014713656050004,0.7435713439499962,0.732789333736289
2023-02-01,41165.8678,175720.8678,134555.0,1.757209,100000.0,1.7583,1.0242521930660204,0.7329568069339796,0.7156018916981077
2023-02-02,41165.8678,173559.8678,132394.0,1.735599,100000.0,1.7572,1.0206433553473768,0.7149556446526231,0.7004950758821011
2023-02-03,41165.8678,170795.8678,129630.0,1.707959,100000.0,1.7356,1.0109969235085032,0.6969620764914968,0.6893810062970334
2023-02-06,41165.8678,167617.8678,126452.0,1.676179,100000.0,1.708,0.997631147194634,0.6785478528053661,0.6801590494778167
2023-02-07,41165.8678,168051.8678,126886.0,1.680519,100000.0,1.6762,0.9994266928032524,0.6810923071967477,0.6814830063087258
2023-02-08,41165.8678,166754.8678,125589.0,1.667549,100000.0,1.6805,0.9950102306017504,0.6725387693982496,0.6759114114751561
2023-02-09,41165.8678,167737.8678,126572.0,1.677379,100000.0,1.6675,1.0083665844265643,0.6690124155734356,0.6634615088459006
2023-02-10,120722.3098,165317.3098,44595.0,1.653173,100000.0,1.6774,1.0023745648842244,0.6507984351157756,0.6492567328770396
2023-02-13,120722.3098,166722.3098,46000.0,1.667223,100000.0,1.6532,1.0114710016430533,0.6557519983569466,0.6483151739315614
2023-02-14,120722.3098,165827.3098,45105.0,1.658273,100000.0,1.6672,1.011889936247098,0.646383063752902,0.6387879161544094
2023-02-15,120722.3098,165582.3098,44860.0,1.655823,100000.0,1.6583,1.006617028375924,0.6492059716240759,0.6449383959573034
2023-02-16,120722.3098,165042.3098,44320.0,1.650423,100000.0,1.6558,0.9992446141870324,0.6511783858129676,0.651670648575629
2023-02-17,162686.6851,162686.6851,0.0,1.626867,100000.0,1.6504,0.9848470997322384,0.6420199002677616,0.651898046348834
2023-02-20,162686.6851,162686.6851,0.0,1.626867,100000.0,1.6269,1.0090093397615547,0.6178576602384453,0.6123408732613467
2023-02-21,162686.6851,162686.6851,0.0,1.626867,100000.0,1.6269,1.0116613066292517,0.6152056933707484,0.6081142862135833
2023-02-22,162686.6851,162686.6851,0.0,1.626867,100000.0,1.6269,1.002531012377368,0.6243359876226322,0.6227597749241722
2023-02-23,162686.6851,162686.6851,0.0,1.626867,100000.0,1.6269,1.0017244131394325,0.6251425868605676,0.6240664384941494
2023-02-24,162686.6851,162686.6851,0.0,1.626867,100000.0,1.6269,0.9913253538846454,0.6355416461153547,0.6411029876567738
2023-02-27,162686.6851,162686.6851,0.0,1.626867,100000.0,1.6269,0.9871264144809898,0.6397405855190103,0.6480837470602712
2023-02-28,162686.6851,162686.6851,0.0,1.626867,100000.0,1.6269,0.9933790171079456,0.6334879828920544,0.6377102515577058
2023-03-01,70136.7043,162612.7043,92476.0,1.626127,100000.0,1.6269,1.0074109096946948,0.6187160903053053,0.6141645721236162
2023-03-02,70136.7043,162360.7043,92224.0,1.623607,100000.0,1.6261,1.0051642074987348,0.6184427925012652,0.6152654341326054
2023-03-03,70136.7043,162480.7043,92344.0,1.624807,100000.0,1.6236,1.0082920832954876,0.6165149167045123,0.6114447657761068
2023-03-06,70136.7043,162076.7043,91940.0,1.620767,100000.0,1.6248,1.0030337729591707,0.6177332270408293,0.6158648329640788
2023-03-07,70136.7043,160938.7043,90802.0,1.609387,100000.0,1.6208,0.988348774945827,0.6210382250541729,0.6283593816243795
2023-03-08,70136.7043,160300.7043,90164.0,1.603007,100000.0,1.6094,0.9847496282327658,0.6182573717672343,0.6278320438432259
2023-03-09,70136.7043,159656.7043,89520.0,1.596567,100000.0,1.603,0.981269361109595,0.6152976388904051,0.6270425463958662
2023-03-10,158869.2019,158869.2019,0.0,1.588692,100000.0,1.5966,0.968401243563507,0.620290756436493,0.6405307309953023
2023-03-13,158869.2019,158869.2019,0.0,1.588692,100000.0,1.5887,0.9785440404087112,0.6101479595912889,0.6235263150102541
2023-03-14,158869.2019,158869.2019,0.0,1.588692,100000.0,1.5887,0.9726878414080856,0.6160041585919144,0.6333009752647596
2023-03-15,158869.2019,158869.2019,0.0,1.588692,100000.0,1.5887,0.9732264367410096,0.6154655632589904,0.6323970866635789
2023-03-16,158869.2019,158869.2019,0.0,1.588692,100000.0,1.5887,0.9615700122304404,0.6271219877695597,0.6521854673014387
2023-03-17,158869.2019,158869.2019,0.0,1.588692,100000.0,1.5887,0.9663713074369978,0.6223206925630022,0.6439767900534175
2023-03-20,158869.2019,158869.2019,0.0,1.588692,100000.0,1.5887,0.9615520704442864,0.6271399295557136,0.6522162957497901
2023-03-21,158869.2019,158869.2019,0.0,1.588692,100000.0,1.5887,0.9721221503164804,0.6165698496835197,0.6342514153008361
2023-03-22,158869.2019,158869.2019,0.0,1.588692,100000.0,1.5887,0.9762876960283556,0.6124043039716445,0.6272785229835138
2023-03-23,158869.2019,158869.2019,0.0,1.588692,100000.0,1.5887,0.9859657151750976,0.6027262848249025,0.6113055206162665
2023-03-24,158869.2019,158869.2019,0.0,1.588692,100000.0,1.5887,0.9830257521263892,0.6056662478736109,0.6161244978206222
2023-03-27,158869.2019,158869.2019,0.0,1.588692,100000.0,1.5887,0.97946947041535,0.60922252958465,0.621992362177767
2023-03-28,158869.2019,158869.2019,0.0,1.588692,100000.0,1.5887,0.9763052716556084,0.6123867283443916,0.6272492284159363
2023-03-29,158869.2019,158869.2019,0.0,1.588692,100000.0,1.5887,0.9779235231243144,0.6107684768756856,0.6245564836444211
2023-03-30,158869.2019,158869.2019,0.0,1.588692,100000.0,1.5887,0.9858280882494708,0.6028639117505291,0.6115304675696864
2023-03-31,158869.2019,158869.2019,0.0,1.588692,100000.0,1.5887,0.9888550018318936,0.5998369981681065,0.6065975264896113
2023-04-03,58664.1019,158789.1019,100125.0,1.587891,100000.0,1.5887,0.9985318248595584,0.5893591751404417,0.590225729884307
2023-04-04,58664.1019,159701.1019,101037.0,1.597011,100000.0,1.5879,1.0015923274185086,0.5954186725814914,0.5944720783915307
2023-04-06,58664.1019,162428.1019,103764.0,1.624281,100000.0,1.597,1.0000141337335828,0.6242668662664173,0.6242580431695481
2023-04-07,58664.1019,162014.1019,103350.0,1.620141,100000.0,1.6243,1.0065170914065171,0.6136239085934829,0.6096507588718625
2023-04-10,58664.1019,162464.1019,103800.0,1.624641,100000.0,1.6201,1.0020089186055865,0.6226320813944137,0.6213837719736863
2023-04-11,58664.1019,165326.1019,106662.0,1.653261,100000.0,1.6246,1.000870432939694,0.6523905670603061,0.6518231986773206
2023-04-12,58664.1019,165524.1019,106860.0,1.655241,100000.0,1.6533,1.000172216736484,0.655068783263516,0.6549559888805705
2023-04-13,58664.1019,163670.1019,105006.0,1.636701,100000.0,1.6552,0.9932618218489996,0.6434391781510003,0.6478041982457461
2023-04-14,58664.1019,165758.1019,107094.0,1.657581,100000.0,1.6367,0.9988811892723938,0.6586998107276062,0.6594375965848522
2023-04-17,58664.1019,166964.1019,108300.0,1.669641,100000.0,1.6576,1.0128891594776048,0.6567518405223951,0.6483945793842965
2023-04-18,58664.1019,167978.1019,109314.0,1.679781,100000.0,1.6696,1.0159767089740497,0.6638042910259503,0.6533656580535896
2023-04-19,58664.1019,167516.1019,108852.0,1.675161,100000.0,1.6798,1.0068293028961877,0.6683316971038122,0.663798416654469
2023-04-20,58664.1019,167078.1019,108414.0,1.670781,100000.0,1.6752,1.004012393648842,0.666768606351158,0.664103959840523
2023-04-21,58664.1019,165647.1019,106983.0,1.656471,100000.0,1.6708,0.984373583041336,0.6720974169586641,0.6827666127347114
2023-04-24,111892.8145,163219.8145,51327.0,1.632198,100000.0,1.6565,0.9721867651572272,0.6600112348427729,0.6788934580240171
2023-04-25,111892.8145,163777.8145,51885.0,1.637778,100000.0,1.6322,0.9673102365017904,0.6704677634982097,0.6931258847450115
2023-04-26,111892.8145,162922.8145,51030.0,1.629228,100000.0,1.6378,0.9664720987771734,0.6627559012228265,0.685747578291579
2023-04-27,111892.8145,163426.8145,51534.0,1.634268,100000.0,1.6292,0.9735966233900208,0.6606713766099792,0.6785884017444004
2023-04-28,111892.8145,162994.8145,51102.0,1.629948,100000.0,1.6343,0.9835237526424772,0.6464242473575227,0.6572533155612619
2023-05-04,11594.6401,162734.6401,151140.0,1.627346,100000.0,1.6299,0.9838072328637084,0.6435387671362914,0.6541309574062095
2023-05-05,11594.6401,160668.6401,149074.0,1.606686,100000.0,1.6273,0.9805436097570216,0.6261423902429786,0.6385665910342697
2023-05-08,11594.6401,161913.6401,150319.0,1.619136,100000.0,1.6067,0.9917199999482496,0.6274160000517504,0.6326543783371219
2023-05-09,11594.6401,161371.6401,149777.0,1.613716,100000.0,1.6191,0.9832282868198832,0.6304877131801166,0.6412424475900123
2023-05-10,11594.6401,160030.6401,148436.0,1.600306,100000.0,1.6137,0.9756595626388154,0.6246464373611846,0.6402299134666769
2023-05-11,11594.6401,161054.6401,149460.0,1.610546,100000.0,1.6003,0.9741446900331864,0.6364013099668135,0.6532923871351524
2023-05-12,11594.6401,160668.6401,149074.0,1.606686,100000.0,1.6105,0.9612311199621754,0.6454548800378247,0.6714877063730764
2023-05-15,11594.6401,163764.6401,152170.0,1.637646,100000.0,1.6067,0.9761520951819812,0.6614939048180187,0.6776545459288272
2023-05-16,11594.6401,162097.6401,150503.0,1.620976,100000.0,1.6376,0.9711035450748076,0.6498724549251923,0.6692102590101556
2023-05-17,11594.6401,160455.6401,148861.0,1.604556,100000.0,1.621,0.9666997763818772,0.637856223618123,0.6598286657368062
2023-05-18,11594.6401,160816.6401,149222.0,1.608166,100000.0,1.6046,0.9657001869924688,0.6424658130075311,0.6652849628292985
2023-05-19,11594.6401,160236.6401,148642.0,1.602366,100000.0,1.6082,0.9628856943938708,0.6394803056061292,0.6641289919762254
2023-05-22,11594.6401,162340.6401,150746.0,1.623406,100000.0,1.6024,0.9689364458239468,0.654469554176053,0.6754514777483851
2023-05-23,11594.6401,159851.6401,148257.0,1.598516,100000.0,1.6234,0.9552324607384288,0.6432835392615711,0.6734314061776019
2023-05-24,55160.9302,155449.9302,100289.0,1.554499,100000.0,1.5985,0.9420276234668896,0.6124713765331103,0.6501628628246243
2023-05-25,55160.9302,155979.9302,100819.0,1.559799,100000.0,1.5545,0.939929801480117,0.619869198519883,0.6594845674046814
2023-05-26,55160.9302,155882.9302,100722.0,1.558829,100000.0,1.5598,0.940040015309348,0.618788984690652,0.6582581322211281
2023-05-29,55160.9302,155912.9302,100752.0,1.559129,100000.0,1.5588,0.9358878954238464,0.6232411045761537,0.6659356399666856
2023-05-30,102196.7041,154521.7041,52325.0,1.545217,100000.0,1.5591,0.93681830519154,0.60839869480846,0.6494308356667604
2023-05-31,102196.7041,153969.7041,51773.0,1.539697,100000.0,1.5452,0.9272469847485786,0.6124500152514215,0.6605036471674117
2023-06-01,153603.7879,153603.7879,0.0,1.536038,100000.0,1.5397,0.929279044596714,0.6067589554032861,0.6529351532580892
2023-06-02,153603.7879,153603.7879,0.0,1.536038,100000.0,1.536,0.9426965225474182,0.5933414774525818,0.6294087898502208
2023-06-05,153603.7879,153603.7879,0.0,1.536038,100000.0,1.536,0.9384040417498284,0.5976339582501716,0.6368620888884624
2023-06-06,153603.7879,153603.7879,0.0,1.536038,100000.0,1.536,0.9295951617813296,0.6064428382186703,0.6523730578121543
2023-06-07,153603.7879,153603.7879,0.0,1.536038,100000.0,1.536,0.9250008195856736,0.6110371804143264,0.6605801502835664
2023-06-08,153603.7879,153603.7879,0.0,1.536038,100000.0,1.536,0.9325302427113568,0.6035077572886431,0.647172316400086
2023-06-09,153603.7879,153603.7879,0.0,1.536038,100000.0,1.536,0.9365618719078032,0.5994761280921967,0.6400817138445394
2023-06-12,153603.7879,153603.7879,0.0,1.536038,100000.0,1.536,0.9384487619569496,0.5975892380430505,0.6367840869616539
2023-06-13,153603.7879,153603.7879,0.0,1.536038,100000.0,1.536,0.943446830956958,0.5925911690430421,0.6281129466956441
2023-06-14,153603.7879,153603.7879,0.0,1.536038,100000.0,1.536,0.9432313586489576,0.5928066413510424,0.6284848737431208
2023-06-15,153603.7879,153603.7879,0.0,1.536038,100000.0,1.536,0.9582376977139064,0.5778003022860936,0.6029822283808781
2023-06-16,153603.7879,153603.7879,0.0,1.536038,100000.0,1.536,0.9674774734772188,0.5685605265227811,0.587673141865839
2023-06-19,153603.7879,153603.7879,0.0,1.536038,100000.0,1.536,0.9595579446583044,0.5764800553416957,0.600776699886507
2023-06-20,153603.7879,153603.7879,0.0,1.536038,100000.0,1.536,0.9579297092568948,0.5781082907431051,0.6034976106874974
2023-06-21,153603.7879,153603.7879,0.0,1.536038,100000.0,1.536,0.9432332138540566,0.5928047861459435,0.6284816707458165
2023-06-26,153603.7879,153603.7879,0.0,1.536038,100000.0,1.536,0.929969449410034,0.6060685505899661,0.6517080222091722
2023-06-27,153603.7879,153603.7879,0.0,1.536038,100000.0,1.536,0.9386931119969498,0.5973448880030502,0.6363580177255963
2023-06-28,153603.7879,153603.7879,0.0,1.536038,100000.0,1.536,0.9375617298137392,0.5984762701862609,0.638332657098917
2023-06-29,153603.7879,153603.7879,0.0,1.536038,100000.0,1.536,0.932934677422918,0.603103322577082,0.6464582539080419
2023-06-30,153603.7879,153603.7879,0.0,1.536038,100000.0,1.536,0.9379652369227508,0.5980727630772492,0.6376278560593451
2023-07-03,153603.7879,153603.7879,0.0,1.536038,100000.0,1.536,0.950275621230684,0.585762378769316,0.6164131391803005
2023-07-04,153603.7879,153603.7879,0.0,1.536038,100000.0,1.536,0.9517722835336316,0.5842657164663684,0.6138713288615352
2023-07-05,153603.7879,153603.7879,0.0,1.536038,100000.0,1.536,0.9443983558879488,0.5916396441120513,0.6264725477584887
2023-07-06,153603.7879,153603.7879,0.0,1.536038,100000.0,1.536,0.9380392254313664,0.5979987745686337,0.6374986870017489
2023-07-07,153603.7879,153603.7879,0.0,1.536038,100000.0,1.536,0.933875779030524,0.6021622209694759,0.6447990562455674
2023-07-10,153603.7879,153603.7879,0.0,1.536038,100000.0,1.536,0.9384230087809056,0.5976149912190944,0.6368290052856325
2023-07-11,153603.7879,153603.7879,0.0,1.536038,100000.0,1.536,0.9445645187972675,0.5914734812027324,0.6261864271123236
2023-07-12,153603.7879,153603.7879,0.0,1.536038,100000.0,1.536,0.9382057544995864,0.5978322455004136,0.6372080352665084
2023-07-13,153603.7879,153603.7879,0.0,1.536038,100000.0,1.536,0.9516281633901588,0.5844098366098412,0.6141157429892485
2023-07-14,153603.7879,153603.7879,0.0,1.536038,100000.0,1.536,0.951794106604137,0.584243893395863,0.6138343254512895
2023-07-17,153603.7879,153603.7879,0.0,1.536038,100000.0,1.536,0.9440003411624532,0.5920376588375467,0.6271583102486005
2023-07-18,153603.7879,153603.7879,0.0,1.536038,100000.0,1.536,0.9410135585955912,0.5950244414044089,0.6323229202908074
2023-07-19,153603.7879,153603.7879,0.0,1.536038,100000.0,1.536,0.9400193151261388,0.5960186848738611,0.6340494022656149
2023-07-20,153603.7879,153603.7879,0.0,1.536038,100000.0,1.536,0.933386541917468,0.602651458082532,0.6456611821769973
2023-07-21,153603.7879,153603.7879,0.0,1.536038,100000.0,1.536,0.9329509104675332,0.6030870895324668,0.6464296060660251
2023-07-24,153603.7879,153603.7879,0.0,1.536038,100000.0,1.536,0.9288770265338998,0.6071609734661002,0.653650543744976
2023-07-25,153603.7879,153603.7879,0.0,1.536038,100000.0,1.536,0.9557028772839676,0.5803351227160323,0.6072338343955801
2023-07-26,153603.7879,153603.7879,0.0,1.536038,100000.0,1.536,0.9537250089531952,0.5823129910468049,0.6105669722197484
2023-07-27,153603.7879,153603.7879,0.0,1.536038,100000.0,1.536,0.9525857665589076,0.5834522334410925,0.6124931254733503
2023-07-28,153603.7879,153603.7879,0.0,1.536038,100000.0,1.536,0.9746509413298464,0.5613870586701536,0.5759878073930531
2023-07-31,153603.7879,153603.7879,0.0,1.536038,100000.0,1.536,0.979995030491394,0.5560429695086061,0.5673936624247904
2023-08-01,54948.9271,153524.9271,98576.0,1.535249,100000.0,1.536,0.9759357685032112,0.5593132314967889,0.5731045521106428
2023-08-02,54948.9271,151458.9271,96510.0,1.514589,100000.0,1.5352,0.9690749271203422,0.5455140728796578,0.5629224919694105
2023-08-03,54948.9271,151912.9271,96964.0,1.519129,100000.0,1.5146,0.977640335830203,0.5414886641697969,0.5538730802365779
2023-08-04,54948.9271,152610.9271,97662.0,1.526109,100000.0,1.5191,0.981447241103748,0.5446617588962519,0.5549577563473695
2023-08-07,54948.9271,152078.9271,97130.0,1.520789,100000.0,1.5261,0.9740200495432518,0.5467689504567481,0.5613528702136521
2023-08-08,54948.9271,152272.9271,97324.0,1.522729,100000.0,1.5208,0.9714762460149398,0.5512527539850602,0.5674382222378938
2023-08-09,54948.9271,151482.9271,96534.0,1.514829,100000.0,1.5227,0.9685062091151544,0.5463227908848455,0.5640880623614961
2023-08-10,54948.9271,151118.9271,96170.0,1.511189,100000.0,1.5148,0.9704960142261028,0.540692985773897,0.5571305578262047
2023-08-11,54948.9271,148858.9271,93910.0,1.488589,100000.0,1.5112,0.9481694019997788,0.5404195980002211,0.5699610184218402
2023-08-14,100333.8499,147149.8499,46816.0,1.471498,100000.0,1.4886,0.9412495602126462,0.5302484397873538,0.5633452191654258
2023-08-15,100333.8499,147149.8499,46816.0,1.471498,100000.0,1.4715,0.9389621899680708,0.5325358100319292,0.5671536252700846
2023-08-16,146595.6313,146595.6313,0.0,1.465956,100000.0,1.4715,0.9320779388261248,0.5338780611738752,0.5727826385916295
2023-08-17,146595.6313,146595.6313,0.0,1.465956,100000.0,1.466,0.9351944392863502,0.5307615607136499,0.5675413993251239
2023-08-18,146595.6313,146595.6313,0.0,1.465956,100000.0,1.466,0.9236977821096272,0.5422582178903729,0.5870515534333243
2023-08-21,146595.6313,146595.6313,0.0,1.465956,100000.0,1.466,0.9104065069268352,0.5555494930731649,0.6102213558957039
2023-08-22,146595.6313,146595.6313,0.0,1.465956,100000.0,1.466,0.917405536678979,0.5485504633210211,0.5979367263323716
2023-08-23,146595.6313,146595.6313,0.0,1.465956,100000.0,1.466,0.9023702710608432,0.5635857289391568,0.6245614987698951
2023-08-24,146595.6313,146595.6313,0.0,1.465956,100000.0,1.466,0.9089111872065248,0.5570448127934753,0.6128704549291706
2023-08-25,146595.6313,146595.6313,0.0,1.465956,100000.0,1.466,0.9054259403222992,0.560530059677701,0.6190788608046423
2023-08-28,146595.6313,146595.6313,0.0,1.465956,100000.0,1.466,0.916036663832515,0.549919336167485,0.6003245916672506
2023-08-29,146595.6313,146595.6313,0.0,1.465956,100000.0,1.466,0.9251875362146404,0.5407684637853596,0.5844960536302588
2023-08-30,146595.6313,146595.6313,0.0,1.465956,100000.0,1.466,0.9247976990379364,0.5411583009620635,0.5851639785923217
2023-08-31,146595.6313,146595.6313,0.0,1.465956,100000.0,1.466,0.9191242133289598,0.5468317866710403,0.5949487335237094
2023-09-01,146595.6313,146595.6313,0.0,1.465956,100000.0,1.466,0.9255255008803552,0.5404304991196448,0.5839174594385461
2023-09-04,146595.6313,146595.6313,0.0,1.465956,100000.0,1.466,0.939551949904775,0.5264040500952251,0.5602713614170849
2023-09-05,146595.6313,146595.6313,0.0,1.465956,100000.0,1.466,0.9325621473569388,0.5333938526430613,0.5719660122971992
2023-09-06,146595.6313,146595.6313,0.0,1.465956,100000.0,1.466,0.9305387288588692,0.5354172711411307,0.575384188251594
2023-09-07,146595.6313,146595.6313,0.0,1.465956,100000.0,1.466,0.917466001718847,0.5484899982811531,0.5978314152824982
2023-09-08,146595.6313,146595.6313,0.0,1.465956,100000.0,1.466,0.9129544114348392,0.5530015885651608,0.60572749486586
2023-09-11,146595.6313,146595.6313,0.0,1.465956,100000.0,1.466,0.919678138514543,0.546277861485457,0.5939880906246187
2023-09-12,146595.6313,146595.6313,0.0,1.465956,100000.0,1.466,0.9179859473584084,0.5479700526415917,0.5969264063555957
2023-09-13,146595.6313,146595.6313,0.0,1.465956,100000.0,1.466,0.91213875586675,0.5538172441332501,0.6071633735231339
2023-09-14,146595.6313,146595.6313,0.0,1.465956,100000.0,1.466,0.9113713844524188,0.5545846155475811,0.6085165992794401
2023-09-15,146595.6313,146595.6313,0.0,1.465956,100000.0,1.466,0.9053343761864304,0.5606216238135695,0.6192426119674084
2023-09-18,146595.6313,146595.6313,0.0,1.465956,100000.0,1.466,0.9099563755844164,0.5559996244155836,0.6110178897955352
2023-09-19,146595.6313,146595.6313,0.0,1.465956,100000.0,1.466,0.9081966403163256,0.5577593596836744,0.6141394219311429
2023-09-20,146595.6313,146595.6313,0.0,1.465956,100000.0,1.466,0.9045808699891548,0.5613751300108454,0.6205914237580283
2023-09-21,146595.6313,146595.6313,0.0,1.465956,100000.0,1.466,0.8964655682111189,0.5694904317888811,0.6352619129871202
2023-09-22,146595.6313,146595.6313,0.0,1.465956,100000.0,1.466,0.912695659144729,0.553260340855271,0.6061827240130861
2023-09-25,146595.6313,146595.6313,0.0,1.465956,100000.0,1.466,0.9067568058748288,0.5591991941251712,0.6167025055694642
2023-09-26,146595.6313,146595.6313,0.0,1.465956,100000.0,1.466,0.9014570463509076,0.5644989536490924,0.6262072673725061
2023-09-27,146595.6313,146595.6313,0.0,1.465956,100000.0,1.466,0.9033127884828668,0.5626432115171334,0.6228664297580739
2023-09-28,146595.6313,146595.6313,0.0,1.465956,100000.0,1.466,0.9006330423598731,0.565322957640127,0.6276951111618625
2023-10-09,146595.6313,146595.6313,0.0,1.465956,100000.0,1.466,0.8994637749356953,0.5664922250643047,0.6298110505948997
2023-10-10,146595.6313,146595.6313,0.0,1.465956,100000.0,1.466,0.8927261338177497,0.5732298661822504,0.642111667248755
2023-10-11,146595.6313,146595.6313,0.0,1.465956,100000.0,1.466,0.8952703035049628,0.5706856964950372,0.6374451316667331
2023-10-12,146595.6313,146595.6313,0.0,1.465956,100000.0,1.466,0.9037735140228236,0.5621824859771763,0.6220391251286206
2023-10-13,146595.6313,146595.6313,0.0,1.465956,100000.0,1.466,0.8942602175603899,0.5716957824396102,0.6392946607859173
2023-10-16,146595.6313,146595.6313,0.0,1.465956,100000.0,1.466,0.8852738969884184,0.5806821030115816,0.6559349654236766
2023-10-17,146595.6313,146595.6313,0.0,1.465956,100000.0,1.466,0.8883995758317643,0.5775564241682357,0.6501088472802323
2023-10-18,146595.6313,146595.6313,0.0,1.465956,100000.0,1.466,0.8813631978717084,0.5845928021282917,0.6632825191021707
2023-10-19,146595.6313,146595.6313,0.0,1.465956,100000.0,1.466,0.8625591807375222,0.6033968192624778,0.6995425157338766
2023-10-20,146595.6313,146595.6313,0.0,1.465956,100000.0,1.466,0.8569555825574687,0.6090004174425313,0.7106557560720375
2023-10-23,146595.6313,146595.6313,0.0,1.465956,100000.0,1.466,0.8480835279732337,0.6178724720267663,0.7285514358513363
2023-10-24,146595.6313,146595.6313,0.0,1.465956,100000.0,1.466,0.8512291746819863,0.6147268253180137,0.7221637176001066
2023-10-25,146595.6313,146595.6313,0.0,1.465956,100000.0,1.466,0.8554588958439278,0.6104971041560723,0.7136486710490098
2023-10-26,146595.6313,146595.6313,0.0,1.465956,100000.0,1.466,0.8578235988484153,0.6081324011515847,0.7089247742402653
2023-10-27,146595.6313,146595.6313,0.0,1.465956,100000.0,1.466,0.8695993423395563,0.5963566576604438,0.6857832436441538
2023-10-30,146595.6313,146595.6313,0.0,1.465956,100000.0,1.466,0.8748199627196531,0.5911360372803469,0.6757230772862275
2023-10-31,146595.6313,146595.6313,0.0,1.465956,100000.0,1.466,0.8720698164452747,0.5938861835547253,0.6810076124128688
2023-11-01,146595.6313,146595.6313,0.0,1.465956,100000.0,1.466,0.8717088325899773,0.5942471674100227,0.6817037354599533
2023-11-02,146595.6313,146595.6313,0.0,1.465956,100000.0,1.466,0.8675986012827616,0.5983573987172385,0.6896707738262318
2023-11-03,146595.6313,146595.6313,0.0,1.465956,100000.0,1.466,0.8749089637432136,0.5910470362567865,0.6755526126147442
2023-11-06,146595.6313,146595.6313,0.0,1.465956,100000.0,1.466,0.8867412665792779,0.5792147334207222,0.6531947426503786
2023-11-07,146595.6313,146595.6313,0.0,1.465956,100000.0,1.466,0.8836047250218659,0.5823512749781341,0.6590631064854515
2023-11-08,146595.6313,146595.6313,0.0,1.465956,100000.0,1.466,0.8814841767726315,0.5844718232273686,0.6630542426380119
2023-11-09,146595.6313,146595.6313,0.0,1.465956,100000.0,1.466,0.8819123385809838,0.5840436614190162,0.6622468423094694
2023-11-10,146595.6313,146595.6313,0.0,1.465956,100000.0,1.466,0.8754833205954783,0.5904726794045217,0.6744533739408072
2023-11-13,146595.6313,146595.6313,0.0,1.465956,100000.0,1.466,0.873756222290772,0.592199777709228,0.6777631593359383
2023-11-14,146595.6313,146595.6313,0.0,1.465956,100000.0,1.466,0.8744017116122237,0.5915542883877764,0.6765246231015116
2023-11-15,146595.6313,146595.6313,0.0,1.465956,100000.0,1.466,0.880550007773553,0.5854059922264471,0.6648185645999032
2023-11-16,146595.6313,146595.6313,0.0,1.465956,100000.0,1.466,0.8720352754556043,0.5939207245443957,0.6810741964929061
2023-11-17,146595.6313,146595.6313,0.0,1.465956,100000.0,1.466,0.8709866940052289,0.5949693059947712,0.6830980428171722
2023-11-20,146595.6313,146595.6313,0.0,1.465956,100000.0,1.466,0.8730017396697599,0.5929542603302401,0.6792131485952635
2023-11-21,146595.6313,146595.6313,0.0,1.465956,100000.0,1.466,0.8741598026315641,0.5917961973684359,0.6769885730125054
2023-11-22,146595.6313,146595.6313,0.0,1.465956,100000.0,1.466,0.8652130272209115,0.6007429727790885,0.6943295510802603
2023-11-23,146595.6313,146595.6313,0.0,1.465956,100000.0,1.466,0.8693882639383692,0.5965677360616308,0.6861925342299322
2023-11-24,146595.6313,146595.6313,0.0,1.465956,100000.0,1.466,0.8636489184483814,0.6023070815516186,0.6973980615105897
2023-11-27,146595.6313,146595.6313,0.0,1.465956,100000.0,1.466,0.8572859799392276,0.6086700200607724,0.7099964706105664
2023-11-28,146595.6313,146595.6313,0.0,1.465956,100000.0,1.466,0.8588923922701315,0.6070636077298686,0.7067982126670649
2023-11-29,146595.6313,146595.6313,0.0,1.465956,100000.0,1.466,0.851516511776976,0.6144394882230241,0.7215825879181006
2023-11-30,146595.6313,146595.6313,0.0,1.465956,100000.0,1.466,0.8534438501793968,0.6125121498206032,0.7176947255426951
2023-12-01,146595.6313,146595.6313,0.0,1.465956,100000.0,1.466,0.8501919929787319,0.6157640070212681,0.7242646509335824
2023-12-04,146595.6313,146595.6313,0.0,1.465956,100000.0,1.466,0.8446402184884806,0.6213157815115194,0.735598149260984
2023-12-05,146595.6313,146595.6313,0.0,1.465956,100000.0,1.466,0.8285582998568486,0.6373977001431514,0.7692852757051323
2023-12-06,146595.6313,146595.6313,0.0,1.465956,100000.0,1.466,0.8298620452401037,0.6360939547598964,0.7665056600773392
2023-12-07,146595.6313,146595.6313,0.0,1.465956,100000.0,1.466,0.827832133524188,0.638123866475812,0.7708372756191963
2023-12-08,146595.6313,146595.6313,0.0,1.465956,100000.0,1.466,0.8298287980118837,0.6361272019881163,0.7665764354191604
2023-12-11,146595.6313,146595.6313,0.0,1.465956,100000.0,1.466,0.8347092079516722,0.6312467920483278,0.7562475482897459
2023-12-12,146595.6313,146595.6313,0.0,1.465956,100000.0,1.466,0.8365029471763785,0.6294530528236215,0.7524815721789679
2023-12-13,146595.6313,146595.6313,0.0,1.465956,100000.0,1.466,0.8225405759596514,0.6434154240403487,0.7822294034427191
2023-12-14,146595.6313,146595.6313,0.0,1.465956,100000.0,1.466,0.8182342787661935,0.6477217212338066,0.7916091247246437
2023-12-15,146595.6313,146595.6313,0.0,1.465956,100000.0,1.466,0.8156925989595077,0.6502634010404923,0.7971917384931089
2023-12-18,146595.6313,146595.6313,0.0,1.465956,100000.0,1.466,0.8127179240469752,0.6532380759530249,0.8037697417822272
2023-12-19,146595.6313,146595.6313,0.0,1.465956,100000.0,1.466,0.8138592413417025,0.6520967586582975,0.8012402213228806
2023-12-20,146595.6313,146595.6313,0.0,1.465956,100000.0,1.466,0.804939854616852,0.661016145383148,0.8211994245182317
2023-12-21,146595.6313,146595.6313,0.0,1.465956,100000.0,1.466,0.8130850837824045,0.6528709162175955,0.8029552247847103
2023-12-22,146595.6313,146595.6313,0.0,1.465956,100000.0,1.466,0.8146371825429786,0.6513188174570215,0.7995201194031667
2023-12-25,146595.6313,146595.6313,0.0,1.465956,100000.0,1.466,0.8171326042751587,0.6488233957248414,0.7940246079158513
2023-12-26,146595.6313,146595.6313,0.0,1.465956,100000.0,1.466,0.8116010173456546,0.6543549826543454,0.8062520483210049
2023-12-27,146595.6313,146595.6313,0.0,1.465956,100000.0,1.466,0.8144245906850001,0.651531409315,0.7999898539004169
2023-12-28,146595.6313,146595.6313,0.0,1.465956,100000.0,1.466,0.8335095493387031,0.6324464506612969,0.7587752907727003
2023-12-29,146595.6313,146595.6313,0.0,1.465956,100000.0,1.466,0.837554287023809,0.6284017129761911,0.7502817700440325
2024-01-02,146595.6313,146595.6313,0.0,1.465956,100000.0,1.466,0.8266286668586473,0.6393273331413527,0.7734153904569063
2024-01-03,146595.6313,146595.6313,0.0,1.465956,100000.0,1.466,0.8246623691491495,0.6412936308508506,0.777643863527457
2024-01-04,146595.6313,146595.6313,0.0,1.465956,100000.0,1.466,0.8170352304180596,0.6489207695819404,0.7942384188866636
2024-01-05,146595.6313,146595.6313,0.0,1.465956,100000.0,1.466,0.8126558479079422,0.6533001520920578,0.8039075258904231
2024-01-08,146595.6313,146595.6313,0.0,1.465956,100000.0,1.466,0.8021458669167155,0.6638101330832845,0.8275429201360032
2024-01-09,146595.6313,146595.6313,0.0,1.465956,100000.0,1.466,0.8037186414499051,0.6622373585500949,0.823966652503445
2024-01-10,146595.6313,146595.6313,0.0,1.465956,100000.0,1.466,0.7999666356009316,0.6659893643990684,0.8325214262202072
2024-01-11,146595.6313,146595.6313,0.0,1.465956,100000.0,1.466,0.8044930187045437,0.6614629812954563,0.8222109650629346
2024-01-12,146595.6313,146595.6313,0.0,1.465956,100000.0,1.466,0.8016845799331105,0.6642714200668896,0.8285944830351033
2024-01-15,146595.6313,146595.6313,0.0,1.465956,100000.0,1.466,0.8008919191440101,0.6650640808559899,0.8304042842220303
2024-01-16,146595.6313,146595.6313,0.0,1.465956,100000.0,1.466,0.805763468038392,0.660192531961608,0.8193378803444982
2024-01-17,146595.6313,146595.6313,0.0,1.465956,100000.0,1.466,0.7882380777868455,0.6777179222131545,0.8597883574921918
2024-01-18,146595.6313,146595.6313,0.0,1.465956,100000.0,1.466,0.7993806837167987,0.6665753162832013,0.8338646778202021
2024-01-19,146595.6313,146595.6313,0.0,1.465956,100000.0,1.466,0.798171797899522,0.6677842021004781,0.8366421913901576
2024-01-22,146595.6313,146595.6313,0.0,1.465956,100000.0,1.466,0.7857529817356765,0.6802030182643235,0.8656702985228257
2024-01-23,146595.6313,146595.6313,0.0,1.465956,100000.0,1.466,0.7889339993942753,0.6770220006057247,0.8581478312831314
2024-01-24,146595.6313,146595.6313,0.0,1.465956,100000.0,1.466,0.799961729071657,0.6659942709283431,0.8325326659079291
2024-01-25,146595.6313,146595.6313,0.0,1.465956,100000.0,1.466,0.8160263405925636,0.6499296594074364,0.7964567160117468
2024-01-26,146595.6313,146595.6313,0.0,1.465956,100000.0,1.466,0.8138055624468016,0.6521504375531985,0.8013590317476227
2024-01-29,146595.6313,146595.6313,0.0,1.465956,100000.0,1.466,0.8065163395602396,0.6594396604397604,0.8176395543323101
2024-01-30,146595.6313,146595.6313,0.0,1.465956,100000.0,1.466,0.7921332029449623,0.6738227970550378,0.850643294019144
2024-01-31,146595.6313,146595.6313,0.0,1.465956,100000.0,1.466,0.7848864544909278,0.6810695455090723,0.8677300284801188
2024-02-01,146595.6313,146595.6313,0.0,1.465956,100000.0,1.466,0.7854623247999837,0.6804936752000164,0.8663606817466423
2024-02-02,146595.6313,146595.6313,0.0,1.465956,100000.0,1.466,0.7761659652811544,0.6897900347188456,0.8887146120468958
2024-02-05,146595.6313,146595.6313,0.0,1.465956,100000.0,1.466,0.781241952895317,0.6847140471046831,0.876443007914645
2024-02-06,146595.6313,146595.6313,0.0,1.465956,100000.0,1.466,0.8084037178212535,0.6575522821787465,0.8133959155345425
2024-02-07,146595.6313,146595.6313,0.0,1.465956,100000.0,1.466,0.816199997554058,0.649756002445942,0.796074496928564
2024-02-08,146595.6313,146595.6313,0.0,1.465956,100000.0,1.466,0.821399307486111,0.644556692513889,0.7847056682900695
2024-02-19,146595.6313,146595.6313,0.0,1.465956,100000.0,1.466,0.830889682401336,0.635066317598664,0.7643208611801182
2024-02-20,146595.6313,146595.6313,0.0,1.465956,100000.0,1.466,0.8326097504551412,0.6333462495448589,0.7606759940039662
2024-02-21,146595.6313,146595.6313,0.0,1.465956,100000.0,1.466,0.8438427976336659,0.6221132023663342,0.7372382677329075
2024-02-22,146595.6313,146595.6313,0.0,1.465956,100000.0,1.466,0.851117984429019,0.6148380155709811,0.7223887014718076
2024-02-23,146595.6313,146595.6313,0.0,1.465956,100000.0,1.466,0.8518666329182071,0.614089367081793,0.7208750094813907
2024-02-26,146595.6313,146595.6313,0.0,1.465956,100000.0,1.466,0.8429853023084776,0.6229706976915225,0.7390054084994662
2024-02-27,146595.6313,146595.6313,0.0,1.465956,100000.0,1.466,0.853098342640319,0.612857657359681,0.7183903973636863
2024-02-28,146595.6313,146595.6313,0.0,1.465956,100000.0,1.466,0.8422288912505861,0.623727108749414,0.740567220180812
2024-02-29,146595.6313,146595.6313,0.0,1.465956,100000.0,1.466,0.8582966273274489,0.6076593726725511,0.7079829435712355
2024-03-01,10881.1465,146487.1465,135606.0,1.464871,100000.0,1.466,0.8635989011424909,0.6012720988575091,0.6962399999143829
2024-03-04,10881.1465,146656.1465,135775.0,1.466561,100000.0,1.4649,0.8643470370092174,0.6022139629907826,0.6967270519889115
2024-03-05,10881.1465,148746.1465,137865.0,1.487461,100000.0,1.4666,0.8703631986284367,0.6170978013715632,0.7090118267224739
2024-03-06,10881.1465,148876.1465,137995.0,1.488761,100000.0,1.4875,0.8668319133650461,0.6219290866349539,0.7174736843970384
2024-03-07,10881.1465,151444.1465,140563.0,1.514441,100000.0,1.4888,0.8616254755397186,0.6528155244602813,0.7576557831595687
2024-03-08,10881.1465,152281.1465,141400.0,1.522811,100000.0,1.5144,0.8653335423205601,0.6574774576794398,0.7597965703678677
2024-03-11,10881.1465,152519.1465,141638.0,1.525191,100000.0,1.5228,0.8761605192777656,0.6490304807222343,0.7407666362976975
2024-03-12,10881.1465,151961.1465,141080.0,1.519611,100000.0,1.5252,0.8781696087575054,0.6414413912424947,0.7304299589119805
2024-03-13,10881.1465,152942.1465,142061.0,1.529421,100000.0,1.5196,0.8720345187272092,0.6573864812727908,0.7538537376161312
2024-03-14,10881.1465,156303.1465,145422.0,1.563031,100000.0,1.5294,0.8695597483570512,0.6934712516429489,0.7974969551582805
2024-03-15,10881.1465,158898.1465,148017.0,1.588981,100000.0,1.563,0.87145647587534,0.71752452412466,0.8233624328787481
2024-03-18,10881.1465,157391.1465,146510.0,1.573911,100000.0,1.589,0.8796425683742551,0.6942684316257449,0.7892619759283404
2024-03-19,10881.1465,157820.1465,146939.0,1.578201,100000.0,1.5739,0.873320786125585,0.704880213874415,0.8071263447210015
2024-03-20,10881.1465,157118.1465,146237.0,1.571181,100000.0,1.5782,0.8752134614853684,0.6959675385146316,0.7951974794051617
2024-03-21,53211.046,156426.046,103215.0,1.56426,100000.0,1.5712,0.8741653682468611,0.6900946317531389,0.7894325911550624
2024-03-22,53211.046,154644.046,101433.0,1.54644,100000.0,1.5643,0.865356097708868,0.681083902291132,0.7870562235528029
2024-03-25,53211.046,155391.046,102180.0,1.55391,100000.0,1.5464,0.8606597680539588,0.6932502319460411,0.8054869736894428
2024-03-26,53211.046,155685.046,102474.0,1.55685,100000.0,1.5539,0.8650495982980543,0.6918004017019458,0.7997233951244318
2024-03-27,53211.046,155601.046,102390.0,1.55601,100000.0,1.5569,0.8550509948281031,0.7009590051718968,0.8197861991995175
2024-03-28,53211.046,157101.046,103890.0,1.57101,100000.0,1.556,0.859488401318748,0.711521598681252,0.8278431652940696
2024-03-29,53211.046,159816.046,106605.0,1.59816,100000.0,1.571,0.8635209092965571,0.7346390907034429,0.8507484680387136
2024-04-01,20350.6192,161086.6192,140736.0,1.610866,100000.0,1.5982,0.8777186718655045,0.7331473281344955,0.8352873781028984
2024-04-02,20350.6192,161180.6192,140830.0,1.611806,100000.0,1.6109,0.8740642351583773,0.7377417648416228,0.8440360961662579
2024-04-03,20350.6192,162292.6192,141942.0,1.622926,100000.0,1.6118,0.870921908290328,0.7520040917096721,0.8634575437261662
2024-04-08,20350.6192,158817.6192,138467.0,1.588176,100000.0,1.6229,0.8632581048479413,0.7249178951520587,0.8397464108138892
2024-04-09,20350.6192,157926.6192,137576.0,1.579266,100000.0,1.5882,0.862545169056907,0.716720830943093,0.8309371574438751
2024-04-10,63230.8024,159346.8024,96116.0,1.593468,100000.0,1.5793,0.8555201664333786,0.7379478335666215,0.8625721081983253
2024-04-11,63230.8024,159318.8024,96088.0,1.593188,100000.0,1.5935,0.8554069256905652,0.7377810743094348,0.8624913502001732
2024-04-12,63230.8024,159756.8024,96526.0,1.597568,100000.0,1.5932,0.8484729013486632,0.7490950986513369,0.8828745119150376
2024-04-15,63230.8024,161730.8024,98500.0,1.617308,100000.0,1.5976,0.8663504876418805,0.7509575123581195,0.8668056670714768
2024-04-16,63230.8024,160068.8024,96838.0,1.600688,100000.0,1.6173,0.8570839090470075,0.7436040909529926,0.867597773221302
2024-04-17,63230.8024,160284.8024,97054.0,1.602848,100000.0,1.6007,0.8703360296379752,0.7325119703620249,0.8416427051362223
2024-04-18,63230.8024,161446.8024,98216.0,1.614468,100000.0,1.6028,0.8714098028207464,0.7430581971792536,0.8527080998790468
2024-04-19,63230.8024,161006.8024,97776.0,1.610068,100000.0,1.6145,0.8645406862467127,0.7455273137532874,0.86233918844224
2024-04-22,63230.8024,158310.8024,95080.0,1.583108,100000.0,1.6101,0.8619147410715873,0.7211932589284127,0.8367338723454008
2024-04-23,63230.8024,155744.8024,92514.0,1.557448,100000.0,1.5831,0.8558903042612034,0.7015576957387966,0.8196817889465107
2024-04-24,63230.8024,157278.8024,94048.0,1.572788,100000.0,1.5574,0.859648803328023,0.7131391966719771,0.8295703942251158
2024-04-25,63230.8024,157550.8024,94320.0,1.575508,100000.0,1.5728,0.8617626142534772,0.7137453857465227,0.8282389766523139
2024-04-26,63230.8024,161390.8024,98160.0,1.613908,100000.0,1.5755,0.8749412345476977,0.7389667654523022,0.8445901693435587
2024-04-29,63230.8024,161668.8024,98438.0,1.616688,100000.0,1.6139,0.8846185213766374,0.7320694786233625,0.8275538674954723
2024-04-30,64236.4024,161108.4024,96872.0,1.611084,100000.0,1.6167,0.8798540373449368,0.7312299626550631,0.8310809880030052
2024-05-06,18118.8976,161541.8976,143423.0,1.615419,100000.0,1.6111,0.8929094085530471,0.7225095914469528,0.8091633759552093
2024-05-07,18118.8976,161569.8976,143451.0,1.615699,100000.0,1.6154,0.8931854679538829,0.7225135320461171,0.8089176973526646
2024-05-08,18118.8976,160144.8976,142026.0,1.601449,100000.0,1.6157,0.8861590495159368,0.7152899504840631,0.8071801003158396
2024-05-09,18118.8976,162553.8976,144435.0,1.625539,100000.0,1.6014,0.894541085848127,0.7309979141518731,0.8171764558570316
2024-05-10,18118.8976,162564.8976,144446.0,1.625649,100000.0,1.6255,0.894959996041578,0.7306890039584218,0.8164487878679165
2024-05-13,18118.8976,162750.8976,144632.0,1.627509,100000.0,1.6256,0.8945727463877753,0.7329362536122248,0.819314311297513
2024-05-14,18118.8976,160518.8976,142400.0,1.605189,100000.0,1.6275,0.8927064832900578,0.7124825167099422,0.7981150916302271
2024-05-15,20218.8976,161203.8976,140985.0,1.612039,100000.0,1.6052,0.8851417624463085,0.7268972375536915,0.8212212646533941
2024-05-16,20218.8976,163065.8976,142847.0,1.630659,100000.0,1.612,0.8886332828530397,0.7420257171469604,0.8350190471874044
2024-05-17,20218.8976,163714.8976,143496.0,1.637149,100000.0,1.6307,0.8978142046756488,0.7393347953243512,0.823483067514452
2024-05-20,66757.3189,162017.3189,95260.0,1.620173,100000.0,1.6371,0.9009857998451928,0.7191872001548074,0.7982225694105036
2024-05-21,66757.3189,161429.3189,94672.0,1.614293,100000.0,1.6202,0.8973727390938897,0.7169202609061103,0.7989102294660868
2024-05-22,66757.3189,161825.3189,95068.0,1.618253,100000.0,1.6143,0.8993963528767065,0.7188566471232934,0.799265690620204
2024-05-23,66757.3189,160875.3189,94118.0,1.608753,100000.0,1.6183,0.8889829646035898,0.7197700353964103,0.8096555997755996
2024-05-24,118799.5759,158995.5759,40196.0,1.589956,100000.0,1.6088,0.8791415165339904,0.7108144834660095,0.8085324945958541
2024-05-27,118799.5759,158801.5759,40002.0,1.588016,100000.0,1.59,0.8874978729219168,0.7005181270780833,0.7893180912893474
2024-05-28,118799.5759,158359.5759,39560.0,1.583596,100000.0,1.588,0.8810203999084991,0.7025756000915009,0.7974566765587594
2024-05-29,118799.5759,158557.5759,39758.0,1.585576,100000.0,1.5836,0.8820822363110945,0.7034937636889056,0.7975376158020668
2024-05-30,118799.5759,158669.5759,39870.0,1.586696,100000.0,1.5856,0.8773929124964931,0.709303087503507,0.8084212641805926
2024-05-31,118799.5759,158351.5759,39552.0,1.583516,100000.0,1.5867,0.8738808627807068,0.7096351372192932,0.8120502089509314
2024-06-03,10578.0859,159128.0859,148550.0,1.591281,100000.0,1.5835,0.8760347559005346,0.7152462440994654,0.8164587526715377
2024-06-04,10578.0859,159596.0859,149018.0,1.595961,100000.0,1.5913,0.8826068443739964,0.7133541556260036,0.8082354676639312
2024-06-05,10578.0859,160760.0859,150182.0,1.607601,100000.0,1.596,0.8775104495037459,0.7300905504962542,0.832002115654735
2024-06-06,10578.0859,159672.0859,149094.0,1.596721,100000.0,1.6076,0.876888418762558,0.7198325812374421,0.8208941592058554
2024-06-07,10578.0859,159180.0859,148602.0,1.591801,100000.0,1.5967,0.8724625096614076,0.7193384903385924,0.8244921499466598
2024-06-11,10578.0859,160424.0859,149846.0,1.604241,100000.0,1.5918,0.8648373237777901,0.7394036762222099,0.8549627263915256
2024-06-12,10578.0859,159922.0859,149344.0,1.599221,100000.0,1.6042,0.8651413333080762,0.7340796666919238,0.8485083747935074
2024-06-13,10578.0859,162396.0859,151818.0,1.623961,100000.0,1.5992,0.8607494037529477,0.7632115962470523,0.8866826894324626
2024-06-14,10578.0859,161652.0859,151074.0,1.616521,100000.0,1.624,0.8645092454024047,0.7520117545975954,0.8698712692743442
2024-06-17,10578.0859,162118.0859,151540.0,1.621181,100000.0,1.6165,0.8632070622971277,0.7579739377028722,0.8780905194239099
2024-06-18,10578.0859,161822.0859,151244.0,1.618221,100000.0,1.6212,0.8654996075875052,0.7527213924124947,0.8696958217123072
2024-06-19,10578.0859,162250.0859,151672.0,1.622501,100000.0,1.6182,0.8613885707307068,0.7611124292692931,0.8835877966475101
2024-06-20,10578.0859,161702.0859,151124.0,1.617021,100000.0,1.6225,0.8551718516760589,0.7618491483239411,0.8908725735427168
2024-06-21,10578.0859,161710.0859,151132.0,1.617101,100000.0,1.617,0.8533015364198359,0.763799463580164,0.895110850010663
2024-06-24,10578.0859,162728.0859,152150.0,1.627281,100000.0,1.6171,0.8487100014424214,0.7785709985575786,0.9173581049290828
2024-06-25,60373.2679,162745.2679,102372.0,1.627453,100000.0,1.6273,0.8440944708516883,0.7833585291483117,0.9280460377354514
2024-06-26,60373.2679,162487.2679,102114.0,1.624873,100000.0,1.6275,0.8495532898022471,0.7753197101977529,0.9126204553668744
2024-06-27,60373.2679,162149.2679,101776.0,1.621493,100000.0,1.6249,0.843170578712434,0.7783224212875661,0.9230901088556784
2024-06-28,60373.2679,162479.2679,102106.0,1.624793,100000.0,1.6215,0.8450110154023273,0.7797819845976727,0.9228068869923576
2024-07-01,162664.1167,162664.1167,0.0,1.626641,100000.0,1.6248,0.8490450368369276,0.7775959631630724,0.9158477223540052
2024-07-02,162664.1167,162664.1167,0.0,1.626641,100000.0,1.6266,0.8474834911767052,0.7791575088232948,0.9193778013793026
2024-07-03,162664.1167,162664.1167,0.0,1.626641,100000.0,1.6266,0.8454399339390753,0.7812010660609247,0.9240172302024476
2024-07-04,162664.1167,162664.1167,0.0,1.626641,100000.0,1.6266,0.8411433521617934,0.7854976478382066,0.9338451594718384
2024-07-05,162664.1167,162664.1167,0.0,1.626641,100000.0,1.6266,0.8375422281906663,0.7890987718093337,0.9421599834004974
2024-07-08,162664.1167,162664.1167,0.0,1.626641,100000.0,1.6266,0.8303898999119287,0.7962511000880713,0.9588882284966638
2024-07-09,162664.1167,162664.1167,0.0,1.626641,100000.0,1.6266,0.8396783015773073,0.7869626984226927,0.9372192861771108
2024-07-10,162664.1167,162664.1167,0.0,1.626641,100000.0,1.6266,0.8370308750799841,0.7896101249200159,0.9433464743395076
2024-07-11,162664.1167,162664.1167,0.0,1.626641,100000.0,1.6266,0.8466006332449674,0.7800403667550326,0.9213793802222738
2024-07-12,162664.1167,162664.1167,0.0,1.626641,100000.0,1.6266,0.8476337872003098,0.7790072127996902,0.9190374717986532
2024-07-15,162664.1167,162664.1167,0.0,1.626641,100000.0,1.6266,0.8485724477485751,0.7780685522514249,0.9169147010556252
2024-07-16,162664.1167,162664.1167,0.0,1.626641,100000.0,1.6266,0.8539515661116612,0.7726894338883388,0.904839881501316
2024-07-17,162664.1167,162664.1167,0.0,1.626641,100000.0,1.6266,0.8547573353894207,0.7718836646105793,0.9030442122604484
2024-07-18,162664.1167,162664.1167,0.0,1.626641,100000.0,1.6266,0.8594801505381761,0.767160849461824,0.8925870469276749
2024-07-19,162664.1167,162664.1167,0.0,1.626641,100000.0,1.6266,0.8638947087133924,0.7627462912866076,0.882915803967099
2024-07-22,162664.1167,162664.1167,0.0,1.626641,100000.0,1.6266,0.85801402588758,0.76862697411242,0.8958209900092335
2024-07-23,162664.1167,162664.1167,0.0,1.626641,100000.0,1.6266,0.8396946078537024,0.7869463921462976,0.9371816667464
2024-07-24,162664.1167,162664.1167,0.0,1.626641,100000.0,1.6266,0.8343946774556273,0.7922463225443727,0.9494863089973437
2024-07-25,162664.1167,162664.1167,0.0,1.626641,100000.0,1.6266,0.8297823690632239,0.7968586309367761,0.9603224419390632
2024-07-26,162664.1167,162664.1167,0.0,1.626641,100000.0,1.6266,0.8322286766814698,0.7944123233185302,0.9545601414340428
2024-07-29,162664.1167,162664.1167,0.0,1.626641,100000.0,1.6266,0.8277002430880116,0.7989407569119884,0.9652537420205094
2024-07-30,162664.1167,162664.1167,0.0,1.626641,100000.0,1.6266,0.8224861647469476,0.8041548352530524,0.9777122944073652
2024-07-31,162664.1167,162664.1167,0.0,1.626641,100000.0,1.6266,0.8402332275972197,0.7864077724027803,0.9359398635681644
2024-08-01,162664.1167,162664.1167,0.0,1.626641,100000.0,1.6266,0.8346632672148804,0.7919777327851196,0.9488589757014292
2024-08-02,162664.1167,162664.1167,0.0,1.626641,100000.0,1.6266,0.8261501459960966,0.8004908540039034,0.968941127570394
2024-08-05,162664.1167,162664.1167,0.0,1.626641,100000.0,1.6266,0.8161243735356837,0.8105166264643163,0.9931288082390272
2024-08-06,162664.1167,162664.1167,0.0,1.626641,100000.0,1.6266,0.8160409869486067,0.8106000130513933,0.9933324747356642
2024-08-07,162664.1167,162664.1167,0.0,1.626641,100000.0,1.6266,0.8156772935174412,0.8109637064825588,0.9942212599610858
2024-08-08,162664.1167,162664.1167,0.0,1.626641,100000.0,1.6266,0.8160307344993759,0.8106102655006241,0.9933575185718008
2024-08-09,162664.1167,162664.1167,0.0,1.626641,100000.0,1.6266,0.8132700184380524,0.8133709815619476,1.0001241446525833
2024-08-12,162664.1167,162664.1167,0.0,1.626641,100000.0,1.6266,0.8118632603506214,0.8147777396493786,1.0035898647482808
2024-08-13,162664.1167,162664.1167,0.0,1.626641,100000.0,1.6266,0.8139444587232842,0.8126965412767158,0.9984668272715732
2024-08-14,162664.1167,162664.1167,0.0,1.626641,100000.0,1.6266,0.8078048527332077,0.8188361472667923,1.0136558904000887
2024-08-15,162664.1167,162664.1167,0.0,1.626641,100000.0,1.6266,0.8157905586708478,0.8108504413291522,0.9939443803446996
2024-08-16,162664.1167,162664.1167,0.0,1.626641,100000.0,1.6266,0.8166891126141461,0.8099518873858539,0.9917505631895508
2024-08-19,162664.1167,162664.1167,0.0,1.626641,100000.0,1.6266,0.8194557360390738,0.8071852639609262,0.9850260709169498
2024-08-20,162664.1167,162664.1167,0.0,1.626641,100000.0,1.6266,0.8135326764231076,0.8131083235768924,0.9994783825425662
2024-08-21,162664.1167,162664.1167,0.0,1.626641,100000.0,1.6266,0.8108308143024876,0.8158101856975124,1.0061410732142786
2024-08-22,162664.1167,162664.1167,0.0,1.626641,100000.0,1.6266,0.8087560847370774,0.8178849152629226,1.0112874953253836
2024-08-23,162664.1167,162664.1167,0.0,1.626641,100000.0,1.6266,0.8121869448191932,0.8144540551808068,1.002791365185165
2024-08-26,162664.1167,162664.1167,0.0,1.626641,100000.0,1.6266,0.8114625848704446,0.8151784151295554,1.0045791763272782
2024-08-27,162664.1167,162664.1167,0.0,1.626641,100000.0,1.6266,0.806851594650085,0.819789405349915,1.016034932304299
2024-08-28,162664.1167,162664.1167,0.0,1.626641,100000.0,1.6266,0.8022530782429563,0.8243879217570437,1.0275908489657226
2024-08-29,162664.1167,162664.1167,0.0,1.626641,100000.0,1.6266,0.8001014308977218,0.8265395691022782,1.0330434832179871
2024-08-30,162664.1167,162664.1167,0.0,1.626641,100000.0,1.6266,0.8107813340296521,0.8158596659703479,1.0062635037679717
2024-09-02,162664.1167,162664.1167,0.0,1.626641,100000.0,1.6266,0.7970085598919142,0.8296324401080858,1.040932910708758
2024-09-03,162664.1167,162664.1167,0.0,1.626641,100000.0,1.6266,0.7990632483601374,0.8275777516398626,1.035684913976764
2024-09-04,162664.1167,162664.1167,0.0,1.626641,100000.0,1.6266,0.7938727506523044,0.8327682493476956,1.048994626233778
2024-09-05,162664.1167,162664.1167,0.0,1.626641,100000.0,1.6266,0.795238010730944,0.831402989269056,1.045476923952454
2024-09-06,162664.1167,162664.1167,0.0,1.626641,100000.0,1.6266,0.7887906603897901,0.8378503396102099,1.0621960701159625
2024-09-09,162664.1167,162664.1167,0.0,1.626641,100000.0,1.6266,0.7794184327466532,0.8472225672533468,1.086993239648892
2024-09-10,162664.1167,162664.1167,0.0,1.626641,100000.0,1.6266,0.7801028081434016,0.8465381918565984,1.085162344013745
2024-09-11,162664.1167,162664.1167,0.0,1.626641,100000.0,1.6266,0.7777532152962328,0.8488877847037672,1.0914616204838712
2024-09-12,162664.1167,162664.1167,0.0,1.626641,100000.0,1.6266,0.77441989994537,0.85222110005463,1.1004638441170589
2024-09-13,162664.1167,162664.1167,0.0,1.626641,100000.0,1.6266,0.7711909398813205,0.8554500601186795,1.1092584415609523
2024-09-18,162664.1167,162664.1167,0.0,1.626641,100000.0,1.6266,0.7740624068049298,0.8525785931950702,1.1014339227688748
2024-09-19,162664.1167,162664.1167,0.0,1.626641,100000.0,1.6266,0.7801712798579071,0.8464697201420929,1.084979339788387
2024-09-20,162664.1167,162664.1167,0.0,1.626641,100000.0,1.6266,0.7813952270113158,0.8452457729886842,1.0817135090798855
2024-09-23,162664.1167,162664.1167,0.0,1.626641,100000.0,1.6266,0.7842547327441559,0.8423862672558441,1.0741232817407202
2024-09-24,162664.1167,162664.1167,0.0,1.626641,100000.0,1.6266,0.8182208773504118,0.8084201226495882,0.988021871633781
2024-09-25,162664.1167,162664.1167,0.0,1.626641,100000.0,1.6266,0.8303343902225205,0.7963066097774795,0.9590191845047848
2024-09-26,162664.1167,162664.1167,0.0,1.626641,100000.0,1.6266,0.8654337478064927,0.7612072521935073,0.8795673315523511
2024-09-27,162664.1167,162664.1167,0.0,1.626641,100000.0,1.6266,0.9040914620019436,0.7225495379980565,0.7991996035424382
2024-09-30,162664.1167,162664.1167,0.0,1.626641,100000.0,1.6266,0.9807821256651956,0.6458588743348045,0.6585141158611183
2024-10-08,31219.0447,162559.0447,131340.0,1.62559,100000.0,1.6266,1.038938338377251,0.5866516616227491,0.5646645618440242
2024-10-09,101187.9667,148032.9667,46845.0,1.48033,100000.0,1.6256,0.96567914506095,0.51465085493905,0.5329418757475262
2024-10-10,101187.9667,146952.9667,45765.0,1.46953,100000.0,1.4803,0.9758837495286594,0.4936462504713406,0.5058453434743289
2024-10-11,101187.9667,144927.9667,43740.0,1.44928,100000.0,1.4695,0.9488805314068988,0.500399468593101,0.5273577147284938
2024-10-14,101187.9667,146412.9667,45225.0,1.46413,100000.0,1.4493,0.966987186708644,0.4971428132913558,0.5141152024811124
2024-10-15,101187.9667,145197.9667,44010.0,1.45198,100000.0,1.4641,0.9412712368195892,0.5107087631804109,0.5425734296375797
2024-10-16,101187.9667,144198.9667,43011.0,1.44199,100000.0,1.452,0.935313611803359,0.5066763881966411,0.5417181807284177
2024-10-17,101187.9667,143334.9667,42147.0,1.43335,100000.0,1.442,0.9247273965289232,0.5086226034710766,0.5500243697550795
2024-10-18,101187.9667,145602.9667,44415.0,1.45603,100000.0,1.4333,0.9581729119990026,0.4978570880009973,0.5195900257317185
2024-10-21,101187.9667,148464.9667,47277.0,1.48465,100000.0,1.456,0.9606050370624792,0.5240449629375207,0.545536347113112
2024-10-22,101187.9667,150813.9667,49626.0,1.50814,100000.0,1.4846,0.9661164852524228,0.5420235147475772,0.5610332946611085
2024-10-23,101187.9667,154053.9667,52866.0,1.54054,100000.0,1.5081,0.9698838697752424,0.5706561302247575,0.5883757303407875
2024-10-24,101187.9667,151407.9667,50220.0,1.51408,100000.0,1.5405,0.9590515468980813,0.555028453101919,0.5787264041198634
2024-10-25,101187.9667,156429.9667,55242.0,1.5643,100000.0,1.5141,0.96578584376473,0.5985141562352702,0.619717259369015
2024-10-28,101187.9667,155403.9667,54216.0,1.55404,100000.0,1.5643,0.9676742228600737,0.5863657771399264,0.6059537014501164
2024-10-29,101187.9667,153135.9667,51948.0,1.53136,100000.0,1.554,0.9580301100275735,0.5733298899724265,0.5984466291523187
2024-10-30,101187.9667,153162.9667,51975.0,1.53163,100000.0,1.5314,0.9494375079166576,0.5821924920833423,0.6131972744165566
2024-10-31,101187.9667,154485.9667,53298.0,1.54486,100000.0,1.5316,0.949825856047164,0.595034143952836,0.6264665677023742
2024-11-01,6952.6387,152439.6387,145487.0,1.524396,100000.0,1.5449,0.94957703886857,0.57481896113143,0.6053421024336607
2024-11-04,6952.6387,154770.6387,147818.0,1.547706,100000.0,1.5244,0.9629397882688566,0.5847662117311434,0.607271834495922
2024-11-05,6952.6387,159231.6387,152279.0,1.592316,100000.0,1.5477,0.9873041480115796,0.6050118519884204,0.6127917655434834
2024-11-06,6952.6387,156111.6387,149159.0,1.561116,100000.0,1.5923,0.9823513850729338,0.5787646149270661,0.5891625173247923
2024-11-07,6952.6387,159970.6387,153018.0,1.599706,100000.0,1.5611,1.011988799150391,0.587717200849609,0.5807546499951612
2024-11-08,6952.6387,157669.6387,150717.0,1.576696,100000.0,1.5997,1.0018222263872087,0.5748737736127914,0.5738281288546698
2024-11-11,6952.6387,161226.6387,154274.0,1.612266,100000.0,1.5767,1.0084336403266487,0.6038323596733512,0.5987824439075236
2024-11-12,6952.6387,161434.6387,154482.0,1.614346,100000.0,1.6123,0.9973541113700584,0.6169918886299417,0.6186287113033346
2024-11-13,6952.6387,163320.6387,156368.0,1.633206,100000.0,1.6143,1.003492667704618,0.6297133322953818,0.627521607841723
2024-11-14,6952.6387,159365.6387,152413.0,1.593656,100000.0,1.6332,0.9860949936777752,0.6075610063222248,0.6161282738656277
2024-11-15,6952.6387,154708.6387,147756.0,1.547086,100000.0,1.5937,0.9688151495853062,0.5782708504146937,0.5968846076180974
2024-11-18,6952.6387,153311.6387,146359.0,1.533116,100000.0,1.5471,0.9643113462805952,0.5688046537194047,0.5898558135951808
2024-11-19,6952.6387,155512.6387,148560.0,1.555126,100000.0,1.5331,0.9707827410562546,0.5843432589437454,0.6019300037286963
2024-11-20,6952.6387,155050.6387,148098.0,1.550506,100000.0,1.5551,0.9729507679096648,0.5775552320903351,0.5936119803175479
2024-11-21,6952.6387,155243.6387,148291.0,1.552436,100000.0,1.5505,0.9738112901484356,0.5786247098515643,0.5941856658525351
2024-11-22,49321.4875,149066.4875,99745.0,1.490665,100000.0,1.5524,0.9436400408037686,0.5470249591962313,0.5796966380636936
2024-11-25,49321.4875,150228.4875,100907.0,1.502285,100000.0,1.4907,0.9393418235167283,0.5629431764832717,0.5992953389168949
2024-11-26,49321.4875,149265.4875,99944.0,1.492655,100000.0,1.5023,0.9374118731808128,0.5552431268191872,0.5923150140344862
2024-11-27,49321.4875,150846.4875,101525.0,1.508465,100000.0,1.4927,0.9537327959324892,0.5547322040675107,0.5816432091182673
2024-11-28,49321.4875,149590.4875,100269.0,1.495905,100000.0,1.5085,0.9453125570216178,0.5505924429783823,0.5824448632239962
2024-11-29,49321.4875,151519.4875,102198.0,1.515195,100000.0,1.4959,0.9560612003845812,0.5591337996154189,0.5848305520509607
2024-12-02,7787.8726,151382.8726,143595.0,1.513829,100000.0,1.5152,0.9636403967102204,0.5501886032897796,0.5709480478071205
2024-12-03,7787.8726,151767.8726,143980.0,1.517679,100000.0,1.5138,0.964680092704596,0.5529989072954041,0.573245899316742
2024-12-04,7787.8726,151665.8726,143878.0,1.516659,100000.0,1.5177,0.9594722390648506,0.5571867609351494,0.5807221285299629
2024-12-05,7787.8726,150606.8726,142819.0,1.506069,100000.0,1.5167,0.9572829261739896,0.5487860738260104,0.5732746911295759
2024-12-06,7787.8726,152935.8726,145148.0,1.529359,100000.0,1.5061,0.969867172929352,0.559491827070648,0.5768746924187351
2024-12-09,7787.8726,153422.8726,145635.0,1.534229,100000.0,1.5294,0.968263470174316,0.5659655298256839,0.5845160405811791
2024-12-10,7787.8726,154265.8726,146478.0,1.542659,100000.0,1.5342,0.975358677664482,0.5673003223355179,0.581632516659339
2024-12-11,7787.8726,153916.8726,146129.0,1.539169,100000.0,1.5427,0.9736972682666332,0.5654717317333668,0.5807469633143927
2024-12-12,7787.8726,156355.8726,148568.0,1.563559,100000.0,1.5392,0.9833819270947816,0.5801770729052182,0.5899814272764226
2024-12-13,7787.8726,154429.8726,146642.0,1.544299,100000.0,1.5636,0.9601127730358407,0.5841862269641593,0.6084558432828513
2024-12-16,7787.8726,154380.8726,146593.0,1.543809,100000.0,1.5443,0.954903747687612,0.588905252312388,0.6167168719763396
2024-12-17,7787.8726,155773.8726,147986.0,1.557739,100000.0,1.5438,0.9573916265464294,0.6003473734535706,0.6270656195513074
2024-12-18,7787.8726,155643.8726,147856.0,1.556439,100000.0,1.5577,0.9622387404368112,0.5942002595631886,0.6175185373366379
2024-12-19,7787.8726,154552.8726,146765.0,1.545529,100000.0,1.5564,0.9631110529921976,0.5824179470078025,0.604725639061398
2024-12-20,7787.8726,152932.8726,145145.0,1.529329,100000.0,1.5455,0.958785642304102,0.5705433576958978,0.5950687333247906
2024-12-23,7787.8726,153491.8726,145704.0,1.534919,100000.0,1.5293,0.9602082184560606,0.5747107815439393,0.5985272470048517
2024-12-24,7787.8726,155154.8726,147367.0,1.551549,100000.0,1.5349,0.9724419290901036,0.5791070709098965,0.5955184094661123
2024-12-25,7787.8726,154948.8726,147161.0,1.549489,100000.0,1.5515,0.972915714297533,0.5765732857024669,0.5926240857552247
2024-12-26,7787.8726,152628.8726,144841.0,1.526289,100000.0,1.5495,0.9733675543814898,0.5529214456185102,0.5680500065259058
2024-12-27,7787.8726,153280.8726,145493.0,1.532809,100000.0,1.5263,0.9717932175703222,0.5610157824296779,0.5772995450949223
2024-12-30,7787.8726,153463.8726,145676.0,1.534639,100000.0,1.5328,0.976193031747121,0.5584459682528791,0.572065104022933
2024-12-31,49745.257,153180.257,103435.0,1.531803,100000.0,1.5346,0.9605351007123688,0.5712678992876311,0.59473922281857
2025-01-02,9956.851,151000.851,141044.0,1.510009,100000.0,1.5318,0.9325811387986068,0.5774278612013931,0.6191717129785208
2025-01-03,9956.851,150462.851,140506.0,1.504629,100000.0,1.51,0.921540129758412,0.583088870241588,0.6327330209639905
2025-01-06,9956.851,151157.851,141201.0,1.511579,100000.0,1.5046,0.9200278690862776,0.5915511309137225,0.642970882502961
2025-01-07,9956.851,150984.851,141028.0,1.509849,100000.0,1.5116,0.9266518788919152,0.5831971211080849,0.6293594546049683
2025-01-08,9956.851,152940.851,142984.0,1.529409,100000.0,1.5098,0.9249699401850112,0.6044390598149889,0.6534688680737992
2025-01-09,9956.851,152937.851,142981.0,1.529379,100000.0,1.5294,0.9226904789726996,0.6066885210273005,0.657521167556397
2025-01-10,9956.851,151633.851,141677.0,1.516339,100000.0,1.5294,0.9111206632475368,0.6052183367524633,0.6642570640372307
2025-01-13,9956.851,150397.851,140441.0,1.503979,100000.0,1.5163,0.9086875129391372,0.5952914870608629,0.655111332096334
2025-01-14,9956.851,151576.851,141620.0,1.515769,100000.0,1.504,0.9326163632848924,0.5831526367151075,0.6252867306135481
2025-01-15,9956.851,151976.851,142020.0,1.519769,100000.0,1.5158,0.9266324724701568,0.593136527529843,0.6400990092098737
2025-01-16,9956.851,152626.851,142670.0,1.526269,100000.0,1.5198,0.9276961884884446,0.5985728115115555,0.6452250412787066
2025-01-17,9956.851,152735.851,142779.0,1.527359,100000.0,1.5263,0.9306155245857244,0.5967434754142756,0.64123524661801
2025-01-20,9956.851,152283.851,142327.0,1.522839,100000.0,1.5274,0.9348467347938632,0.5879922652061368,0.6289718339079304
2025-01-21,9956.851,152336.851,142380.0,1.523369,100000.0,1.5228,0.9355639424387436,0.5878050575612562,0.6282895598017801
2025-01-22,9956.851,149869.851,139913.0,1.498699,100000.0,1.5234,0.9268742838084432,0.5718247161915568,0.6169388084023439
2025-01-23,9956.851,150248.851,140292.0,1.502489,100000.0,1.4987,0.9285164576586876,0.5739725423413122,0.6181608711477444
2025-01-24,58191.529,150195.529,92004.0,1.501955,100000.0,1.5025,0.9356247736375132,0.5663302263624868,0.6052963135645857
2025-01-27,58191.529,151299.529,93108.0,1.512995,100000.0,1.502,0.9317719276271768,0.5812230723728232,0.6237825535836317
2025-02-05,25357.3708,149400.3708,124043.0,1.494004,100000.0,1.513,0.926402719965014,0.5676012800349862,0.6126938833431124
2025-02-06,25357.3708,152004.3708,126647.0,1.520044,100000.0,1.494,0.9380579483565062,0.5819860516434937,0.6204158843951415
2025-02-07,25357.3708,154485.3708,129128.0,1.544854,100000.0,1.52,0.950231853036703,0.594622146963297,0.6257653277597814
2025-02-10,25357.3708,156013.3708,130656.0,1.560134,100000.0,1.5449,0.9522723345395636,0.6078616654604363,0.6383275491819738
2025-02-11,25357.3708,157635.3708,132278.0,1.576354,100000.0,1.5601,0.94789634510193,0.6284576548980702,0.6630025088138622
2025-02-12,25357.3708,159048.3708,133691.0,1.590484,100000.0,1.5764,0.9568615016894176,0.6336224983105823,0.662188307494731
2025-02-13,25357.3708,158868.3708,133511.0,1.588684,100000.0,1.5905,0.9532677985386864,0.6354162014613137,0.6665663126724475
2025-02-14,25357.3708,161162.3708,135805.0,1.611624,100000.0,1.5887,0.9615353491877994,0.6500886508122006,0.6760943852572086
2025-02-17,25357.3708,158121.3708,132764.0,1.581214,100000.0,1.6116,0.9635833491534292,0.6176306508465707,0.6409727309933275
2025-02-18,25357.3708,159028.3708,133671.0,1.590284,100000.0,1.5812,0.955133524603349,0.635150475396651,0.6649860559134058
2025-02-19,25357.3708,158998.3708,133641.0,1.589984,100000.0,1.5903,0.9618164859920636,0.6281675140079365,0.6531053721334528
2025-02-20,25357.3708,159531.3708,134174.0,1.595314,100000.0,1.59,0.95906680351896,0.6362471964810398,0.6634023762959507
2025-02-21,25357.3708,160288.3708,134931.0,1.602884,100000.0,1.5953,0.971161788750673,0.6317222112493269,0.6504809173577455
2025-02-24,71928.7492,159080.7492,87152.0,1.590807,100000.0,1.6029,0.9690314518534826,0.6217755481465175,0.6416464057562188
2025-02-25,71928.7492,158413.7492,86485.0,1.584137,100000.0,1.5908,0.9582745821205412,0.6258624178794587,0.6531138668986751
2025-02-26,71928.7492,158914.7492,86986.0,1.589147,100000.0,1.5841,0.9666451698844236,0.6225018301155766,0.6439817313627147
2025-02-27,71928.7492,160334.7492,88406.0,1.603347,100000.0,1.5891,0.9686406382530424,0.6347063617469578,0.6552547319216961
2025-02-28,71928.7492,158570.7492,86642.0,1.585707,100000.0,1.6033,0.9495839714770976,0.6361230285229024,0.6698965522063307
2025-03-03,43877.4448,158281.4448,114404.0,1.582814,100000.0,1.5857,0.9491995290415366,0.6336144709584633,0.6675250582965013
2025-03-04,78316.6156,156906.6156,78590.0,1.569066,100000.0,1.5828,0.9484054524380188,0.6206605475619814,0.6544253261793047
2025-03-05,78316.6156,155595.6156,77279.0,1.555956,100000.0,1.5691,0.9526406415728832,0.6033153584271168,0.6333084398236428
2025-03-06,78316.6156,156137.6156,77821.0,1.561376,100000.0,1.556,0.9657409038622682,0.5956350961377319,0.6167649042881176
2025-03-07,78316.6156,156442.6156,78126.0,1.564426,100000.0,1.5614,0.9627572946725488,0.6016687053274513,0.6249432838959581
2025-03-10,78316.6156,155626.6156,77310.0,1.556266,100000.0,1.5644,0.9590438331505644,0.5972221668494354,0.6227266640018891
2025-03-11,78316.6156,155826.6156,77510.0,1.558266,100000.0,1.5563,0.962122960992284,0.5961430390077158,0.6196121111098778
2025-03-12,78316.6156,154856.6156,76540.0,1.548566,100000.0,1.5583,0.9586605136023,0.5899054863977,0.6153434693800501
2025-03-13,103605.697,154035.697,50430.0,1.540357,100000.0,1.5486,0.9548397187011068,0.5855172812988932,0.6132100182168665
2025-03-14,103605.697,156165.697,52560.0,1.561657,100000.0,1.5404,0.9780242656433004,0.5836327343566998,0.5967466808942747
2025-03-17,103605.697,156615.697,53010.0,1.566157,100000.0,1.5617,0.9756395703628128,0.5905174296371873,0.6052618688042661
2025-03-18,103605.697,157305.697,53700.0,1.573057,100000.0,1.5662,0.9783089419836084,0.5947480580163914,0.6079348071893187
2025-03-19,103605.697,156585.697,52980.0,1.565857,100000.0,1.5731,0.978905805402994,0.586951194597006,0.5995992580260274
2025-03-20,103605.697,155895.697,52290.0,1.558957,100000.0,1.5659,0.9703190862450892,0.5886379137549107,0.6066436516597891
2025-03-21,103605.697,154785.697,51180.0,1.547857,100000.0,1.559,0.9556004260234376,0.5922565739765624,0.619774288340508
2025-03-24,103605.697,154755.697,51150.0,1.547557,100000.0,1.5479,0.9605198929126768,0.5870371070873233,0.6111660064709272
2025-03-25,103605.697,155115.697,51510.0,1.551157,100000.0,1.5476,0.9598965684100385,0.5912604315899614,0.6159626474853623
2025-03-26,103605.697,155685.697,52080.0,1.556857,100000.0,1.5512,0.956738203782121,0.6001187962178789,0.6272549730381045
2025-03-27,103605.697,154725.697,51120.0,1.547257,100000.0,1.5569,0.9599250311619506,0.5873319688380495,0.6118519152762458
2025-03-28,103605.697,154215.697,50610.0,1.542157,100000.0,1.5473,0.9557153022760092,0.5864416977239907,0.6136154734860855
2025-03-31,151093.882,151093.882,0.0,1.510939,100000.0,1.5422,0.9489143644893604,0.5620246355106396,0.5922817237708085
2025-04-01,151093.882,151093.882,0.0,1.510939,100000.0,1.5109,0.9490067585854044,0.5619322414145955,0.5921267012388987
2025-04-02,151093.882,151093.882,0.0,1.510939,100000.0,1.5109,0.9482016239830736,0.5627373760169265,0.5934786038997251
2025-04-03,151093.882,151093.882,0.0,1.510939,100000.0,1.5109,0.9426158943573936,0.5683231056426064,0.6029211994457693
2025-04-07,151093.882,151093.882,0.0,1.510939,100000.0,1.5109,0.8762037504386865,0.6347352495613136,0.7244151251846644
2025-04-08,151093.882,151093.882,0.0,1.510939,100000.0,1.5109,0.8911719357461408,0.6197670642538592,0.6954517297887688
2025-04-09,151093.882,151093.882,0.0,1.510939,100000.0,1.5109,0.899968366312002,0.610970633687998,0.6788801212999369
2025-04-10,151093.882,151093.882,0.0,1.510939,100000.0,1.5109,0.9117637603308356,0.5991752396691645,0.6571606217950059
2025-04-11,151093.882,151093.882,0.0,1.510939,100000.0,1.5109,0.915523382284952,0.5954156177150481,0.6503554461154419
2025-04-14,151093.882,151093.882,0.0,1.510939,100000.0,1.5109,0.9176289180192412,0.593310081980759,0.6465686404712001
2025-04-15,151093.882,151093.882,0.0,1.510939,100000.0,1.5109,0.9181397340968684,0.5927992659031316,0.6456525558021304
2025-04-16,151093.882,151093.882,0.0,1.510939,100000.0,1.5109,0.9209678478065876,0.5899711521934125,0.6405990758510305
2025-04-17,151093.882,151093.882,0.0,1.510939,100000.0,1.5109,0.9208217992262356,0.5901172007737644,0.6408592859874065
2025-04-18,151093.882,151093.882,0.0,1.510939,100000.0,1.5109,0.9208952507017962,0.5900437492982038,0.6407284094999328
2025-04-21,151093.882,151093.882,0.0,1.510939,100000.0,1.5109,0.9239118141926146,0.5870271858073854,0.6353714464841811
2025-04-22,151093.882,151093.882,0.0,1.510939,100000.0,1.5109,0.9236851862434274,0.5872538137565726,0.6357726880355188
2025-04-23,151093.882,151093.882,0.0,1.510939,100000.0,1.5109,0.9244004654514284,0.5865385345485715,0.634506965833403
2025-04-24,151093.882,151093.882,0.0,1.510939,100000.0,1.5109,0.9237840979679108,0.5871549020320891,0.6355975420270601
2025-04-25,151093.882,151093.882,0.0,1.510939,100000.0,1.5109,0.92442763444189,0.58651136555811,0.634458927563549
2025-04-28,151093.882,151093.882,0.0,1.510939,100000.0,1.5109,0.9231155894568768,0.5878234105431231,0.6367820208615198
2025-04-29,151093.882,151093.882,0.0,1.510939,100000.0,1.5109,0.9215186240256212,0.5894203759743787,0.6396185173116922
2025-04-30,151093.882,151093.882,0.0,1.510939,100000.0,1.5109,0.9204186338655316,0.5905203661344686,0.641578021573106
2025-05-06,151093.882,151093.882,0.0,1.510939,100000.0,1.5109,0.9296877999833056,0.5812512000166944,0.6252111730702843
2025-05-07,151093.882,151093.882,0.0,1.510939,100000.0,1.5109,0.9353228878288538,0.5756161121711463,0.6154196798362461
2025-05-08,151093.882,151093.882,0.0,1.510939,100000.0,1.5109,0.9405148501722912,0.5704241498277088,0.6065020129381411
2025-05-09,151093.882,151093.882,0.0,1.510939,100000.0,1.5109,0.9388696494084642,0.5720693505915359,0.6093171197428404
2025-05-12,151093.882,151093.882,0.0,1.510939,100000.0,1.5109,0.9497208904955156,0.5612181095044844,0.5909295195261732
2025-05-13,151093.882,151093.882,0.0,1.510939,100000.0,1.5109,0.9510997716852764,0.5598392283147237,0.5886230288150855
2025-05-14,151093.882,151093.882,0.0,1.510939,100000.0,1.5109,0.9625611555545268,0.5483778444454733,0.5697070168279912
2025-05-15,151093.882,151093.882,0.0,1.510939,100000.0,1.5109,0.9537705102993028,0.5571684897006971,0.5841745825480094
2025-05-16,151093.882,151093.882,0.0,1.510939,100000.0,1.5109,0.949348824230812,0.5615901757691881,0.5915530323895473
2025-05-19,151093.882,151093.882,0.0,1.510939,100000.0,1.5109,0.9464341749674664,0.5645048250325337,0.5964543968965814
2025-05-20,151093.882,151093.882,0.0,1.510939,100000.0,1.5109,0.9515665510523984,0.5593724489476017,0.5878437491617965
2025-05-21,151093.882,151093.882,0.0,1.510939,100000.0,1.5109,0.9560117689329336,0.5549272310670665,0.5804606691050014
2025-05-22,151093.882,151093.882,0.0,1.510939,100000.0,1.5109,0.955397696045196,0.5555413039548039,0.581476495342651
2025-05-23,151093.882,151093.882,0.0,1.510939,100000.0,1.5109,0.947686145482106,0.563252854517894,0.594345350729335
2025-05-26,151093.882,151093.882,0.0,1.510939,100000.0,1.5109,0.9422749515992836,0.5686640484007165,0.6035011834237416
2025-05-27,151093.882,151093.882,0.0,1.510939,100000.0,1.5109,0.9372195665259564,0.5737194334740437,0.6121505076987257
2025-05-28,151093.882,151093.882,0.0,1.510939,100000.0,1.5109,0.9364481185425264,0.5744908814574737,0.6134786007703263
2025-05-29,151093.882,151093.882,0.0,1.510939,100000.0,1.5109,0.9419315189606456,0.5690074810393544,0.6040858274571952
2025-05-30,151093.882,151093.882,0.0,1.510939,100000.0,1.5109,0.9374234926232752,0.5735155073767247,0.6117998022129842
2025-06-03,151093.882,151093.882,0.0,1.510939,100000.0,1.5109,0.9402991581689504,0.5706398418310495,0.6068705229325735
2025-06-04,151093.882,151093.882,0.0,1.510939,100000.0,1.5109,0.9443830992670674,0.5665559007329326,0.5999216855666252
2025-06-05,151093.882,151093.882,0.0,1.510939,100000.0,1.5109,0.9465343560428072,0.5644046439571928,0.5962854283671322
2025-06-06,151093.882,151093.882,0.0,1.510939,100000.0,1.5109,0.945662507288696,0.5652764927113041,0.5977571156246908
2025-06-09,151093.882,151093.882,0.0,1.510939,100000.0,1.5109,0.9484115794969644,0.5625274205030356,0.5931258460608411
2025-06-10,151093.882,151093.882,0.0,1.510939,100000.0,1.5109,0.9435829932469784,0.5673560067530218,0.601278330378427
2025-06-11,151093.882,151093.882,0.0,1.510939,100000.0,1.5109,0.950701122284353,0.560237877715647,0.589289172573503
2025-06-12,151093.882,151093.882,0.0,1.510939,100000.0,1.5109,0.950108921288308,0.560830078711692,0.5902797733455969
2025-06-13,151093.882,151093.882,0.0,1.510939,100000.0,1.5109,0.9432698053335712,0.567669194666429,0.6018099927047729
2025-06-16,151093.882,151093.882,0.0,1.510939,100000.0,1.5109,0.9456163712671576,0.5653226287328426,0.5978350691785204
2025-06-17,151093.882,151093.882,0.0,1.510939,100000.0,1.5109,0.94478238334342,0.5661566166565801,0.5992455264174705
2025-06-18,151093.882,151093.882,0.0,1.510939,100000.0,1.5109,0.9459033666138394,0.5650356333861606,0.5973502720567372
2025-06-19,151093.882,151093.882,0.0,1.510939,100000.0,1.5109,0.9381213670781776,0.5728176329218224,0.6106007740830905
2025-06-20,151093.882,151093.882,0.0,1.510939,100000.0,1.5109,0.9389886998725088,0.5719503001274913,0.6091130811320178
2025-06-23,151093.882,151093.882,0.0,1.510939,100000.0,1.5109,0.941736673604074,0.569202326395926,0.6044177128809902
2025-06-24,151093.882,151093.882,0.0,1.510939,100000.0,1.5109,0.9529979150179833,0.5579410849820168,0.5854588726686651
2025-06-25,151093.882,151093.882,0.0,1.510939,100000.0,1.5109,0.9666756587155892,0.5442633412844109,0.563025805374646
2025-06-26,151093.882,151093.882,0.0,1.510939,100000.0,1.5109,0.9632467758915392,0.5476922241084609,0.5685897298763765
2025-06-27,151093.882,151093.882,0.0,1.510939,100000.0,1.5109,0.9573243509510015,0.5536146490489985,0.5782937083957389
2025-06-30,151093.882,151093.882,0.0,1.510939,100000.0,1.5109,0.960820265264546,0.550118734735454,0.5725511363813585
2025-07-01,12212.866,150982.866,138770.0,1.509829,100000.0,1.5109,0.962451600811318,0.5473773991886821,0.5687323899999328
2025-07-02,12212.866,152168.866,139956.0,1.521689,100000.0,1.5098,0.9626768861778678,0.5590121138221322,0.5806850895128348
2025-07-03,12212.866,152158.866,139946.0,1.521589,100000.0,1.5217,0.9686288479364276,0.5529601520635726,0.5708689693081124
2025-07-04,12212.866,152658.866,140446.0,1.526589,100000.0,1.5216,0.9720794805992026,0.5545095194007974,0.5704363999731694
2025-07-07,12212.866,152076.866,139864.0,1.520769,100000.0,1.5266,0.9679226494691734,0.5528463505308266,0.5711679035861159
2025-07-08,12212.866,152560.866,140348.0,1.525609,100000.0,1.5208,0.9760460311536268,0.5495629688463731,0.5630502571654568
2025-07-09,12212.866,149422.866,137210.0,1.494229,100000.0,1.5256,0.9743245716959976,0.5199044283040025,0.5336049643077458
2025-07-10,12212.866,151372.866,139160.0,1.513729,100000.0,1.4942,0.9788707273802688,0.5348582726197312,0.5464033785657898
2025-07-11,14212.866,151356.866,137144.0,1.513569,100000.0,1.5137,0.980038212831128,0.533530787168872,0.5443979430430694
2025-07-14,14212.866,151630.866,137418.0,1.516309,100000.0,1.5136,0.980736551087305,0.535572448912695,0.5460920655184376
2025-07-15,14212.866,151000.866,136788.0,1.510009,100000.0,1.5163,0.981077469434822,0.5289315305651779,0.5391332968535953
2025-07-16,14212.866,150722.866,136510.0,1.507229,100000.0,1.51,0.9781817627919598,0.5290472372080401,0.5408475779573068
2025-07-17,59154.366,150370.366,91216.0,1.503704,100000.0,1.5072,0.9848431940372898,0.5188608059627101,0.5268461102276392
2025-07-18,59154.366,151538.366,92384.0,1.515384,100000.0,1.5037,0.9907157969566844,0.5246682030433155,0.5295849775031443
2025-07-21,59154.366,152402.366,93248.0,1.524024,100000.0,1.5154,0.9973209617842124,0.5267030382157877,0.5281178862153997
2025-07-22,59154.366,153114.366,93960.0,1.531144,100000.0,1.524,1.0054621387912597,0.5256818612087406,0.5228261124190134
2025-07-23,59154.366,154058.366,94904.0,1.540584,100000.0,1.5311,1.0056599378296334,0.5349240621703666,0.5319134650275656
2025-07-24,59154.366,154354.366,95200.0,1.543544,100000.0,1.5406,1.0128045035396676,0.5307394964603325,0.5240295581283871
2025-07-25,59154.366,153258.366,94104.0,1.532584,100000.0,1.5435,1.0074650768014606,0.5251189231985394,0.521227916768795
2025-07-28,59154.366,154746.366,95592.0,1.547464,100000.0,1.5326,1.0095792294752224,0.5378847705247776,0.5327811377462364
2025-07-29,59154.366,153762.366,94608.0,1.537624,100000.0,1.5475,1.0135338676600645,0.5240901323399358,0.5170918792776975
2025-07-30,59154.366,155290.366,96136.0,1.552904,100000.0,1.5376,1.013341805111141,0.5395621948888591,0.5324582408101493
2025-07-31,59154.366,152066.366,92912.0,1.520664,100000.0,1.5529,0.9948759967486038,0.5257880032513962,0.5284960185688932
2025-08-01,7488.0732,151800.0732,144312.0,1.518001,100000.0,1.5207,0.9898321334753644,0.5281688665246355,0.5335943829891645
2025-08-04,7488.0732,151342.0732,143854.0,1.513421,100000.0,1.518,0.9936825872475468,0.5197384127524531,0.5230426893079647
2025-08-05,7488.0732,152932.0732,145444.0,1.529321,100000.0,1.5134,1.0016764951445714,0.5276445048554286,0.5267613919394944
2025-08-06,7488.0732,153014.0732,145526.0,1.530141,100000.0,1.5293,1.004126147014114,0.5260148529858859,0.5238533570209802
2025-08-07,7488.0732,152716.0732,145228.0,1.527161,100000.0,1.5301,1.0044143873010598,0.5227466126989402,0.5204491485865723
2025-08-08,7488.0732,152250.0732,144762.0,1.522501,100000.0,1.5272,1.0020467794359569,0.5204542205640432,0.519391141456492
2025-08-11,7488.0732,153471.0732,145983.0,1.534711,100000.0,1.5225,1.006329300711437,0.5283816992885633,0.5250584464896504
2025-08-12,7488.0732,152868.0732,145380.0,1.528681,100000.0,1.5347,1.0115323210536875,0.5171486789463124,0.511252748115465
2025-08-13,7488.0732,152725.0732,145237.0,1.527251,100000.0,1.5287,1.019527376248602,0.5077236237513978,0.4979990097172184
2025-08-14,7488.0732,152556.0732,145068.0,1.525561,100000.0,1.5273,1.0187304924268428,0.5068305075731572,0.4975118653470105
2025-08-15,7488.0732,154664.0732,147176.0,1.546641,100000.0,1.5256,1.0258193775733162,0.5208216224266837,0.5077127940970876
2025-08-18,7488.0732,155021.0732,147533.0,1.550211,100000.0,1.5466,1.034865748205068,0.515345251794932,0.4979827119496196
2025-08-19,7488.0732,153319.0732,145831.0,1.533191,100000.0,1.5502,1.0309506795921382,0.5022403204078618,0.4871623156663098
2025-08-20,7488.0732,155380.0732,147892.0,1.553801,100000.0,1.5332,1.0426730615260924,0.5111279384739076,0.4902092106664797
2025-08-21,7488.0732,155584.0732,148096.0,1.555841,100000.0,1.5538,1.0467435035660555,0.5090974964339445,0.486363177511536
2025-08-22,7488.0732,157416.0732,149928.0,1.574161,100000.0,1.5558,1.0686952178988405,0.5054657821011597,0.4729746831795083
2025-08-25,7488.0732,160247.0732,152759.0,1.602471,100000.0,1.5742,1.0909635376281093,0.5115074623718907,0.4688584400208018
2025-08-26,7488.0732,160035.0732,152547.0,1.600351,100000.0,1.6025,1.086903763017465,0.5134472369825351,0.4723943871139995
2025-08-27,7488.0732,156393.0732,148905.0,1.563931,100000.0,1.6004,1.0706795306262722,0.4932514693737277,0.4606901087248864
2025-08-28,7488.0732,157107.0732,149619.0,1.571071,100000.0,1.5639,1.0896356745785687,0.4814353254214314,0.4418314640878777
2025-08-29,7488.0732,160431.0732,152943.0,1.604311,100000.0,1.5711,1.0976855803768684,0.5066254196231317,0.461539650952864
2025-09-01,24052.932,158598.932,134546.0,1.585989,100000.0,1.6043,1.1042647235118248,0.4817242764881753,0.4362398492239951
2025-09-02,24052.932,157494.932,133442.0,1.574949,100000.0,1.586,1.0961461751248658,0.4788028248751341,0.4368056339024238
2025-09-03,24052.932,160584.932,136532.0,1.605849,100000.0,1.5749,1.0886708702847652,0.5171781297152349,0.4750546228723433
2025-09-04,24052.932,158522.932,134470.0,1.585229,100000.0,1.6058,1.0655732982868795,0.5196557017131205,0.4876771054122415
2025-09-05,24052.932,165740.932,141688.0,1.657409,100000.0,1.5852,1.088791775953908,0.5686172240460918,0.5222460681684677
2025-09-08,24052.932,164102.932,140050.0,1.641029,100000.0,1.6574,1.0905611534063948,0.5504678465936053,0.5047565144551549
2025-09-09,24052.932,163542.932,139490.0,1.635429,100000.0,1.641,1.0829170004917004,0.5525119995082997,0.5102071527711085
2025-09-10,24052.932,161854.932,137802.0,1.618549,100000.0,1.6354,1.0851399511802755,0.5334090488197245,0.4915578384516677
2025-09-11,24052.932,163866.932,139814.0,1.638669,100000.0,1.6185,1.1102022097884945,0.5284667902115057,0.4760094922817568
2025-09-12,24052.932,163489.932,139437.0,1.634899,100000.0,1.6387,1.1038465456361757,0.5310524543638244,0.4810926450449369
2025-09-15,24052.932,166268.932,142216.0,1.662689,100000.0,1.6349,1.1065457958233011,0.5561432041766989,0.5025939335505882
2025-09-16,24052.932,165421.932,141369.0,1.654219,100000.0,1.6627,1.1041733302501102,0.5500456697498899,0.4981515625135566
2025-09-17,24052.932,168039.932,143987.0,1.680399,100000.0,1.6542,1.1109317203724514,0.5694672796275486,0.5126033123229472
2025-09-18,24052.932,164165.932,140113.0,1.641659,100000.0,1.6804,1.0980150989772646,0.5436439010227354,0.4951151414303021
2025-09-19,24052.932,165833.932,141781.0,1.658339,100000.0,1.6417,1.0989452646390243,0.5593937353609757,0.5090278409313884
2025-09-22,75446.034,165728.034,90282.0,1.65728,100000.0,1.6583,1.103995450255956,0.553284549744044,0.5011656068109407
2025-09-23,75446.034,166483.034,91037.0,1.66483,100000.0,1.6573,1.1033046548731418,0.5615253451268583,0.5089485869987764
2025-09-24,75446.034,167892.034,92446.0,1.67892,100000.0,1.6648,1.1146049776470952,0.5643150223529048,0.5062914966916445
2025-09-25,75446.034,171998.034,96552.0,1.71998,100000.0,1.6789,1.1212975568096122,0.5986824431903879,0.5339193326112273
2025-09-26,75446.034,171026.034,95580.0,1.71026,100000.0,1.72,1.1106938879608907,0.5995661120391091,0.5398122007674366
2025-09-29,75446.034,175600.034,100154.0,1.756,100000.0,1.7103,1.1277823041798651,0.6282176958201349,0.5570380857119239
2025-09-30,75908.034,177932.034,102024.0,1.77932,100000.0,1.756,1.1328208215331486,0.6464991784668515,0.5706985307631314
2025-10-09,23800.7928,184839.7928,161039.0,1.848398,100000.0,1.7793,1.149612502578672,0.6987854974213281,0.607844378739703
2025-10-10,23800.7928,177688.7928,153888.0,1.776888,100000.0,1.8484,1.126996600409886,0.6498913995901141,0.5766578172052605
2025-10-13,23800.7928,176923.7928,153123.0,1.769238,100000.0,1.7769,1.121417412823239,0.647820587176761,0.5776801570664325
2025-10-14,23800.7928,175418.7928,151618.0,1.754188,100000.0,1.7692,1.108012555149326,0.646175444850674,0.5831842264310709
2025-10-15,23800.7928,180724.7928,156924.0,1.807248,100000.0,1.7542,1.1244222104080357,0.6828257895919645,0.6072681447160115
2025-10-16,23800.7928,181318.7928,157518.0,1.813188,100000.0,1.8072,1.1273841674014031,0.6858038325985969,0.6083142307908762
2025-10-17,23800.7928,178007.7928,154207.0,1.780078,100000.0,1.8132,1.1019514292170518,0.6781265707829482,0.6153869878500584
2025-10-20,23800.7928,176061.7928,152261.0,1.760618,100000.0,1.7801,1.1078064565091938,0.6528115434908062,0.5892830283259758
2025-10-21,23800.7928,177416.7928,153616.0,1.774168,100000.0,1.7606,1.124808776565223,0.6493592234347769,0.5773063270520482
2025-10-22,23800.7928,175228.7928,151428.0,1.752288,100000.0,1.7742,1.1210735896151067,0.6312144103848933,0.5630445817581033
2025-10-23,23800.7928,176899.7928,153099.0,1.768998,100000.0,1.7523,1.1244360756250906,0.6445619243749094,0.5732312741892311
2025-10-24,23800.7928,177838.7928,154038.0,1.778388,100000.0,1.769,1.1377004991551354,0.6406875008448647,0.5631424978020523
2025-10-27,23800.7928,180404.7928,156604.0,1.804048,100000.0,1.7784,1.1512081254272906,0.6528398745727095,0.5670910933940785
2025-10-28,23800.7928,177734.7928,153934.0,1.777348,100000.0,1.804,1.1453384517791048,0.6320095482208952,0.5518102943624803
2025-10-29,23800.7928,187073.7928,163273.0,1.870738,100000.0,1.7773,1.158975380964535,0.7117626190354653,0.614130921782924
2025-10-30,23800.7928,189419.7928,165619.0,1.894198,100000.0,1.8707,1.149717224024387,0.7444807759756131,0.6475338112876892
2025-10-31,23800.7928,186068.7928,162268.0,1.860688,100000.0,1.8942,1.1328144991894569,0.727873500810543,0.6425354736643516
2025-11-03,5419.677,186833.677,181414.0,1.868337,100000.0,1.8607,1.1359232370809789,0.732413762919021,0.6447739944128004
2025-11-04,5419.677,183834.677,178415.0,1.838347,100000.0,1.8683,1.1274518335663268,0.7108951664336731,0.6305326269992286
2025-11-05,5419.677,185124.677,179705.0,1.851247,100000.0,1.8383,1.1295408921500667,0.7217061078499334,0.638937565576909
2025-11-06,5419.677,186852.677,181433.0,1.868527,100000.0,1.8512,1.1456875720860067,0.7228394279139934,0.6309219420071792
2025-11-07,5419.677,189696.677,184277.0,1.896967,100000.0,1.8685,1.1421214773164183,0.7548455226835817,0.6609152683628732
2025-11-10,5419.677,191179.677,185760.0,1.911797,100000.0,1.897,1.1460897366123812,0.7657072633876187,0.6681041099372382
2025-11-11,5419.677,188935.677,183516.0,1.889357,100000.0,1.9118,1.135621204808759,0.7537357951912409,0.6637211351809615
2025-11-12,5419.677,184720.677,179301.0,1.847207,100000.0,1.8894,1.1340936875157457,0.7131133124842546,0.6287957691099959
2025-11-13,5419.677,189509.677,184090.0,1.895097,100000.0,1.8472,1.147804116997923,0.7472928830020771,0.6510630794360788
2025-11-14,5419.677,189561.677,184142.0,1.895617,100000.0,1.8951,1.1297563888686613,0.7658606111313389,0.6778988980963163
2025-11-17,5419.677,186110.677,180691.0,1.861107,100000.0,1.8956,1.1224119003986266,0.7386950996013735,0.6581319204999738
2025-11-18,5419.677,183154.677,177735.0,1.831547,100000.0,1.8611,1.1151229704391856,0.7164240295608144,0.6424619064914916
2025-11-19,5419.677,185949.677,180530.0,1.859497,100000.0,1.8315,1.120029353250359,0.739467646749641,0.6602216670515677
2025-11-20,5419.677,181849.677,176430.0,1.818497,100000.0,1.8595,1.1143309687361074,0.7041660312638927,0.6319182101369483
2025-11-21,59984.6502,175174.6502,115190.0,1.751747,100000.0,1.8185,1.087152043163006,0.664594956836994,0.6113173966940202
2025-11-24,59984.6502,174384.6502,114400.0,1.743847,100000.0,1.7517,1.085794862990784,0.658052137009216,0.6060556735336124
2025-11-25,59984.6502,176474.6502,116490.0,1.764747,100000.0,1.7438,1.0961344336294387,0.6686125663705613,0.6099731436742675
2025-11-26,59984.6502,176624.6502,116640.0,1.766247,100000.0,1.7647,1.102779192439472,0.6634678075605278,0.6016325045931108
2025-11-27,59984.6502,176524.6502,116540.0,1.765247,100000.0,1.7662,1.1022365937692291,0.6630104062307707,0.6015136949532112
2025-11-28,59984.6502,176134.6502,116150.0,1.761347,100000.0,1.7652,1.104984958070289,0.6563620419297109,0.5940008840264765
2025-12-01,66018.2976,178490.2976,112472.0,1.784903,100000.0,1.7613,1.117147292129211,0.667755707870789,0.5977329154135884
2025-12-02,66018.2976,179504.2976,113486.0,1.795043,100000.0,1.7849,1.1117401259943007,0.6833028740056992,0.6146246393639678
2025-12-03,66018.2976,179450.2976,113432.0,1.794503,100000.0,1.795,1.1060558508030385,0.6884471491969617,0.6224343451527543
2025-12-04,66018.2976,179527.2976,113509.0,1.795273,100000.0,1.7945,1.1098438378666928,0.6854291621333071,0.6175906364005386
2025-12-05,66018.2976,180064.2976,114046.0,1.800643,100000.0,1.7953,1.119112637825566,0.681530362174434,0.6089917485863141
2025-12-08,66018.2976,179419.2976,113401.0,1.794193,100000.0,1.8006,1.1281976992478673,0.6659953007521326,0.5903179036760402
2025-12-09,66018.2976,178110.2976,112092.0,1.781103,100000.0,1.7942,1.1224535692815718,0.6586494307184283,0.5867943661491477
2025-12-10,120157.8246,176206.8246,56049.0,1.762068,100000.0,1.7811,1.1208922921378768,0.6411757078621232,0.5720225862551069
2025-12-11,120157.8246,175667.8246,55510.0,1.756678,100000.0,1.7621,1.1112153226466517,0.6454626773533485,0.5808619303556843
2025-12-12,120157.8246,175681.8246,55524.0,1.756818,100000.0,1.7567,1.1182370786612568,0.6385809213387432,0.5710604070679237
2025-12-15,120157.8246,176444.8246,56287.0,1.764448,100000.0,1.7568,1.1111847605837062,0.6532632394162938,0.5878979469383059
2025-12-16,120157.8246,176129.8246,55972.0,1.761298,100000.0,1.7644,1.0978797422368265,0.6634182577631738,0.6042722460763523
2025-12-17,120157.8246,176486.8246,56329.0,1.764868,100000.0,1.7613,1.1179746647821354,0.6468933352178647,0.5786296913480842
2025-12-18,120157.8246,176038.8246,55881.0,1.760388,100000.0,1.7649,1.1113636902333768,0.6490243097666233,0.5839891256752627
2025-12-19,120157.8246,175772.8246,55615.0,1.757728,100000.0,1.7604,1.1151193820819547,0.6426086179180452,0.5762688984190012
2025-12-22,120157.8246,175569.8246,55412.0,1.755698,100000.0,1.7577,1.125724662029841,0.6299733379701591,0.5596158272256628
2025-12-23,120157.8246,175912.8246,55755.0,1.759128,100000.0,1.7557,1.127948613552746,0.6311793864472541,0.5595816856046327
2025-12-24,175246.1166,175246.1166,0.0,1.752461,100000.0,1.7591,1.131201203071213,0.621259796928787,0.54920362110831
2025-12-25,175246.1166,175246.1166,0.0,1.752461,100000.0,1.7525,1.1332705134848868,0.6191904865151132,0.5463748320875823
2025-12-26,175246.1166,175246.1166,0.0,1.752461,100000.0,1.7525,1.136859920371179,0.6156010796288214,0.5414924641092378
2025-12-29,175246.1166,175246.1166,0.0,1.752461,100000.0,1.7525,1.1324982599518745,0.6199627400481256,0.5474293091403697
2025-12-30,175246.1166,175246.1166,0.0,1.752461,100000.0,1.7525,1.1354054883948246,0.6170555116051755,0.5434670854705268
2025-12-31,175246.1166,175246.1166,0.0,1.752461,100000.0,1.7525,1.1301957063182004,0.6222652936817996,0.550581894978996
2026-01-05,12353.907,175115.907,162762.0,1.751159,100000.0,1.7525,1.151629720786017,0.5995292792139826,0.5205920517619049
2026-01-06,12353.907,181027.907,168674.0,1.810279,100000.0,1.7512,1.169436784874883,0.640842215125117,0.5479921817182107
2026-01-07,12353.907,178470.907,166117.0,1.784709,100000.0,1.8103,1.1660124668318002,0.6186965331682,0.5306088491911882
2026-01-08,12353.907,176009.907,163656.0,1.760099,100000.0,1.7847,1.1564893573108168,0.6036096426891833,0.5219327258598869
2026-01-09,12353.907,175375.907,163022.0,1.753759,100000.0,1.7601,1.1616811243695069,0.5920778756304932,0.5096733201650656
2026-01-12,12353.907,176944.907,164591.0,1.769449,100000.0,1.7538,1.169246797226399,0.6002022027736011,0.5133237945978184
2026-01-13,12353.907,176777.907,164424.0,1.767779,100000.0,1.7694,1.162196261122167,0.605582738877833,0.5210675332005528
2026-01-14,59192.937,176562.937,117370.0,1.765629,100000.0,1.7678,1.1575333983908185,0.6080956016091816,0.5253374135506976
2026-01-15,59192.937,175892.937,116700.0,1.758929,100000.0,1.7656,1.1598520874267344,0.5990769125732656,0.5165114750988522
2026-01-16,59192.937,175334.937,116142.0,1.753349,100000.0,1.7589,1.155078229727166,0.598270770272834,0.5179482695420101
2026-01-19,59192.937,173768.937,114576.0,1.737689,100000.0,1.7533,1.1557087065336724,0.5819802934663276,0.5035700520175765
2026-01-20,59192.937,171028.937,111836.0,1.710289,100000.0,1.7377,1.1519061707563472,0.5583828292436528,0.484746799192
2026-01-21,110785.779,171793.779,61008.0,1.717938,100000.0,1.7103,1.1529292187260192,0.5650087812739808,0.4900637195215787
2026-01-22,110785.779,171041.779,60256.0,1.710418,100000.0,1.7179,1.153085422113228,0.5573325778867719,0.4833402341219124
2026-01-23,110785.779,170881.779,60096.0,1.708818,100000.0,1.7104,1.1479073249868457,0.5609106750131543,0.4886375953908839
2026-01-26,110785.779,173985.779,63200.0,1.739858,100000.0,1.7088,1.1489978438366937,0.5908601561633064,0.5142395691451664
2026-01-27,110785.779,175761.779,64976.0,1.757618,100000.0,1.7399,1.1486872922673743,0.6089307077326256,0.5301100759377844
2026-01-28,110785.779,178465.779,67680.0,1.784658,100000.0,1.7576,1.151689697614017,0.6329683023859831,0.5495996913902406
2026-01-29,110785.779,180305.779,69520.0,1.803058,100000.0,1.7847,1.16044780354823,0.6426101964517701,0.5537605349304815
2026-01-30,110785.779,175009.779,64224.0,1.750098,100000.0,1.8031,1.1488455461444298,0.6012524538555701,0.5233536012507483
2026-02-02,57097.863,169318.863,112221.0,1.693189,100000.0,1.7501,1.1243470257803438,0.5688419742196562,0.5059309636407461
2026-02-03,57097.863,172833.863,115736.0,1.728339,100000.0,1.6932,1.1375598697265203,0.5907791302734797,0.5193389341481502
2026-02-04,57097.863,174013.863,116916.0,1.740139,100000.0,1.7283,1.146976451417877,0.593162548582123,0.5171532055857497
2026-02-05,57097.863,171462.863,114365.0,1.714629,100000.0,1.7401,1.140076943655052,0.574552056344948,0.5039590174527622
2026-02-06,57097.863,170101.863,113004.0,1.701019,100000.0,1.7146,1.1335293145961836,0.5674896854038165,0.5006396200754482
2026-02-09,57097.863,172585.863,115488.0,1.725859,100000.0,1.701,1.1519495483808304,0.5739094516191696,0.4982071067485998
2026-02-10,57097.863,172443.863,115346.0,1.724439,100000.0,1.7259,1.153228590243558,0.5712104097564421,0.4953141247008144
2026-02-11,57097.863,173285.863,116188.0,1.732859,100000.0,1.7244,1.1506710679617511,0.5821879320382486,0.505955131964438
2026-02-12,57097.863,173007.863,115910.0,1.730079,100000.0,1.7329,1.1520769960890067,0.5780020039109932,0.5017043182644523
2026-02-13,57097.863,170575.863,113478.0,1.705759,100000.0,1.7301,1.1376326621160588,0.5681263378839412,0.4993934833298432
2026-02-24,57097.863,172589.863,115492.0,1.725899,100000.0,1.7058,1.149139425278452,0.5767595747215479,0.5019056539477715
2026-02-25,57097.863,173090.863,115993.0,1.730909,100000.0,1.7259,1.156057826840574,0.5748511731594259,0.4972512272421998
2026-02-26,57097.863,172029.863,114932.0,1.720299,100000.0,1.7309,1.1538579685733614,0.5664410314266386,0.4909105339255839
2026-02-27,57097.863,172402.863,115305.0,1.724029,100000.0,1.7203,1.1498968615812668,0.5741321384187332,0.4992901168798933
2026-03-02,68350.4538,173823.4538,105473.0,1.738235,100000.0,1.724,1.1542961143144177,0.5839388856855825,0.5058830905208471
2026-03-03,68350.4538,170359.4538,102009.0,1.703595,100000.0,1.7382,1.1365318908169804,0.5670631091830196,0.498941660823432
2026-03-04,68350.4538,169489.4538,101139.0,1.694895,100000.0,1.7036,1.1235280015503646,0.5713669984496355,0.5085471814331302
2026-03-05,68350.4538,168323.4538,99973.0,1.683235,100000.0,1.6949,1.1345292213233067,0.5487057786766933,0.4836418210865356
2026-03-06,68350.4538,167100.4538,98750.0,1.671005,100000.0,1.6832,1.137640815254257,0.5333641847457431,0.4688335523778997
2026-03-09,119244.2058,168004.2058,48760.0,1.680042,100000.0,1.671,1.1266599783268096,0.5533820216731904,0.4911703906399622
2026-03-10,119244.2058,167544.2058,48300.0,1.675442,100000.0,1.68,1.1411357287334718,0.5343062712665283,0.4682232426983477
2026-03-11,119244.2058,168854.2058,49610.0,1.688542,100000.0,1.6754,1.148395365980825,0.540146634019175,0.4703490191793353
2026-03-12,119244.2058,168794.2058,49550.0,1.687942,100000.0,1.6885,1.144261236702664,0.543680763297336,0.4751369231592797
2026-03-13,119244.2058,169079.2058,49835.0,1.690792,100000.0,1.6879,1.1397647809865683,0.5510272190134315,0.4834569625291176
2026-03-16,119244.2058,171554.2058,52310.0,1.715542,100000.0,1.6908,1.1403552976516684,0.5751867023483315,0.5043925376001781
2026-03-17,119244.2058,170679.2058,51435.0,1.706792,100000.0,1.7155,1.1320264275919178,0.5747655724080822,0.5077315850573749
2026-03-18,119244.2058,170089.2058,50845.0,1.700892,100000.0,1.7068,1.1371265816935532,0.5637654183064469,0.4957807049649791
2026-03-19,119244.2058,170399.2058,51155.0,1.703992,100000.0,1.7009,1.1187987908261372,0.5851932091738627,0.523054917445654
2026-03-20,119244.2058,170759.2058,51515.0,1.707592,100000.0,1.704,1.1148361703772511,0.5927558296227489,0.5316977017548374
2026-03-23,119244.2058,173059.2058,53815.0,1.730592,100000.0,1.7076,1.078459308797936,0.652132691202064,0.6046891949302557
2026-03-24,119244.2058,172564.2058,53320.0,1.725642,100000.0,1.7306,1.09230629113963,0.6333357088603699,0.5798151251143993
2026-03-25,119244.2058,172544.2058,53300.0,1.725442,100000.0,1.7256,1.1076222785819425,0.6178197214180576,0.5577891790051703
2026-03-26,119244.2058,170814.2058,51570.0,1.708142,100000.0,1.7254,1.0929926926156317,0.6151493073843686,0.5628119122299529
2026-03-27,119244.2058,171894.2058,52650.0,1.718942,100000.0,1.7081,1.0991040067279496,0.6198379932720504,0.563948442984316
2026-03-30,119244.2058,172269.2058,53025.0,1.722692,100000.0,1.7189,1.0965116505293515,0.6261803494706482,0.5710658424544359
2026-03-31,119244.2058,171869.2058,52625.0,1.718692,100000.0,1.7227,1.0862834410178177,0.6324085589821824,0.5821763778242195
2026-04-01,170502.4833,170502.4833,0.0,1.705025,100000.0,1.7187,1.1048397638607066,0.6001852361392934,0.5432328340917336
2026-04-02,170502.4833,170502.4833,0.0,1.705025,100000.0,1.705,1.093329509983456,0.6116954900165439,0.5594795388133262
2026-04-03,170502.4833,170502.4833,0.0,1.705025,100000.0,1.705,1.0840229224259894,0.6210020775740106,0.5728680314104786
2026-04-07,170502.4833,170502.4833,0.0,1.705025,100000.0,1.705,1.0839807653311764,0.6210442346688236,0.5729292018194465
2026-04-08,170502.4833,170502.4833,0.0,1.705025,100000.0,1.705,1.12180248993423,0.58322251006577,0.5198976783336999
2026-04-09,170502.4833,170502.4833,0.0,1.705025,100000.0,1.705,1.1146423014444156,0.5903826985555845,0.5296611278708279
2026-04-10,170502.4833,170502.4833,0.0,1.705025,100000.0,1.705,1.131813152237324,0.573211847762676,0.5064544855567132
2026-04-13,170502.4833,170502.4833,0.0,1.705025,100000.0,1.705,1.13415390844968,0.5708710915503201,0.5033453460744728
2026-04-14,170502.4833,170502.4833,0.0,1.705025,100000.0,1.705,1.1476112488994172,0.5574137511005828,0.4857165278182433
2026-04-15,170502.4833,170502.4833,0.0,1.705025,100000.0,1.705,1.1436964488030148,0.5613285511969852,0.4908020408601146
2026-04-16,170502.4833,170502.4833,0.0,1.705025,100000.0,1.705,1.1562340469143768,0.5487909530856232,0.4746365621650501
2026-04-17,170502.4833,170502.4833,0.0,1.705025,100000.0,1.705,1.1542967978110328,0.5507282021889672,0.4771114354933223
2026-04-20,170502.4833,170502.4833,0.0,1.705025,100000.0,1.705,1.161319798765902,0.5437052012340982,0.468178706512949
2026-04-21,170502.4833,170502.4833,0.0,1.705025,100000.0,1.705,1.163896361310566,0.5411286386894341,0.4649285423318228
2026-04-22,170502.4833,170502.4833,0.0,1.705025,100000.0,1.705,1.1716174320050847,0.5334075679949153,0.4552745234270297
2026-04-23,170502.4833,170502.4833,0.0,1.705025,100000.0,1.705,1.1683708963137824,0.5366541036862176,0.4593182741707831
2026-04-24,170502.4833,170502.4833,0.0,1.705025,100000.0,1.705,1.1642312258309182,0.5407937741690818,0.4645071890964909
2026-04-27,170502.4833,170502.4833,0.0,1.705025,100000.0,1.705,1.1646164494054685,0.5404085505945317,0.4640227697886356
2026-04-28,170502.4833,170502.4833,0.0,1.705025,100000.0,1.705,1.1615068815537708,0.5435181184462292,0.4679422283914101
2026-04-29,170502.4833,170502.4833,0.0,1.705025,100000.0,1.705,1.1742341987970892,0.5307908012029108,0.452031461651061
2026-04-30,170502.4833,170502.4833,0.0,1.705025,100000.0,1.705,1.1734921411681207,0.5315328588318793,0.4529496535893111
2026-05-06,22696.3329,170384.3329,147688.0,1.703843,100000.0,1.705,1.1905273911146557,0.5133156088853443,0.4311665676207097
2026-05-07,22696.3329,169782.3329,147086.0,1.697823,100000.0,1.7038,1.1962435221303136,0.5015794778696865,0.4192954599883272
2026-05-08,22696.3329,168690.3329,145994.0,1.686903,100000.0,1.6978,1.1892626782702578,0.4976403217297422,0.4184444116698786
2026-05-11,22696.3329,169799.3329,147103.0,1.697993,100000.0,1.6869,1.2087726985869507,0.4892203014130494,0.4047248105329857
2026-05-12,22696.3329,167335.3329,144639.0,1.673353,100000.0,1.698,1.207847512686246,0.4655054873137541,0.3854008742200185
2026-05-13,22696.3329,166565.3329,143869.0,1.665653,100000.0,1.6734,1.2201248694613,0.4455281305387,0.3651496184447138
2026-05-14,22696.3329,165692.3329,142996.0,1.656923,100000.0,1.6657,1.1996823156552872,0.4572406843447127,0.3811348040876638
2026-05-15,72581.3979,164483.3979,91902.0,1.644834,100000.0,1.6569,1.1862554152155278,0.4585785847844721,0.3865765996955672
2026-05-18,114250.158,163948.158,49698.0,1.639482,100000.0,1.6448,1.179891817620352,0.4595901823796482,0.3895189164940276
2026-05-19,114250.158,162850.158,48600.0,1.628502,100000.0,1.6395,1.1846175864509096,0.4438844135490902,0.3747069253622672
2026-05-20,114250.158,163150.158,48900.0,1.631502,100000.0,1.6285,1.184084654375656,0.447417345624344,0.3778592552238236
2026-05-21,114250.158,163150.158,48900.0,1.631502,100000.0,1.6315,1.1675825073785289,0.4639194926214711,0.3973333701813237
2026-05-22,114250.158,162418.158,48168.0,1.624182,100000.0,1.6315,1.1827165870787746,0.4414654129212254,0.3732639059469127
2026-05-25,114250.158,162136.158,47886.0,1.621362,100000.0,1.6242,1.2013911304255318,0.4199708695744681,0.3495704762076235
2026-05-26,114250.158,161980.158,47730.0,1.619802,100000.0,1.6214,1.2077993749960485,0.4120026250039514,0.3411184287169377
2026-05-27,114250.158,162268.158,48018.0,1.622682,100000.0,1.6198,1.1981137641547572,0.4245682358452427,0.3543638747400304
2026-05-28,114250.158,161620.158,47370.0,1.616202,100000.0,1.6227,1.1995886277977927,0.4166133722022072,0.3472968670660266
2026-05-29,114250.158,162760.158,48510.0,1.627602,100000.0,1.6162,1.1941958395023988,0.4334061604976011,0.362927206879396
2026-06-01,11745.2196,163188.2196,151443.0,1.631882,100000.0,1.6276,1.182511538094159,0.4493704619058409,0.3800135960026964
2026-06-02,11745.2196,164869.2196,153124.0,1.648692,100000.0,1.6319,1.199673039629793,0.449018960370207,0.3742844471263351
2026-06-03,11745.2196,164352.2196,152607.0,1.643522,100000.0,1.6487,1.205592608530902,0.4379293914690978,0.3632482385594127
2026-06-04,11745.2196,163395.2196,151650.0,1.633952,100000.0,1.6435,1.197277457224646,0.436674542775354,0.3647229304622414
2026-06-05,11745.2196,163372.2196,151627.0,1.633722,100000.0,1.634,1.1758387315123016,0.4578832684876983,0.3894099218000695
2026-06-08,11745.2196,163774.2196,152029.0,1.637742,100000.0,1.6337,1.150626469807599,0.487115530192401,0.4233481003386388
2026-06-09,11745.2196,163695.2196,151950.0,1.636952,100000.0,1.6377,1.1721504617227128,0.4648015382772872,0.3965374356412974
2026-06-10,11745.2196,165266.2196,153521.0,1.652662,100000.0,1.637,1.1591597785871302,0.4935022214128699,0.4257413261995573
2026-06-11,11745.2196,166295.2196,154550.0,1.662952,100000.0,1.6527,1.152768841127339,0.5101831588726611,0.442571954298949
2026-06-12,11745.2196,166557.2196,154812.0,1.665572,100000.0,1.663,1.166172307397428,0.4993996926025721,0.4282383395958811
2026-06-15,11745.2196,163321.2196,151576.0,1.633212,100000.0,1.6656,1.1940960734071462,0.4391159265928539,0.3677391931621656
2026-06-16,63339.0603,160856.0603,97517.0,1.608561,100000.0,1.6332,1.1922700633779564,0.4162909366220435,0.3491582565132953
2026-06-17,63339.0603,160570.0603,97231.0,1.605701,100000.0,1.6086,1.2037806101823274,0.4019203898176726,0.3338817608607243
2026-06-18,158453.2509,158453.2509,0.0,1.584533,100000.0,1.6057,1.2062735420339803,0.3782594579660197,0.3135768503454121
2026-06-22,158453.2509,158453.2509,0.0,1.584533,100000.0,1.5845,1.23509259096748,0.3494404090325198,0.2829264879313979
2026-06-23,158453.2509,158453.2509,0.0,1.584533,100000.0,1.5845,1.200851314562938,0.3836816854370619,0.3195080696370032
2026-06-24,158453.2509,158453.2509,0.0,1.584533,100000.0,1.5845,1.2066204409768817,0.3779125590231182,0.3131992018278422
2026-06-25,158453.2509,158453.2509,0.0,1.584533,100000.0,1.5845,1.2254371272090456,0.3590958727909543,0.2930349218395247
2026-06-26,158453.2509,158453.2509,0.0,1.584533,100000.0,1.5845,1.1883615123934657,0.3961714876065343,0.3333762356613263
2026-06-29,158453.2509,158453.2509,0.0,1.584533,100000.0,1.5845,1.2026906527761274,0.3818423472238725,0.3174900763903665
2026-06-30,158453.2509,158453.2509,0.0,1.584533,100000.0,1.5845,1.2155090947646328,0.3690239052353672,0.3035961695595734
2026-07-01,9837.4533,158334.4533,148497.0,1.583345,100000.0,1.5845,1.2105157858303384,0.3728292141696616,0.3079920299543421
2026-07-02,9837.4533,157090.4533,147253.0,1.570905,100000.0,1.5833,1.174709936851991,0.3961950631480087,0.3372705471528905
2026-07-03,9837.4533,156953.4533,147116.0,1.569535,100000.0,1.5709,1.182003333950026,0.3875316660499739,0.3278600448231548
2026-07-06,9837.4533,157663.4533,147826.0,1.576635,100000.0,1.5695,1.1819604445374103,0.3946745554625896,0.3339151976587975
2026-07-07,9837.4533,157007.4533,147170.0,1.570075,100000.0,1.5766,1.1698196894430597,0.4002553105569404,0.3421512855092208
2026-07-08,55563.9315,156086.9315,100523.0,1.560869,100000.0,1.5701,1.1608540202331104,0.4000149797668897,0.3445868066051603
2026-07-09,55563.9315,155924.9315,100361.0,1.559249,100000.0,1.5609,1.19033681761193,0.3689121823880701,0.309922516828629
2026-07-10,55563.9315,156214.9315,100651.0,1.562149,100000.0,1.5592,1.1670184029754942,0.3951305970245058,0.3385812905923842
2026-07-13,55563.9315,157801.9315,102238.0,1.578019,100000.0,1.5621,1.1461708530142716,0.4318481469857285,0.3767746718126947
2026-07-14,55563.9315,158516.9315,102953.0,1.585169,100000.0,1.578,1.1708546009611271,0.4143143990388729,0.3538564042868959
2026-07-15,55563.9315,159657.9315,104094.0,1.596579,100000.0,1.5852,1.1684820865667491,0.4280969134332506,0.3663701124345784
2026-07-16,55563.9315,158299.9315,102736.0,1.582999,100000.0,1.5966,1.1469157178614815,0.4360832821385183,0.3802226051550077
2026-07-17,57064.9315,159871.9315,102807.0,1.598719,100000.0,1.583,1.1055790386820263,0.4931399613179736,0.4460467719303467
2026-07-20,57064.9315,162706.9315,105642.0,1.627069,100000.0,1.5987,1.1224773940207369,0.5045916059792632,0.4495338691604342
2026-07-21,57064.9315,162213.9315,105149.0,1.622139,100000.0,1.6271,1.156873848567565,0.4652651514324351,0.4021744912018921
2026-07-22,57064.9315,163215.9315,106151.0,1.632159,100000.0,1.6221,1.1515073016600832,0.4806516983399167,0.417410899303009
2026-07-23,57064.9315,162912.9315,105848.0,1.629129,100000.0,1.6322,1.1541332956563954,0.4749957043436046,0.4115605243616667
2026-07-24,57064.9315,162674.9315,105610.0,1.626749,100000.0,1.6291,1.1348952825820329,0.4918537174179671,0.4333912784437139
2026-07-27,57064.9315,161407.9315,104343.0,1.614079,100000.0,1.6267,1.147890384035022,0.4661886159649779,0.4061264232619921
2026-07-28,57064.9315,163519.9315,106455.0,1.635199,100000.0,1.6141,1.115447802205648,0.5197511977943521,0.4659574358984921
2026-07-29,57064.9315,164237.9315,107173.0,1.642379,100000.0,1.6352,1.12295135010232,0.51942764989768,0.4625557909079063
2026-07-30,57064.9315,166465.9315,109401.0,1.664659,100000.0,1.6424,1.1106136747509583,0.5540453252490418,0.4988641305657251
2026-07-31,57064.9315,164895.9315,107831.0,1.648959,100000.0,1.6647,1.120006065544249,0.5289529344557511,0.4722768480710995
