date,cash,total_value,market_value,unit_net_value,units,static_unit_net_value,benchmark_unit_net_value,arithmetic_excess_unit_net_value,geometric_excess_unit_net_value
2020-01-02,6467.2336,99925.2336,93458.0,0.999252,100000.0,1.0,1.013586618952419,-0.0143346189524189,-0.0141424705934203
2020-01-03,6467.2336,100796.2336,94329.0,1.007962,100000.0,0.9993,1.0118105285867456,-0.0038485285867455,-0.0038036059894741
2020-01-06,6467.2336,101210.2336,94743.0,1.012102,100000.0,1.008,1.0079855106528928,0.0041164893471072,0.0040838774998273
2020-01-07,6467.2336,99603.2336,93136.0,0.996032,100000.0,1.0121,1.0155361954054332,-0.0195041954054331,-0.0192058101854719
2020-01-08,6467.2336,99675.2336,93208.0,0.996752,100000.0,0.996,1.0038410312831274,-0.0070890312831274,-0.0070619062801867
2020-01-09,6467.2336,100225.2336,93758.0,1.002252,100000.0,0.9968,1.0165473554161162,-0.0142953554161162,-0.0140626556549001
2020-01-10,6467.2336,99484.2336,93017.0,0.994842,100000.0,1.0023,1.0162581387054344,-0.0214161387054343,-0.0210735224543593
2020-01-13,6467.2336,103987.2336,97520.0,1.039872,100000.0,0.9948,1.0262184907755172,0.0136535092244827,0.0133046805794394
2020-01-14,6467.2336,105473.2336,99006.0,1.054732,100000.0,1.0399,1.02277608448272,0.0319559155172799,0.0312442928634197
2020-01-15,6467.2336,104323.2336,97856.0,1.043232,100000.0,1.0547,1.0171245927184027,0.0261074072815972,0.0256678557066658
2020-01-16,6467.2336,104577.2336,98110.0,1.045772,100000.0,1.0432,1.0128061146388347,0.0329658853611651,0.0325490583880614
2020-01-17,6467.2336,107177.2336,100710.0,1.071772,100000.0,1.0458,1.0142242724733868,0.0575477275266131,0.056740633298266
2020-01-20,6467.2336,109555.2336,103088.0,1.095552,100000.0,1.0718,1.0217860396353338,0.0737659603646663,0.0721931573766585
2020-01-21,6467.2336,106642.2336,100175.0,1.066422,100000.0,1.0956,1.0043271194296337,0.0620948805703664,0.0618273462590861
2020-01-22,6467.2336,112299.2336,105832.0,1.122992,100000.0,1.0664,1.0086289006633111,0.1143630993366888,0.1133847139036761
2020-01-23,6467.2336,110708.2336,104241.0,1.107082,100000.0,1.123,0.9773760667459828,0.129705933254017,0.1327083173684129
2020-02-03,47022.4432,105580.4432,58558.0,1.055804,100000.0,1.1071,0.9003500259399169,0.1554539740600831,0.1726594875118681
2020-02-04,47022.4432,107902.4432,60880.0,1.079024,100000.0,1.0558,0.9240966023847048,0.1549273976152951,0.1676528159669592
2020-02-05,47022.4432,110912.4432,63890.0,1.109124,100000.0,1.079,0.934566208254437,0.1745577917455629,0.1867794814362038
2020-02-06,47022.4432,111556.4432,64534.0,1.115564,100000.0,1.1091,0.9519582434342032,0.1636057565657968,0.171862324523381
2020-02-07,47022.4432,109642.4432,62620.0,1.096424,100000.0,1.1156,0.9519812382131924,0.1444427617868077,0.1517285803425259
2020-02-10,47022.4432,112140.4432,65118.0,1.121404,100000.0,1.0964,0.9559201071546936,0.1654838928453064,0.1731147735116389
2020-02-11,47022.4432,111278.4432,64256.0,1.112784,100000.0,1.1214,0.9648199898154124,0.1479640101845877,0.1533591879796105
2020-02-12,47022.4432,111776.4432,64754.0,1.117764,100000.0,1.1128,0.9726236171368322,0.1451403828631677,0.1492256411482437
2020-02-13,47022.4432,110928.4432,63906.0,1.109284,100000.0,1.1178,0.9666396775009098,0.1426443224990901,0.1475672122914237
2020-02-14,47022.4432,112034.4432,65012.0,1.120344,100000.0,1.1093,0.9734295816993392,0.1469144183006608,0.1509245466366338
2020-02-17,47022.4432,113458.4432,66436.0,1.134584,100000.0,1.1203,0.9953234185151568,0.1392605814848431,0.1399149049387331
2020-02-18,47022.4432,113780.4432,66758.0,1.137804,100000.0,1.1346,0.9904624638183136,0.1473415361816865,0.1487603433386792
2020-02-19,47022.4432,115380.4432,68358.0,1.153804,100000.0,1.1378,0.9889489826165088,0.1648550173834913,0.1666971909383299
2020-02-20,47022.4432,119094.4432,72072.0,1.190944,100000.0,1.1538,1.011735148674306,0.1792088513256939,0.1771302020696963
2020-02-21,47022.4432,119482.4432,72460.0,1.194824,100000.0,1.1909,1.0129152055807695,0.1819087944192305,0.1795893609030487
2020-02-24,47022.4432,118838.4432,71816.0,1.188384,100000.0,1.1948,1.0088504756196637,0.1795335243803364,0.177958506953235
2020-02-25,47022.4432,120608.4432,73586.0,1.206084,100000.0,1.1884,1.0066573058550443,0.1994266941449554,0.1981078297301626
2020-02-26,47022.4432,119690.4432,72668.0,1.196904,100000.0,1.2061,0.9942471798624518,0.2026568201375481,0.2038294140955818
2020-02-27,47022.4432,119040.4432,72018.0,1.190404,100000.0,1.1969,0.9971424471146328,0.1932615528853672,0.1938153906140449
2020-02-28,47022.4432,114532.4432,67510.0,1.145324,100000.0,1.1904,0.9617892925910116,0.1835347074089883,0.190826315933041
2020-03-02,585.3232,116335.3232,115750.0,1.163353,100000.0,1.1453,0.9934296690892638,0.1699233309107363,0.1710471674019109
2020-03-03,585.3232,116359.3232,115774.0,1.163593,100000.0,1.1634,0.9987256205606134,0.1648673794393866,0.1650777511313286
2020-03-04,585.3232,115177.3232,114592.0,1.151773,100000.0,1.1636,1.0045087098339858,0.1472642901660141,0.1466032984326759
2020-03-05,585.3232,116559.3232,115974.0,1.165593,100000.0,1.1518,1.0268865598958703,0.1387064401041298,0.1350747448853504
2020-03-06,585.3232,115185.3232,114600.0,1.151853,100000.0,1.1656,1.0102341656963254,0.1416188343036746,0.1401841663175793
2020-03-09,585.3232,106623.3232,106038.0,1.066233,100000.0,1.1519,0.975723762499475,0.0905092375005249,0.0927611286914555
2020-03-10,585.3232,107423.3232,106838.0,1.074233,100000.0,1.0662,0.9966189863496208,0.0776140136503793,0.0778773179253398
2020-03-11,585.3232,106911.3232,106326.0,1.069113,100000.0,1.0742,0.9833633994543892,0.0857496005456107,0.0872003173935376
2020-03-12,585.3232,103403.3232,102818.0,1.034033,100000.0,1.0691,0.9644408444786206,0.0695921555213794,0.0721580342846233
2020-03-13,585.3232,101373.3232,100788.0,1.013733,100000.0,1.034,0.9508689695246192,0.0628640304753807,0.0661121905227479
2020-03-16,585.3232,95185.3232,94600.0,0.951853,100000.0,1.0137,0.9099878164287252,0.0418651835712748,0.0460063121895149
2020-03-17,585.3232,92913.3232,92328.0,0.929133,100000.0,0.9519,0.9055554385203218,0.0235775614796781,0.0260365743241561
2020-03-18,585.3232,91019.3232,90434.0,0.910193,100000.0,0.9291,0.887631789437346,0.022561210562654,0.0254173079773936
2020-03-19,585.3232,89637.3232,89052.0,0.896373,100000.0,0.9102,0.876118801573634,0.020254198426366,0.0231180958449774
2020-03-20,585.3232,91417.3232,90832.0,0.914173,100000.0,0.8964,0.8917736324630234,0.0223993675369765,0.0251177728535334
2020-03-23,585.3232,86647.3232,86062.0,0.866473,100000.0,0.9142,0.8617685948488621,0.0047044051511379,0.0054590120587567
2020-03-24,585.3232,90323.3232,89738.0,0.903233,100000.0,0.8665,0.8849119855305722,0.0183210144694278,0.0207037702833723
2020-03-25,585.3232,94079.3232,93494.0,0.940793,100000.0,0.9032,0.908688757879404,0.0321042421205959,0.0353302952658038
2020-03-26,585.3232,94655.3232,94070.0,0.946553,100000.0,0.9408,0.9027152659774598,0.0438377340225402,0.0485620833885784
2020-03-27,585.3232,95893.3232,95308.0,0.958933,100000.0,0.9466,0.9056477837951792,0.0532852162048209,0.0588365777052151
2020-03-30,585.3232,96507.3232,95922.0,0.965073,100000.0,0.9589,0.8968722486972739,0.068200751302726,0.0760428828094403
2020-03-31,585.3232,98847.3232,98262.0,0.988473,100000.0,0.9651,0.8998123337989493,0.0886606662010507,0.098532397112997
2020-04-01,97974.5524,97974.5524,0.0,0.979746,100000.0,0.9885,0.897107810923648,0.082638189076352,0.092116229588135
2020-04-02,97974.5524,97974.5524,0.0,0.979746,100000.0,0.9797,0.9116210804123762,0.0681249195876237,0.0747294254722665
2020-04-03,97974.5524,97974.5524,0.0,0.979746,100000.0,0.9797,0.906418621513774,0.073327378486226,0.080897917083571
2020-04-07,97974.5524,97974.5524,0.0,0.979746,100000.0,0.9797,0.9271195614509962,0.0526264385490038,0.0567633784650605
2020-04-08,97974.5524,97974.5524,0.0,0.979746,100000.0,0.9797,0.9228045252650986,0.0569414747349014,0.061704806571623
2020-04-09,97974.5524,97974.5524,0.0,0.979746,100000.0,0.9797,0.9258475498391698,0.0538984501608301,0.0582152538721876
2020-04-10,97974.5524,97974.5524,0.0,0.979746,100000.0,0.9797,0.9200787651735336,0.0596672348264665,0.0648501379283683
2020-04-13,97974.5524,97974.5524,0.0,0.979746,100000.0,0.9797,0.9161922081337028,0.0635537918662972,0.0693673132145025
2020-04-14,97974.5524,97974.5524,0.0,0.979746,100000.0,0.9797,0.9338758522623044,0.0458701477376957,0.0491180360072227
2020-04-15,97974.5524,97974.5524,0.0,0.979746,100000.0,0.9797,0.9269586712298528,0.0527873287701471,0.056946798609814
2020-04-16,97974.5524,97974.5524,0.0,0.979746,100000.0,0.9797,0.928183668038778,0.0515623319612219,0.0555518629951456
2020-04-17,97974.5524,97974.5524,0.0,0.979746,100000.0,0.9797,0.9372415848812112,0.0425044151187888,0.0453505433438232
2020-04-20,97974.5524,97974.5524,0.0,0.979746,100000.0,0.9797,0.94065125656825,0.03909474343175,0.0415613577920239
2020-04-21,97974.5524,97974.5524,0.0,0.979746,100000.0,0.9797,0.9295669675459453,0.0501790324540547,0.053981083887401
2020-04-22,97974.5524,97974.5524,0.0,0.979746,100000.0,0.9797,0.9372162710958484,0.0425297289041515,0.0453787777867142
2020-04-23,97974.5524,97974.5524,0.0,0.979746,100000.0,0.9797,0.9348653112554488,0.0448806887445512,0.0480076522299026
2020-04-24,97974.5524,97974.5524,0.0,0.979746,100000.0,0.9797,0.92686342109438,0.0528825789056198,0.057055416906171
2020-04-27,97974.5524,97974.5524,0.0,0.979746,100000.0,0.9797,0.9331605974648964,0.0465854025351035,0.0499221705906371
2020-04-28,97974.5524,97974.5524,0.0,0.979746,100000.0,0.9797,0.9395995017407316,0.0401464982592684,0.0427272451559326
2020-04-29,97974.5524,97974.5524,0.0,0.979746,100000.0,0.9797,0.9439654584244754,0.0357805415755245,0.0379045030262485
2020-04-30,97974.5524,97974.5524,0.0,0.979746,100000.0,0.9797,0.9550833120127143,0.0246626879872856,0.0258225514749201
2020-05-06,10574.6884,97904.6884,87330.0,0.979047,100000.0,0.9797,0.9608629349818232,0.0181840650181768,0.0189247231380829
2020-05-07,10574.6884,98786.6884,88212.0,0.987867,100000.0,0.979,0.9580900624449832,0.0297769375550168,0.0310794764732535
2020-05-08,10574.6884,99170.6884,88596.0,0.991707,100000.0,0.9879,0.9675435773641644,0.0241634226358357,0.0249739889769751
2020-05-11,10574.6884,97268.6884,86694.0,0.972687,100000.0,0.9917,0.9667035112026684,0.0059834887973316,0.0061895800811644
2020-05-12,10574.6884,98954.6884,88380.0,0.989547,100000.0,0.9727,0.9667175472938772,0.0228294527061228,0.0236154322118482
2020-05-13,10574.6884,99466.6884,88892.0,0.994667,100000.0,0.9895,0.9686740807660124,0.0259929192339876,0.0268335033940754
2020-05-14,10574.6884,97484.6884,86910.0,0.974847,100000.0,0.9947,0.95816893307228,0.0166780669277198,0.0174061862705601
2020-05-15,10574.6884,99364.6884,88790.0,0.993647,100000.0,0.9748,0.955141580099176,0.0385054199008239,0.0403138348315081
2020-05-18,10574.6884,100914.6884,90340.0,1.009147,100000.0,0.9936,0.9576060247883232,0.0515409752116768,0.0538227349008899
2020-05-19,10574.6884,101930.6884,91356.0,1.019307,100000.0,1.0091,0.9657439795970404,0.0535630204029595,0.0554629607168857
2020-05-20,10574.6884,102464.6884,91890.0,1.024647,100000.0,1.0193,0.9606110420684604,0.0640359579315398,0.0666616925344234
2020-05-21,10574.6884,102152.6884,91578.0,1.021527,100000.0,1.0246,0.955380559808627,0.066146440191373,0.069235698290347
2020-05-22,10574.6884,98956.6884,88382.0,0.989567,100000.0,1.0215,0.9334767146495124,0.0560902853504874,0.0600875034912331
2020-05-25,10574.6884,99900.6884,89326.0,0.999007,100000.0,0.9896,0.9347608339156688,0.0642461660843313,0.0687300577359528
2020-05-26,10574.6884,101612.6884,91038.0,1.016127,100000.0,0.999,0.945366162684742,0.070760837315258,0.0748501904429332
2020-05-27,10574.6884,101386.6884,90812.0,1.013867,100000.0,1.0161,0.9387370754756756,0.0751299245243245,0.0800329788681828
2020-05-28,10574.6884,100224.6884,89650.0,1.002247,100000.0,1.0139,0.9414268543525592,0.0608201456474408,0.0646042179126793
2020-05-29,10574.6884,101730.6884,91156.0,1.017307,100000.0,1.0022,0.943963310292256,0.073343689707744,0.0776976063667522
2020-06-01,43438.3864,105366.3864,61928.0,1.053664,100000.0,1.0173,0.9694277090162556,0.0842362909837443,0.0868928030427607
2020-06-02,44238.3864,105342.3864,61104.0,1.053424,100000.0,1.0537,0.972412514325052,0.0810114856749478,0.0833097934071505
2020-06-03,44238.3864,105051.3864,60813.0,1.050514,100000.0,1.0534,0.9724320427997776,0.0780819572002224,0.0802955412446229
2020-06-04,44238.3864,105433.3864,61195.0,1.054334,100000.0,1.0505,0.972075013460612,0.082258986539388,0.0846220563231472
2020-06-05,44238.3864,105731.3864,61493.0,1.057314,100000.0,1.0543,0.9767290883783344,0.0805849116216658,0.0825048752827266
2020-06-08,44238.3864,106440.3864,62202.0,1.064404,100000.0,1.0573,0.9817830576372442,0.0826209423627557,0.084153970390965
2020-06-09,44238.3864,107090.3864,62852.0,1.070904,100000.0,1.0644,0.9879038674703976,0.0830001325296024,0.0840164061126014
2020-06-10,44238.3864,106906.3864,62668.0,1.069064,100000.0,1.0709,0.9861159867881087,0.0829480132118912,0.0841158791898935
2020-06-11,44238.3864,106082.3864,61844.0,1.060824,100000.0,1.0691,0.975419142704354,0.0854048572956458,0.0875570855200364
2020-06-12,44238.3864,106528.3864,62290.0,1.065284,100000.0,1.0608,0.977176290449544,0.0881077095504559,0.0901656235538856
2020-06-15,75597.5664,104597.5664,29000.0,1.045976,100000.0,1.0653,0.9654361131929964,0.0805398868070037,0.0834233210322259
2020-06-16,75597.5664,105097.5664,29500.0,1.050976,100000.0,1.046,0.9799804085459444,0.0709955914540556,0.0724459293624002
2020-06-17,75597.5664,104547.5664,28950.0,1.045476,100000.0,1.051,0.9807185604799672,0.0647574395200327,0.066030604629671
2020-06-18,75597.5664,104522.5664,28925.0,1.045226,100000.0,1.0455,0.9872581828641984,0.0579678171358016,0.0587159652276849
2020-06-19,75597.5664,105482.5664,29885.0,1.054826,100000.0,1.0452,1.0005193109641333,0.0543066890358667,0.0542785016148614
2020-06-22,75597.5664,105142.5664,29545.0,1.051426,100000.0,1.0548,1.0013337460025522,0.0500922539974477,0.0500255326432592
2020-06-23,75597.5664,105097.5664,29500.0,1.050976,100000.0,1.0514,1.0061544720414617,0.0448215279585384,0.0445473624617467
2020-06-24,75597.5664,105447.5664,29850.0,1.054476,100000.0,1.051,1.0103518979883257,0.0441241020116742,0.0436720137800781
2020-06-29,75597.5664,105572.5664,29975.0,1.055726,100000.0,1.0545,1.0032061605698082,0.0525198394301917,0.0523519905423639
2020-06-30,75597.5664,105492.5664,29895.0,1.054926,100000.0,1.0557,1.016448248406886,0.038477751593114,0.037855101480495
2020-07-01,9982.6068,106699.6068,96717.0,1.066996,100000.0,1.0549,1.0369091589791406,0.0300868410208594,0.0290158889622313
2020-07-02,9982.6068,106240.6068,96258.0,1.062406,100000.0,1.067,1.0584053716389576,0.0040006283610423,0.0037798639994119
2020-07-03,9982.6068,110707.6068,100725.0,1.107076,100000.0,1.0624,1.0788494877229489,0.028226512277051,0.0261635312416255
2020-07-06,9982.6068,116235.6068,106253.0,1.162356,100000.0,1.1071,1.1399978777430095,0.0223581222569904,0.0196124244557853
2020-07-07,9982.6068,117017.6068,107035.0,1.170176,100000.0,1.1624,1.1468405332337903,0.0233354667662095,0.0203476124971007
2020-07-08,9982.6068,121836.6068,111854.0,1.218366,100000.0,1.1702,1.1653627544776906,0.0530032455223095,0.0454821859705523
2020-07-09,9982.6068,126896.6068,116914.0,1.268966,100000.0,1.2184,1.1816609753774985,0.0873050246225015,0.0738833103924843
2020-07-10,9982.6068,125000.6068,115018.0,1.250006,100000.0,1.269,1.160268043938385,0.0897379560616149,0.0773424352505742
2020-07-13,9982.6068,132222.6068,122240.0,1.322226,100000.0,1.25,1.1846366267137671,0.1375893732862325,0.1161447908865618
2020-07-14,9982.6068,131364.6068,121382.0,1.313646,100000.0,1.3222,1.173341601038583,0.140304398961417,0.1195767701726646
2020-07-15,9982.6068,129085.6068,119103.0,1.290856,100000.0,1.3136,1.1581529636620735,0.1327030363379264,0.1145816144340037
2020-07-16,9982.6068,121442.6068,111460.0,1.214426,100000.0,1.2909,1.102444205866154,0.1119817941338461,0.1015759287753395
2020-07-17,10732.6068,120501.6068,109769.0,1.205016,100000.0,1.2144,1.1093884094255066,0.0956275905744934,0.0861984763515006
2020-07-20,10732.6068,125859.6068,115127.0,1.258596,100000.0,1.205,1.142490126098047,0.1161058739019531,0.1016252755710811
2020-07-21,10732.6068,127528.6068,116796.0,1.275286,100000.0,1.2586,1.1451113112074578,0.1301746887925421,0.1136786332634161
2020-07-22,10732.6068,127819.6068,117087.0,1.278196,100000.0,1.2753,1.1508240979718194,0.1273719020281807,0.110678862436629
2020-07-23,10732.6068,132146.6068,121414.0,1.321466,100000.0,1.2782,1.1503335182761265,0.1711324817238737,0.1487677086731598
2020-07-24,10732.6068,127117.6068,116385.0,1.271176,100000.0,1.3215,1.0998414019335785,0.1713345980664218,0.1557811860557409
2020-07-27,10732.6068,132330.6068,121598.0,1.323306,100000.0,1.2712,1.1054215171227746,0.2178844828772255,0.1971053390061938
2020-07-28,10732.6068,129952.6068,119220.0,1.299526,100000.0,1.3233,1.1151387885037145,0.1843872114962856,0.1653491147444483
2020-07-29,10732.6068,132138.6068,121406.0,1.321386,100000.0,1.2995,1.1421736183439364,0.1792123816560635,0.1569046761173731
2020-07-30,10732.6068,132963.6068,122231.0,1.329636,100000.0,1.3214,1.136593991366608,0.1930420086333919,0.1698425384083579
2020-07-31,10732.6068,134203.6068,123471.0,1.342036,100000.0,1.3296,1.1460886381356792,0.1959473618643208,0.1709705125277785
2020-08-03,2001.3024,135081.3024,133080.0,1.350813,100000.0,1.342,1.164705279554876,0.186107720445124,0.1597895396475321
2020-08-04,2001.3024,134372.3024,132371.0,1.343723,100000.0,1.3508,1.1658017057683283,0.1779212942316717,0.1526171160595546
2020-08-05,2001.3024,135707.3024,133706.0,1.357073,100000.0,1.3437,1.1661206301711862,0.1909523698288138,0.1637501000224839
2020-08-06,2001.3024,137976.3024,135975.0,1.379763,100000.0,1.3571,1.1626190037787845,0.2171439962212156,0.1867714148103949
2020-08-07,2001.3024,139219.3024,137218.0,1.392193,100000.0,1.3798,1.1492327225664538,0.2429602774335462,0.2114108593174843
2020-08-10,2001.3024,136556.3024,134555.0,1.365563,100000.0,1.3922,1.1533687314603072,0.2121942685396929,0.1839778231815152
2020-08-11,2001.3024,132510.3024,130509.0,1.325103,100000.0,1.3656,1.1428511831851242,0.1822518168148756,0.159471171309409
2020-08-12,88926.153,128072.153,39146.0,1.280722,100000.0,1.3251,1.1345176262914396,0.1462043737085603,0.1288691954363718
2020-08-13,88926.153,128124.153,39198.0,1.281242,100000.0,1.2807,1.13160495428616,0.14963704571384,0.1322343501122564
2020-08-14,88926.153,129000.153,40074.0,1.290002,100000.0,1.2812,1.1484278076594636,0.1415741923405364,0.1232765276113172
2020-08-17,88926.153,128250.153,39324.0,1.282502,100000.0,1.29,1.1754252648811805,0.1070767351188197,0.0910961660583702
2020-08-18,88926.153,128782.153,39856.0,1.287822,100000.0,1.2825,1.1748223964558169,0.1129996035441833,0.0961844138187002
2020-08-19,88926.153,126964.153,38038.0,1.269642,100000.0,1.2878,1.157227728940182,0.1124142710598179,0.0971410105794559
2020-08-20,88926.153,126610.153,37684.0,1.266102,100000.0,1.2696,1.1422093554526838,0.1238926445473163,0.1084675448996079
2020-08-21,88926.153,127372.153,38446.0,1.273722,100000.0,1.2661,1.151897602638063,0.121824397361937,0.1057597455563204
2020-08-24,88926.153,129328.153,40402.0,1.293282,100000.0,1.2737,1.1609309868341224,0.1323510131658776,0.1140042040972659
2020-08-25,88926.153,128910.153,39984.0,1.289102,100000.0,1.2933,1.1624204236014215,0.1266815763985782,0.1089808590992338
2020-08-26,88926.153,127806.153,38880.0,1.278062,100000.0,1.2891,1.1487943083088707,0.1292676916911292,0.112524662384011
2020-08-27,88926.153,129916.153,40990.0,1.299162,100000.0,1.2781,1.1549494150257604,0.1442125849742395,0.1248648495752715
2020-08-28,88926.153,130586.153,41660.0,1.305862,100000.0,1.2992,1.1825138815111265,0.1233481184888736,0.1043100807672954
2020-08-31,88926.153,130196.153,41270.0,1.301962,100000.0,1.3059,1.1756667344711589,0.1262952655288414,0.1074243761652844
2020-09-01,25071.1968,131635.1968,106564.0,1.316352,100000.0,1.302,1.1819907869050157,0.1343612130949842,0.1136736551448107
2020-09-02,25071.1968,130731.1968,105660.0,1.307312,100000.0,1.3164,1.1824215606468624,0.1248904393531376,0.1056225998490878
2020-09-03,25071.1968,129753.1968,104682.0,1.297532,100000.0,1.3073,1.1758815232825437,0.1216504767174564,0.103454705519874
2020-09-04,25071.1968,128533.1968,103462.0,1.285332,100000.0,1.2975,1.1644387646960623,0.1208932353039375,0.103821032903772
2020-09-07,25071.1968,126394.1968,101323.0,1.263942,100000.0,1.2853,1.1398203639077564,0.1241216360922434,0.1088957874613727
2020-09-08,25071.1968,126196.1968,101125.0,1.261962,100000.0,1.2639,1.1459283093581845,0.1160336906418155,0.101257373340226
2020-09-09,25071.1968,123515.1968,98444.0,1.235152,100000.0,1.262,1.1191253069235452,0.1160266930764548,0.1036762303190248
2020-09-10,25071.1968,126221.1968,101150.0,1.262212,100000.0,1.2352,1.118487897508511,0.1437241024914888,0.1284985763472645
2020-09-11,25071.1968,129829.1968,104758.0,1.298292,100000.0,1.2622,1.1295471412619806,0.1687448587380193,0.1493916035673288
2020-09-14,25071.1968,133183.1968,108112.0,1.331832,100000.0,1.2983,1.1353490755134632,0.1964829244865367,0.1730594833995677
2020-09-15,25071.1968,132872.1968,107801.0,1.328722,100000.0,1.3318,1.1444864244268418,0.1842355755731581,0.1609766368923277
2020-09-16,25071.1968,132425.1968,107354.0,1.324252,100000.0,1.3287,1.1368888225137737,0.1873631774862263,0.1648034300064167
2020-09-17,25071.1968,131476.1968,106405.0,1.314762,100000.0,1.3243,1.1308730270534555,0.1838889729465442,0.1626079750311808
2020-09-18,25071.1968,132027.1968,106956.0,1.320272,100000.0,1.3148,1.156351461868664,0.1639205381313357,0.141756674797159
2020-09-21,25071.1968,130121.1968,105050.0,1.301212,100000.0,1.3203,1.145205438455634,0.1560065615443659,0.1362258301486487
2020-09-22,25071.1968,127403.1968,102332.0,1.274032,100000.0,1.3012,1.131616720192182,0.1424152798078179,0.1258511625593792
2020-09-23,25071.1968,130607.1968,105536.0,1.306072,100000.0,1.274,1.1356607011488924,0.1704112988511075,0.1500547643135936
2020-09-24,25071.1968,123431.1968,98360.0,1.234312,100000.0,1.3061,1.1138714149046351,0.1204405850953649,0.108127907300392
2020-09-25,25071.1968,125423.1968,100352.0,1.254232,100000.0,1.2343,1.115569391371407,0.1386626086285929,0.1242976095446024
2020-09-28,25071.1968,127386.1968,102315.0,1.273862,100000.0,1.2542,1.1184710541990603,0.1553909458009397,0.1389315755803939
2020-09-29,25071.1968,128000.1968,102929.0,1.280002,100000.0,1.2739,1.120885457171724,0.1591165428282761,0.1419561131873075
2020-09-30,25071.1968,127847.1968,102776.0,1.278472,100000.0,1.28,1.1198104146380958,0.1586615853619042,0.1416861133705218
2020-10-09,25188.8403,132980.8403,107792.0,1.329808,100000.0,1.2785,1.142694345122487,0.1871136548775134,0.1637477735635915
2020-10-12,25188.8403,136854.8403,111666.0,1.368548,100000.0,1.3298,1.1773614399184142,0.1911865600815858,0.1623856137965875
2020-10-13,25188.8403,137156.8403,111968.0,1.371568,100000.0,1.3685,1.1812776802398277,0.1902903197601724,0.1610885593991236
2020-10-14,25188.8403,135960.8403,110772.0,1.359608,100000.0,1.3716,1.173442148272825,0.1861658517271749,0.1586493650336236
2020-10-15,25188.8403,135253.8403,110065.0,1.352538,100000.0,1.3596,1.171399958028426,0.181138041971574,0.1546338129262408
2020-10-16,25188.8403,132130.8403,106942.0,1.321308,100000.0,1.3525,1.1696765457233242,0.1516314542766756,0.1296353721300851
2020-10-19,68033.0703,129398.0703,61365.0,1.293981,100000.0,1.3213,1.1608428157707376,0.1331381842292625,0.1146909662708002
2020-10-20,68033.0703,134193.0703,66160.0,1.341931,100000.0,1.294,1.1701137882724235,0.1718172117275762,0.1468380369923254
2020-10-21,68033.0703,132516.0703,64483.0,1.325161,100000.0,1.3419,1.1699578534017423,0.1552031465982577,0.1326570407190248
2020-10-22,68033.0703,134358.0703,66325.0,1.343581,100000.0,1.3252,1.1663343693270547,0.1772466306729452,0.1519689681915246
2020-10-23,68033.0703,132134.0703,64101.0,1.321341,100000.0,1.3436,1.1518109450314693,0.1695300549685308,0.1471856607196062
2020-10-26,68033.0703,133336.0703,65303.0,1.333361,100000.0,1.3213,1.1451585212951063,0.1882024787048937,0.1643462238678081
2020-10-27,68033.0703,133838.0703,65805.0,1.338381,100000.0,1.3334,1.1471219385545823,0.1912590614454177,0.1667294949361804
2020-10-28,68033.0703,137539.0703,69506.0,1.375391,100000.0,1.3384,1.1563961576651915,0.2189948423348084,0.1893770062129638
2020-10-29,68033.0703,139547.0703,71514.0,1.395471,100000.0,1.3754,1.1650980460027889,0.2303729539972112,0.1977283841369173
2020-10-30,68033.0703,140693.0703,72660.0,1.406931,100000.0,1.3955,1.1461588430023169,0.2607721569976831,0.2275183397046443
2020-11-02,26299.7103,144407.7103,118108.0,1.444077,100000.0,1.4069,1.1523829340561735,0.2916940659438265,0.2531225145074975
2020-11-03,26299.7103,142400.7103,116101.0,1.424007,100000.0,1.4441,1.1662309416427907,0.2577760583572093,0.2210334584281374
2020-11-04,26299.7103,145093.7103,118794.0,1.450937,100000.0,1.424,1.175042091796476,0.2758949082035238,0.2347957661514226
2020-11-05,26299.7103,151653.7103,125354.0,1.516537,100000.0,1.4509,1.192484778957561,0.324052221042439,0.2717453729897643
2020-11-06,26299.7103,154851.7103,128552.0,1.548517,100000.0,1.5165,1.1926327071536054,0.3558842928463945,0.2984022580562671
2020-11-09,26299.7103,155587.7103,129288.0,1.555877,100000.0,1.5485,1.2159770214296453,0.3398999785703547,0.2795282908970833
2020-11-10,26299.7103,152495.7103,126196.0,1.524957,100000.0,1.5559,1.209270430586513,0.3156865694134869,0.2610553945823139
2020-11-11,75540.6138,144674.6138,69134.0,1.446746,100000.0,1.525,1.1973147322007782,0.2494312677992218,0.2083255647750559
2020-11-12,75540.6138,146265.6138,70725.0,1.462656,100000.0,1.4467,1.1981849454451312,0.2644710545548687,0.2207264041834682
2020-11-13,75540.6138,146121.6138,70581.0,1.461216,100000.0,1.4627,1.1855862232078789,0.2756297767921212,0.2324839572159844
2020-11-16,75540.6138,145710.6138,70170.0,1.457106,100000.0,1.4612,1.1971373892396786,0.2599686107603214,0.2171585426175952
2020-11-17,75540.6138,145568.6138,70028.0,1.455686,100000.0,1.4571,1.1948463085849057,0.2608396914150943,0.2183039689213377
2020-11-18,75540.6138,144235.6138,68695.0,1.442356,100000.0,1.4557,1.1940860650638494,0.2482699349361505,0.2079162819163083
2020-11-19,75540.6138,146750.6138,71210.0,1.467506,100000.0,1.4424,1.202951382324304,0.2645546176756959,0.2199212882274028
2020-11-20,75540.6138,146543.6138,71003.0,1.465436,100000.0,1.4675,1.2066859834201789,0.2587500165798211,0.2144302827206388
2020-11-23,75540.6138,147575.6138,72035.0,1.475756,100000.0,1.4654,1.2217568640940948,0.2539991359059053,0.2078966309669476
2020-11-24,75540.6138,146335.6138,70795.0,1.463356,100000.0,1.4758,1.214252608290214,0.2491033917097862,0.2051495627920025
2020-11-25,75540.6138,144942.6138,69402.0,1.449426,100000.0,1.4634,1.1987310104196378,0.2506949895803623,0.2091336483341679
2020-11-26,118994.0508,143528.0508,24534.0,1.435281,100000.0,1.4494,1.2009014051006086,0.2343795948993914,0.1951697232627982
2020-11-27,118994.0508,143194.0508,24200.0,1.431941,100000.0,1.4353,1.2158342926899968,0.2161067073100031,0.1777435532204587
2020-11-30,118994.0508,143274.0508,24280.0,1.432741,100000.0,1.4319,1.2108269232539002,0.2219140767460998,0.1832748120183369
2020-12-01,4566.9279,143467.9279,138901.0,1.434679,100000.0,1.4327,1.236908763527527,0.1977702364724727,0.1598907229895063
2020-12-02,4566.9279,143606.9279,139040.0,1.436069,100000.0,1.4347,1.236920090042868,0.1991489099571319,0.1610038607669717
2020-12-03,4566.9279,140405.9279,135839.0,1.404059,100000.0,1.4361,1.2344584281613695,0.1696005718386304,0.137388645878693
2020-12-04,4566.9279,141178.9279,136612.0,1.411789,100000.0,1.4041,1.2366202303134612,0.1751687696865387,0.141651224355384
2020-12-07,4566.9279,137345.9279,132779.0,1.373459,100000.0,1.4118,1.225957390186322,0.1475016098136778,0.1203154457034272
2020-12-08,4566.9279,136510.9279,131944.0,1.365109,100000.0,1.3735,1.2229410952120314,0.1421679047879684,0.1162508197202414
2020-12-09,4566.9279,135420.9279,130854.0,1.354209,100000.0,1.3651,1.2065420585614537,0.1476669414385463,0.1223885569431437
2020-12-10,4566.9279,134581.9279,130015.0,1.345819,100000.0,1.3542,1.206011445492574,0.1398075545074262,0.1159255619255954
2020-12-11,4566.9279,131603.9279,127037.0,1.316039,100000.0,1.3458,1.193587503104113,0.1224514968958869,0.1025911351932158
2020-12-14,4566.9279,134480.9279,129914.0,1.344809,100000.0,1.316,1.2046225559595167,0.1401864440404832,0.1163737498911603
2020-12-15,4566.9279,132883.9279,128317.0,1.328839,100000.0,1.3448,1.2071282545515212,0.1217107454484789,0.1008266892847251
2020-12-16,4566.9279,133108.9279,128542.0,1.331089,100000.0,1.3288,1.2092683312754808,0.1218206687245191,0.1007391540602309
2020-12-17,4566.9279,136373.9279,131807.0,1.363739,100000.0,1.3311,1.2247962514897492,0.1389427485102508,0.1134415200415999
2020-12-18,4566.9279,136592.9279,132026.0,1.365929,100000.0,1.3637,1.2205218101206872,0.1454071898793127,0.1191352654852884
2020-12-21,4566.9279,136992.9279,132426.0,1.369929,100000.0,1.3659,1.2319634946410585,0.1379655053589417,0.1119883064385272
2020-12-22,4566.9279,131426.9279,126860.0,1.314269,100000.0,1.3699,1.2119304773606283,0.1023385226393716,0.0844425687373147
2020-12-23,4566.9279,132284.9279,127718.0,1.322849,100000.0,1.3143,1.2222685589530855,0.1005804410469144,0.0822899683626525
2020-12-24,4566.9279,132895.9279,128329.0,1.328959,100000.0,1.3228,1.2205334295631487,0.1084255704368513,0.0888345765962828
2020-12-25,4566.9279,134309.9279,129743.0,1.343099,100000.0,1.329,1.2307854638138478,0.1123135361861522,0.0912535445764244
2020-12-28,4566.9279,136172.9279,131606.0,1.361729,100000.0,1.3431,1.236253680842868,0.1254753191571318,0.1014964170392469
2020-12-29,4566.9279,134736.9279,130170.0,1.347369,100000.0,1.3617,1.2310106271274306,0.1163583728725694,0.094522638804583
2020-12-30,4566.9279,135979.9279,131413.0,1.359799,100000.0,1.3474,1.2482870781474162,0.1115119218525837,0.0893319524047935
2020-12-31,4566.9279,137527.9279,132961.0,1.375279,100000.0,1.3598,1.272106446981743,0.1031725530182572,0.0811037105134158
2021-01-04,17448.0435,139250.0435,121802.0,1.3925,100000.0,1.3753,1.285881247198733,0.1066187528012667,0.0829149293790025
2021-01-05,17448.0435,143576.0435,126128.0,1.43576,100000.0,1.3925,1.310483903154292,0.125276096845708,0.0955952961682113
2021-01-06,17448.0435,144185.0435,126737.0,1.44185,100000.0,1.4358,1.3224848343696092,0.1193651656303909,0.0902582491142811
2021-01-07,17448.0435,149199.0435,131751.0,1.49199,100000.0,1.4419,1.3459163432852976,0.1460736567147023,0.1085310074756544
2021-01-08,17448.0435,147560.0435,130112.0,1.4756,100000.0,1.492,1.3414672197098174,0.1341327802901826,0.0999896071401564
2021-01-11,17448.0435,145880.0435,128432.0,1.4588,100000.0,1.4756,1.328219029224388,0.130580970775612,0.0983128293620854
2021-01-12,17448.0435,148943.0435,131495.0,1.48943,100000.0,1.4588,1.3661028543770684,0.1233271456229316,0.0902766180656051
2021-01-13,17448.0435,147080.0435,129632.0,1.4708,100000.0,1.4894,1.361615845560621,0.109184154439379,0.0801871943510061
2021-01-14,17448.0435,139535.0435,122087.0,1.39535,100000.0,1.4708,1.335370844880664,0.059979155119336,0.0449157291019755
2021-01-15,17448.0435,141483.0435,124035.0,1.41483,100000.0,1.3954,1.3323500095359997,0.0824799904640005,0.0619056478205188
2021-01-18,17448.0435,141444.0435,123996.0,1.41444,100000.0,1.4148,1.3471036013168158,0.067336398683184,0.0499860579523072
2021-01-19,17448.0435,138299.0435,120851.0,1.38299,100000.0,1.4144,1.3273317285646502,0.0556582714353497,0.0419324500707427
2021-01-20,17448.0435,144312.0435,126864.0,1.44312,100000.0,1.383,1.3368299392803589,0.106290060719641,0.0795090367117743
2021-01-21,17448.0435,149290.0435,131842.0,1.4929,100000.0,1.4431,1.3584420290270771,0.1344579709729227,0.0989795428143682
2021-01-22,17448.0435,154712.0435,137264.0,1.54712,100000.0,1.4929,1.3596153730203535,0.1875046269796463,0.1379100521371048
2021-01-25,17448.0435,155851.0435,138403.0,1.55851,100000.0,1.5471,1.373321237721564,0.185188762278436,0.1348473737912021
2021-01-26,17448.0435,152474.0435,135026.0,1.52474,100000.0,1.5585,1.3457481542967256,0.1789918457032744,0.1330054550933519
2021-01-27,17448.0435,157100.0435,139652.0,1.571,100000.0,1.5247,1.3494184334789734,0.2215815665210265,0.1642052316935978
2021-01-28,17448.0435,148606.0435,131158.0,1.48606,100000.0,1.571,1.3125924413915695,0.1734675586084302,0.1321564509578656
2021-01-29,17448.0435,145279.0435,127831.0,1.45279,100000.0,1.4861,1.3064463177730536,0.1463436822269463,0.1120166058383489
2021-02-01,5237.7726,144543.7726,139306.0,1.445438,100000.0,1.4528,1.3224801231250811,0.1229578768749188,0.092975217339648
2021-02-02,5237.7726,149114.7726,143877.0,1.491148,100000.0,1.4454,1.3428490789919731,0.1482989210080267,0.1104360298771245
2021-02-03,5237.7726,149110.7726,143873.0,1.491108,100000.0,1.4911,1.3389700648255047,0.1521379351744953,0.1136231041836786
2021-02-04,5237.7726,149663.7726,144426.0,1.496638,100000.0,1.4911,1.3362230675176758,0.160414932482324,0.1200510127252403
2021-02-05,5237.7726,150151.7726,144914.0,1.501518,100000.0,1.4966,1.3385338963425155,0.1629841036574844,0.1217631500426184
2021-02-08,5237.7726,149891.7726,144654.0,1.498918,100000.0,1.5015,1.3583425558589448,0.1405754441410551,0.1034904218635501
2021-02-09,5237.7726,153335.7726,148098.0,1.533358,100000.0,1.4989,1.3880474164059846,0.1453105835940153,0.1046870459009694
2021-02-10,5237.7726,156514.7726,151277.0,1.565148,100000.0,1.5334,1.4176986957004971,0.1474493042995028,0.1040060943461944
2021-02-18,5237.7726,156076.7726,150839.0,1.560768,100000.0,1.5651,1.408096129697975,0.1526718703020249,0.1084243235117561
2021-02-19,5237.7726,153187.7726,147950.0,1.531878,100000.0,1.5608,1.4106496242318691,0.1212283757681307,0.0859379775712501
2021-02-22,48733.155,145417.155,96684.0,1.454172,100000.0,1.5319,1.3663421270136396,0.0878298729863604,0.0642810254107635
2021-02-23,93674.655,143669.655,49995.0,1.436697,100000.0,1.4542,1.362030093330731,0.0746669066692689,0.0548203061260395
2021-02-24,93674.655,141914.655,48240.0,1.419147,100000.0,1.4367,1.327342688921089,0.0918043110789108,0.0691639859436243
2021-02-25,93674.655,142679.655,49005.0,1.426797,100000.0,1.4191,1.335151662162465,0.091645337837535,0.0686403952709782
2021-02-26,93674.655,139664.655,45990.0,1.396647,100000.0,1.4268,1.3027350043832886,0.0939119956167113,0.0720883336217477
2021-03-01,6848.0883,138861.0883,132013.0,1.388611,100000.0,1.3966,1.322757256592026,0.065853743407974,0.0497852066808091
2021-03-02,6848.0883,136188.0883,129340.0,1.361881,100000.0,1.3886,1.305876452469975,0.0560045475300248,0.0428865590034157
2021-03-03,6848.0883,140644.0883,133796.0,1.406441,100000.0,1.3619,1.3309174250407432,0.0755235749592568,0.0567455001627503
2021-03-04,6848.0883,137839.0883,130991.0,1.378391,100000.0,1.4064,1.2890516218386054,0.0893393781613944,0.0693062842851612
2021-03-05,6848.0883,135158.0883,128310.0,1.351581,100000.0,1.3784,1.2846796845594772,0.0669013154405226,0.0520762616896706
2021-03-08,6848.0883,134195.0883,127347.0,1.341951,100000.0,1.3516,1.2400641500630492,0.1018868499369507,0.0821625638736274
2021-03-09,6848.0883,134004.0883,127156.0,1.340041,100000.0,1.342,1.2134504517802782,0.1265905482197218,0.1043227995292253
2021-03-10,6848.0883,132022.0883,125174.0,1.320221,100000.0,1.34,1.221411405376204,0.0988095946237961,0.080897881081569
2021-03-11,6848.0883,138032.0883,131184.0,1.380321,100000.0,1.3202,1.251827859131641,0.1284931408683589,0.1026444170666494
2021-03-12,6848.0883,139519.0883,132671.0,1.395191,100000.0,1.3803,1.256261555212088,0.1389294447879121,0.1105895855934693
2021-03-15,6848.0883,138065.0883,131217.0,1.380651,100000.0,1.3952,1.229206196062811,0.1514448039371894,0.1232053697925312
2021-03-16,6848.0883,137637.0883,130789.0,1.376371,100000.0,1.3807,1.2399025031135102,0.1364684968864897,0.1100638933656514
2021-03-17,6848.0883,135008.0883,128160.0,1.350081,100000.0,1.3764,1.2451497310404205,0.1049312689595796,0.0842720086940076
2021-03-18,6848.0883,134795.0883,127947.0,1.347951,100000.0,1.3501,1.2551361048030751,0.0928148951969247,0.0739480721188297
2021-03-19,6848.0883,132737.0883,125889.0,1.327371,100000.0,1.348,1.222260552278447,0.1051104477215529,0.0859967602861877
2021-03-22,6848.0883,133917.0883,127069.0,1.339171,100000.0,1.3274,1.234480812675523,0.1046901873244769,0.0848050340268791
2021-03-23,6848.0883,131572.0883,124724.0,1.315721,100000.0,1.3392,1.2227866493875468,0.0929343506124531,0.0760020978794631
2021-03-24,6848.0883,127843.0883,120995.0,1.278431,100000.0,1.3157,1.203121328875601,0.075309671124399,0.0625952423225519
2021-03-25,6848.0883,129302.0883,122454.0,1.293021,100000.0,1.2784,1.2025505115593802,0.0904704884406197,0.0752321732609004
2021-03-26,6848.0883,130438.0883,123590.0,1.304381,100000.0,1.293,1.22980323035635,0.07457776964365,0.0606420342724585
2021-03-29,6848.0883,131059.0883,124211.0,1.310591,100000.0,1.3044,1.2319726974347711,0.0786183025652287,0.0638149714915994
2021-03-30,6848.0883,131593.0883,124745.0,1.315931,100000.0,1.3106,1.2436536057705274,0.0722773942294725,0.0581169820069726
2021-03-31,6848.0883,130142.0883,123294.0,1.301421,100000.0,1.3159,1.2323348041773652,0.0690861958226347,0.0560612226388856
2021-04-01,131099.3514,131099.3514,0.0,1.310994,100000.0,1.3014,1.247570944568644,0.0634230554313559,0.050837233511626
2021-04-02,131099.3514,131099.3514,0.0,1.310994,100000.0,1.311,1.2599666683111268,0.0510273316888731,0.0404989536407902
2021-04-06,131099.3514,131099.3514,0.0,1.310994,100000.0,1.311,1.254787936509316,0.056206063490684,0.0447932768998746
2021-04-07,131099.3514,131099.3514,0.0,1.310994,100000.0,1.311,1.2458539034284215,0.0651400965715784,0.0522855018492309
2021-04-08,131099.3514,131099.3514,0.0,1.310994,100000.0,1.311,1.2479204554450405,0.0630735445549597,0.0505429206483085
2021-04-09,131099.3514,131099.3514,0.0,1.310994,100000.0,1.311,1.229155739366239,0.0818382606337611,0.0665808717420604
2021-04-12,131099.3514,131099.3514,0.0,1.310994,100000.0,1.311,1.207774134442466,0.103219865557534,0.0854628879804439
2021-04-13,131099.3514,131099.3514,0.0,1.310994,100000.0,1.311,1.205796363754067,0.105197636245933,0.0872432853574178
2021-04-14,131099.3514,131099.3514,0.0,1.310994,100000.0,1.311,1.215800825766436,0.0951931742335641,0.0782966849636368
2021-04-15,131099.3514,131099.3514,0.0,1.310994,100000.0,1.311,1.2080739453506864,0.1029200546493136,0.0851935057828248
2021-04-16,131099.3514,131099.3514,0.0,1.310994,100000.0,1.311,1.2122742761581655,0.0987197238418342,0.0814334889252028
2021-04-19,131099.3514,131099.3514,0.0,1.310994,100000.0,1.311,1.2417709143434472,0.0692230856565527,0.0557454558300334
2021-04-20,131099.3514,131099.3514,0.0,1.310994,100000.0,1.311,1.2408796591675777,0.0701143408324225,0.0565037393549165
2021-04-21,131099.3514,131099.3514,0.0,1.310994,100000.0,1.311,1.2446338863805508,0.0663601136194491,0.0533169748514779
2021-04-22,131099.3514,131099.3514,0.0,1.310994,100000.0,1.311,1.2423145382586127,0.0686794617413872,0.0552834726040132
2021-04-23,131099.3514,131099.3514,0.0,1.310994,100000.0,1.311,1.2535946490612258,0.0573993509387742,0.0457878078705573
2021-04-26,131099.3514,131099.3514,0.0,1.310994,100000.0,1.311,1.239383729182432,0.0716102708175678,0.05777893410365
2021-04-27,131099.3514,131099.3514,0.0,1.310994,100000.0,1.311,1.242626017430482,0.068367982569518,0.0550189530965159
2021-04-28,131099.3514,131099.3514,0.0,1.310994,100000.0,1.311,1.2496373745322962,0.0613566254677038,0.0490995441702981
2021-04-29,131099.3514,131099.3514,0.0,1.310994,100000.0,1.311,1.2606043462426886,0.0503896537573114,0.0399726162356182
2021-04-30,131099.3514,131099.3514,0.0,1.310994,100000.0,1.311,1.2506740680236828,0.0603199319763172,0.0482299373741992
2021-05-06,131099.3514,131099.3514,0.0,1.310994,100000.0,1.311,1.2354504990880075,0.0755435009119922,0.0611465218296949
2021-05-07,131099.3514,131099.3514,0.0,1.310994,100000.0,1.311,1.2195661109782223,0.0914278890217776,0.0749675546071404
2021-05-10,131099.3514,131099.3514,0.0,1.310994,100000.0,1.311,1.218679835563408,0.0923141644365921,0.0757493163853937
2021-05-11,131099.3514,131099.3514,0.0,1.310994,100000.0,1.311,1.2261586311183654,0.0848353688816345,0.0691879229396748
2021-05-12,131099.3514,131099.3514,0.0,1.310994,100000.0,1.311,1.2314041258931436,0.0795898741068563,0.0646334314083358
2021-05-13,131099.3514,131099.3514,0.0,1.310994,100000.0,1.311,1.2188145332178253,0.0921794667821747,0.0756304296264085
2021-05-14,131099.3514,131099.3514,0.0,1.310994,100000.0,1.311,1.2475253699907538,0.0634686300092461,0.0508756226814983
2021-05-17,131099.3514,131099.3514,0.0,1.310994,100000.0,1.311,1.265685679776807,0.0453083202231929,0.0357974503047096
2021-05-18,131099.3514,131099.3514,0.0,1.310994,100000.0,1.311,1.266324260900325,0.0446697390996753,0.0352751190819926
2021-05-19,131099.3514,131099.3514,0.0,1.310994,100000.0,1.311,1.2625822878052413,0.0484117121947587,0.0383434114848175
2021-05-20,131099.3514,131099.3514,0.0,1.310994,100000.0,1.311,1.2660339457129397,0.0449600542870602,0.0355125187909097
2021-05-21,131099.3514,131099.3514,0.0,1.310994,100000.0,1.311,1.253276066406676,0.057717933593324,0.0460536470299075
2021-05-24,131099.3514,131099.3514,0.0,1.310994,100000.0,1.311,1.2585095023483115,0.0524844976516885,0.0417036959623706
2021-05-25,131099.3514,131099.3514,0.0,1.310994,100000.0,1.311,1.298272040001347,0.0127219599986529,0.0097991481035359
2021-05-26,131099.3514,131099.3514,0.0,1.310994,100000.0,1.311,1.2987882508201172,0.0122057491798828,0.0093977976565275
2021-05-27,131099.3514,131099.3514,0.0,1.310994,100000.0,1.311,1.3030943283182346,0.0078996716817654,0.0060622408601538
2021-05-28,131099.3514,131099.3514,0.0,1.310994,100000.0,1.311,1.298909302952821,0.012084697047179,0.0093037266110165
2021-05-31,131099.3514,131099.3514,0.0,1.310994,100000.0,1.311,1.3014677772477703,0.0095262227522296,0.007319599392906
2021-06-01,50609.0106,131035.0106,80426.0,1.31035,100000.0,1.311,1.303935737062368,0.006414262937632,0.0049191557185805
2021-06-02,50609.0106,130359.0106,79750.0,1.30359,100000.0,1.3104,1.2913139468143464,0.0122760531856536,0.0095066371860526
2021-06-03,50609.0106,128867.0106,78258.0,1.28867,100000.0,1.3036,1.2828463757628592,0.0058236242371407,0.0045396115600184
2021-06-04,50609.0106,131710.0106,81101.0,1.3171,100000.0,1.2887,1.289435209903398,0.027664790096602,0.0214549671702191
2021-06-07,50609.0106,129429.0106,78820.0,1.29429,100000.0,1.3171,1.2883000928993955,0.0059899071006042,0.0046494657057143
2021-06-08,50609.0106,132130.0106,81521.0,1.3213,100000.0,1.2943,1.2771906853764758,0.044109314623524,0.0345362013116483
2021-06-09,50609.0106,131946.0106,81337.0,1.31946,100000.0,1.3213,1.2782483475675983,0.0412116524324015,0.0322407241995061
2021-06-10,50609.0106,136894.0106,86285.0,1.36894,100000.0,1.3195,1.286796156239613,0.0821438437603869,0.0638359411955618
2021-06-11,50609.0106,141211.0106,90602.0,1.41211,100000.0,1.3689,1.2753810060342747,0.1367289939657252,0.1072063903404649
2021-06-15,50609.0106,141573.0106,90964.0,1.41573,100000.0,1.4121,1.2611878814780746,0.1545421185219253,0.122536951703664
2021-06-16,92572.3872,134772.3872,42200.0,1.347724,100000.0,1.4157,1.2401779766601044,0.1075460233398954,0.0867182173558067
2021-06-17,92572.3872,138992.3872,46420.0,1.389924,100000.0,1.3477,1.2454022098080255,0.1445217901919744,0.116044269918432
2021-06-18,92572.3872,141572.3872,49000.0,1.415724,100000.0,1.3899,1.2455421557400257,0.1701818442599743,0.1366327454078522
2021-06-21,92572.3872,141088.3872,48516.0,1.410884,100000.0,1.4157,1.242593282824724,0.1682907171752758,0.1354350771901078
2021-06-22,92572.3872,140148.3872,47576.0,1.401484,100000.0,1.4109,1.2503492362572208,0.1511347637427791,0.120874040116331
2021-06-23,92572.3872,141232.3872,48660.0,1.412324,100000.0,1.4015,1.256509371556352,0.1558146284436479,0.1240059421527839
2021-06-24,92572.3872,141550.3872,48978.0,1.415504,100000.0,1.4123,1.2586038004706412,0.1569001995293588,0.1246621053191543
2021-06-25,92572.3872,141570.3872,48998.0,1.415704,100000.0,1.4155,1.279107380760171,0.1365966192398291,0.1067905801299107
2021-06-28,92572.3872,143298.3872,50726.0,1.432984,100000.0,1.4157,1.2819858779346816,0.1509981220653184,0.1177845440143077
2021-06-29,92572.3872,143232.3872,50660.0,1.432324,100000.0,1.433,1.2670427134854692,0.1652812865145307,0.1304464993605965
2021-06-30,92572.3872,142772.3872,50200.0,1.427724,100000.0,1.4323,1.2752194079059227,0.1525045920940773,0.1195908650296577
2021-07-01,139830.8712,139830.8712,0.0,1.398309,100000.0,1.4277,1.2765920643943645,0.1217169356056355,0.0953452077609302
2021-07-02,139830.8712,139830.8712,0.0,1.398309,100000.0,1.3983,1.24033086020661,0.1579781397933901,0.1273677410292562
2021-07-05,139830.8712,139830.8712,0.0,1.398309,100000.0,1.3983,1.2414721042695571,0.1568368957304429,0.1263313893168149
2021-07-06,139830.8712,139830.8712,0.0,1.398309,100000.0,1.3983,1.2408159231081932,0.1574930768918068,0.1269270275781866
2021-07-07,139830.8712,139830.8712,0.0,1.398309,100000.0,1.3983,1.2548240885981512,0.1434849114018488,0.1143466344849544
2021-07-08,139830.8712,139830.8712,0.0,1.398309,100000.0,1.3983,1.2420736301122832,0.1562353698877168,0.1257859164706629
2021-07-09,139830.8712,139830.8712,0.0,1.398309,100000.0,1.3983,1.2374794343801874,0.1608295656198126,0.1299654452038363
2021-07-12,139830.8712,139830.8712,0.0,1.398309,100000.0,1.3983,1.2529246759145876,0.1453843240854124,0.1160359651942264
2021-07-13,139830.8712,139830.8712,0.0,1.398309,100000.0,1.3983,1.2552169038672507,0.1430920961327493,0.1139979040211225
2021-07-14,139830.8712,139830.8712,0.0,1.398309,100000.0,1.3983,1.240811187453072,0.1574978125469279,0.1269313285853046
2021-07-15,139830.8712,139830.8712,0.0,1.398309,100000.0,1.3983,1.257502589780881,0.1408064102191191,0.1119730578397095
2021-07-16,139830.8712,139830.8712,0.0,1.398309,100000.0,1.3983,1.2436642487892529,0.1546447512107471,0.1243460615365432
2021-07-19,139830.8712,139830.8712,0.0,1.398309,100000.0,1.3983,1.2482343512656562,0.1500746487343438,0.1202295455033539
2021-07-20,139830.8712,139830.8712,0.0,1.398309,100000.0,1.3983,1.247135776919984,0.151173223080016,0.121216330954248
2021-07-21,139830.8712,139830.8712,0.0,1.398309,100000.0,1.3983,1.2556913725712953,0.1426176274287047,0.1135769748394981
2021-07-22,139830.8712,139830.8712,0.0,1.398309,100000.0,1.3983,1.2575731608064191,0.1407358391935809,0.1119106574311223
2021-07-23,139830.8712,139830.8712,0.0,1.398309,100000.0,1.3983,1.2423108034378216,0.1559981965621784,0.1255709892649148
2021-07-26,139830.8712,139830.8712,0.0,1.398309,100000.0,1.3983,1.2022947129510717,0.1960142870489283,0.1630334766821064
2021-07-27,139830.8712,139830.8712,0.0,1.398309,100000.0,1.3983,1.1598236979066034,0.2384853020933965,0.2056220290410042
2021-07-28,139830.8712,139830.8712,0.0,1.398309,100000.0,1.3983,1.1620620516796183,0.2362469483203815,0.203299770420104
2021-07-29,139830.8712,139830.8712,0.0,1.398309,100000.0,1.3983,1.1839808117113044,0.2143281882886956,0.1810233630213225
2021-07-30,139830.8712,139830.8712,0.0,1.398309,100000.0,1.3983,1.1744350247490465,0.2238739752509535,0.1906226998797069
2021-08-02,139830.8712,139830.8712,0.0,1.398309,100000.0,1.3983,1.20435423471679,0.1939547652832101,0.1610446160209828
2021-08-03,139830.8712,139830.8712,0.0,1.398309,100000.0,1.3983,1.204530552432966,0.1937784475670338,0.1608746637232498
2021-08-04,139830.8712,139830.8712,0.0,1.398309,100000.0,1.3983,1.2153663172037978,0.1829426827962021,0.1505247267483105
2021-08-05,139830.8712,139830.8712,0.0,1.398309,100000.0,1.3983,1.2079997859679172,0.1903092140320827,0.1575407680056799
2021-08-06,139830.8712,139830.8712,0.0,1.398309,100000.0,1.3983,1.2013831481614885,0.1969258518385117,0.163915943169232
2021-08-09,139830.8712,139830.8712,0.0,1.398309,100000.0,1.3983,1.2170054397298669,0.1813035602701331,0.1489751437022139
2021-08-10,139830.8712,139830.8712,0.0,1.398309,100000.0,1.3983,1.231062353174858,0.1672466468251421,0.1358555449233096
2021-08-11,139830.8712,139830.8712,0.0,1.398309,100000.0,1.3983,1.2242744018239011,0.1740345981760986,0.1421532606716478
2021-08-12,139830.8712,139830.8712,0.0,1.398309,100000.0,1.3983,1.2140244668842357,0.1842845331157645,0.1517963913764657
2021-08-13,139830.8712,139830.8712,0.0,1.398309,100000.0,1.3983,1.2073437756807075,0.1909652243192925,0.1581697178267433
2021-08-16,139830.8712,139830.8712,0.0,1.398309,100000.0,1.3983,1.2061439217829912,0.1921650782170088,0.1593218477053213
2021-08-17,139830.8712,139830.8712,0.0,1.398309,100000.0,1.3983,1.18083887541275,0.2174701245872499,0.1841657901982905
2021-08-18,139830.8712,139830.8712,0.0,1.398309,100000.0,1.3983,1.1947126361754112,0.2035963638245888,0.1704145060994368
2021-08-19,139830.8712,139830.8712,0.0,1.398309,100000.0,1.3983,1.1868770797978152,0.2114319202021848,0.1781413794242301
2021-08-20,139830.8712,139830.8712,0.0,1.398309,100000.0,1.3983,1.1642065711315783,0.2341024288684214,0.2010832395842603
2021-08-23,139830.8712,139830.8712,0.0,1.398309,100000.0,1.3983,1.180466565042112,0.217842434957888,0.1845392672770165
2021-08-24,139830.8712,139830.8712,0.0,1.398309,100000.0,1.3983,1.1932850558518044,0.2050239441481955,0.1718147253606918
2021-08-25,139830.8712,139830.8712,0.0,1.398309,100000.0,1.3983,1.1956692385098306,0.2026397614901693,0.1694781089649177
2021-08-26,139830.8712,139830.8712,0.0,1.398309,100000.0,1.3983,1.1721013476087794,0.2262076523912206,0.1929932534014315
2021-08-27,139830.8712,139830.8712,0.0,1.398309,100000.0,1.3983,1.1783099135252295,0.2199990864747705,0.1867073203318678
2021-08-30,139830.8712,139830.8712,0.0,1.398309,100000.0,1.3983,1.1749478424953337,0.2233611575046663,0.1901030406850195
2021-08-31,139830.8712,139830.8712,0.0,1.398309,100000.0,1.3983,1.1730778933980115,0.2252311066019883,0.1920001287805106
2021-09-01,139830.8712,139830.8712,0.0,1.398309,100000.0,1.3983,1.1886637643610272,0.2096452356389728,0.1763705110937481
2021-09-02,139830.8712,139830.8712,0.0,1.398309,100000.0,1.3983,1.1886521937397525,0.2096568062602477,0.1763819621622224
2021-09-03,139830.8712,139830.8712,0.0,1.398309,100000.0,1.3983,1.1822202708936314,0.2160887291063686,0.1827821214256704
2021-09-06,139830.8712,139830.8712,0.0,1.398309,100000.0,1.3983,1.2043518424786364,0.1939571575213636,0.1610469222367667
2021-09-07,139830.8712,139830.8712,0.0,1.398309,100000.0,1.3983,1.2187792843209468,0.1795297156790531,0.1473028939600658
2021-09-08,139830.8712,139830.8712,0.0,1.398309,100000.0,1.3983,1.2137270238035758,0.1845819761964242,0.1520786573722166
2021-09-09,139830.8712,139830.8712,0.0,1.398309,100000.0,1.3983,1.2132097389186955,0.1850992610813044,0.1525698773620782
2021-09-10,139830.8712,139830.8712,0.0,1.398309,100000.0,1.3983,1.223830446361615,0.174478553638385,0.1425675870028409
2021-09-13,139830.8712,139830.8712,0.0,1.398309,100000.0,1.3983,1.2184937780204632,0.1798152219795368,0.1475717194647152
2021-09-14,139830.8712,139830.8712,0.0,1.398309,100000.0,1.3983,1.2003083497337943,0.1980006502662055,0.164958154552635
2021-09-15,139830.8712,139830.8712,0.0,1.398309,100000.0,1.3983,1.1881413776621252,0.2101676223378747,0.1768877225296337
2021-09-16,139830.8712,139830.8712,0.0,1.398309,100000.0,1.3983,1.1735875621777487,0.2247214378222513,0.1914824637415639
2021-09-17,139830.8712,139830.8712,0.0,1.398309,100000.0,1.3983,1.1853638182913515,0.2129451817086485,0.1796454206064761
2021-09-22,139830.8712,139830.8712,0.0,1.398309,100000.0,1.3983,1.1770220594382823,0.2212869405617177,0.1880057716737475
2021-09-23,139830.8712,139830.8712,0.0,1.398309,100000.0,1.3983,1.1846938695553066,0.2136151304446933,0.1803125144260915
2021-09-24,139830.8712,139830.8712,0.0,1.398309,100000.0,1.3983,1.1837740783957449,0.2145349216042553,0.1812296159542485
2021-09-27,139830.8712,139830.8712,0.0,1.398309,100000.0,1.3983,1.19059491081602,0.2077140891839799,0.1744624366331408
2021-09-28,139830.8712,139830.8712,0.0,1.398309,100000.0,1.3983,1.1921713957594076,0.2061376042405924,0.1729093693858372
2021-09-29,139830.8712,139830.8712,0.0,1.398309,100000.0,1.3983,1.1799905340600898,0.2183184659399102,0.1850171333059123
2021-09-30,139830.8712,139830.8712,0.0,1.398309,100000.0,1.3983,1.187912870097246,0.2103961299027539,0.1771141092911388
2021-10-08,139830.8712,139830.8712,0.0,1.398309,100000.0,1.3983,1.2034278282864157,0.1948811717135845,0.1619383955837881
2021-10-11,139830.8712,139830.8712,0.0,1.398309,100000.0,1.3983,1.2049537100696708,0.1933552899303292,0.1604669858389409
2021-10-12,139830.8712,139830.8712,0.0,1.398309,100000.0,1.3983,1.1921735683022203,0.2061354316977794,0.1729072319488998
2021-10-13,139830.8712,139830.8712,0.0,1.398309,100000.0,1.3983,1.2059098974240023,0.1923991025759976,0.1595468309755066
2021-10-14,139830.8712,139830.8712,0.0,1.398309,100000.0,1.3983,1.1994419201314197,0.1988670798685803,0.1657996744409191
2021-10-15,139830.8712,139830.8712,0.0,1.398309,100000.0,1.3983,1.2039569278985045,0.1943520721014957,0.1614277617395627
2021-10-18,139830.8712,139830.8712,0.0,1.398309,100000.0,1.3983,1.1899615779700847,0.2083474220299153,0.1750875203763537
2021-10-19,139830.8712,139830.8712,0.0,1.398309,100000.0,1.3983,1.201665944886105,0.1966430551138953,0.1636420304251307
2021-10-20,139830.8712,139830.8712,0.0,1.398309,100000.0,1.3983,1.19860519822122,0.19970380177878,0.166613495482206
2021-10-21,139830.8712,139830.8712,0.0,1.398309,100000.0,1.3983,1.202957851131557,0.1953511488684429,0.1623923470674277
2021-10-22,139830.8712,139830.8712,0.0,1.398309,100000.0,1.3983,1.2106984014796145,0.1876105985203855,0.1549606394880043
2021-10-25,139830.8712,139830.8712,0.0,1.398309,100000.0,1.3983,1.2155312351728536,0.1827777648271464,0.1503686285783965
2021-10-26,139830.8712,139830.8712,0.0,1.398309,100000.0,1.3983,1.2115217707952202,0.1867872292047798,0.1541757100098797
2021-10-27,139830.8712,139830.8712,0.0,1.398309,100000.0,1.3983,1.1956709960725556,0.2026380039274444,0.1694763899041238
2021-10-28,139830.8712,139830.8712,0.0,1.398309,100000.0,1.3983,1.1873649499176404,0.2109440500823596,0.177657299128622
2021-10-29,139830.8712,139830.8712,0.0,1.398309,100000.0,1.3983,1.1982599103774834,0.2000490896225166,0.1669496641671806
2021-11-01,139830.8712,139830.8712,0.0,1.398309,100000.0,1.3983,1.1938452545598934,0.2044637454401066,0.1712648642352574
2021-11-02,139830.8712,139830.8712,0.0,1.398309,100000.0,1.3983,1.1814350553355206,0.2168739446644794,0.1835682322824663
2021-11-03,139830.8712,139830.8712,0.0,1.398309,100000.0,1.3983,1.1768620235879084,0.2214469764120916,0.1881673229092435
2021-11-04,139830.8712,139830.8712,0.0,1.398309,100000.0,1.3983,1.188488789227489,0.2098202107725113,0.1765437021150981
2021-11-05,139830.8712,139830.8712,0.0,1.398309,100000.0,1.3983,1.1820453445812795,0.2162636554187202,0.1829571567707735
2021-11-08,139830.8712,139830.8712,0.0,1.398309,100000.0,1.3983,1.1834693853688427,0.2148396146311573,0.1815337323357966
2021-11-09,139830.8712,139830.8712,0.0,1.398309,100000.0,1.3983,1.183119068942864,0.2151899310571361,0.1818835793504807
2021-11-10,139830.8712,139830.8712,0.0,1.398309,100000.0,1.3983,1.176881698526194,0.2214273014738059,0.1881474592995191
2021-11-11,139830.8712,139830.8712,0.0,1.398309,100000.0,1.3983,1.1957902418213473,0.2025187581786527,0.1693597682066627
2021-11-12,139830.8712,139830.8712,0.0,1.398309,100000.0,1.3983,1.1932813210310134,0.2050276789689866,0.1718183929937322
2021-11-15,139830.8712,139830.8712,0.0,1.398309,100000.0,1.3983,1.1918173689232303,0.2064916310767695,0.173257779640624
2021-11-16,139830.8712,139830.8712,0.0,1.398309,100000.0,1.3983,1.1920475364084615,0.2062614635915383,0.1730312401911309
2021-11-17,139830.8712,139830.8712,0.0,1.398309,100000.0,1.3983,1.1926416414307923,0.2056673585692077,0.1724469039354286
2021-11-18,139830.8712,139830.8712,0.0,1.398309,100000.0,1.3983,1.1808913825991676,0.2174176174008324,0.1841131374185249
2021-11-19,139830.8712,139830.8712,0.0,1.398309,100000.0,1.3983,1.193692053675673,0.204616946324327,0.1714151867680284
2021-11-22,139830.8712,139830.8712,0.0,1.398309,100000.0,1.3983,1.1991457464016166,0.1991632535983833,0.1660876121155667
2021-11-23,139830.8712,139830.8712,0.0,1.398309,100000.0,1.3983,1.199376841489397,0.1989321585106029,0.1658629311731307
2021-11-24,139830.8712,139830.8712,0.0,1.398309,100000.0,1.3983,1.2001853691642117,0.1981236308357883,0.1650775254607195
2021-11-25,139830.8712,139830.8712,0.0,1.398309,100000.0,1.3983,1.1952504503693462,0.2030585496306538,0.169887867072467
2021-11-26,139830.8712,139830.8712,0.0,1.398309,100000.0,1.3983,1.1863857189631333,0.2119232810368667,0.1786293257323441
2021-11-29,139830.8712,139830.8712,0.0,1.398309,100000.0,1.3983,1.1842611429659866,0.2140478570340134,0.1807437981946529
2021-11-30,139830.8712,139830.8712,0.0,1.398309,100000.0,1.3983,1.1795262201629015,0.2187827798370984,0.1854836086703379
2021-12-01,139830.8712,139830.8712,0.0,1.398309,100000.0,1.3983,1.1824127728332363,0.2158962271667637,0.182589559354509
2021-12-02,139830.8712,139830.8712,0.0,1.398309,100000.0,1.3983,1.1854182050934612,0.2128907949065388,0.1795912986588173
2021-12-03,139830.8712,139830.8712,0.0,1.398309,100000.0,1.3983,1.1963674547130403,0.2019415452869597,0.1687955857470204
2021-12-06,139830.8712,139830.8712,0.0,1.398309,100000.0,1.3983,1.194317794827059,0.2039912051729413,0.1708014450228299
2021-12-07,139830.8712,139830.8712,0.0,1.398309,100000.0,1.3983,1.2015141842268953,0.1967948157731047,0.1637890075344643
2021-12-08,139830.8712,139830.8712,0.0,1.398309,100000.0,1.3983,1.2195361103589262,0.1787728896410738,0.146590894785771
2021-12-09,139830.8712,139830.8712,0.0,1.398309,100000.0,1.3983,1.2397383906940376,0.1585706093059624,0.1279065087410824
2021-12-10,139830.8712,139830.8712,0.0,1.398309,100000.0,1.3983,1.233984105920885,0.1643248940791151,0.1331661350341983
2021-12-13,139830.8712,139830.8712,0.0,1.398309,100000.0,1.3983,1.240985918480677,0.1573230815193229,0.1267726564632831
2021-12-14,139830.8712,139830.8712,0.0,1.398309,100000.0,1.3983,1.2326605879569703,0.1656484120430295,0.1343828249733996
2021-12-15,139830.8712,139830.8712,0.0,1.398309,100000.0,1.3983,1.2219696756474134,0.1763393243525866,0.1443074471215171
2021-12-16,139830.8712,139830.8712,0.0,1.398309,100000.0,1.3983,1.229007982044349,0.1693010179556511,0.1377542053665374
2021-12-17,139830.8712,139830.8712,0.0,1.398309,100000.0,1.3983,1.2094862934640076,0.1888227065359924,0.1561181036580399
2021-12-20,139830.8712,139830.8712,0.0,1.398309,100000.0,1.3983,1.1913389457030534,0.2069700542969466,0.1737289417452947
2021-12-21,139830.8712,139830.8712,0.0,1.398309,100000.0,1.3983,1.1994109186777926,0.1988980813222074,0.1658298071368809
2021-12-22,139830.8712,139830.8712,0.0,1.398309,100000.0,1.3983,1.199647481738496,0.1986615182615039,0.1655999127123653
2021-12-23,139830.8712,139830.8712,0.0,1.398309,100000.0,1.3983,1.208016531634994,0.190292468365006,0.1575247220395685
2021-12-24,139830.8712,139830.8712,0.0,1.398309,100000.0,1.3983,1.20132949367718,0.1969795063228199,0.163967926667546
2021-12-27,139830.8712,139830.8712,0.0,1.398309,100000.0,1.3983,1.2008361311738385,0.1974728688261615,0.1644461419004177
2021-12-28,139830.8712,139830.8712,0.0,1.398309,100000.0,1.3983,1.20978031906159,0.1885286809384101,0.1558371201514083
2021-12-29,139830.8712,139830.8712,0.0,1.398309,100000.0,1.3983,1.1920865445367246,0.2062224554632754,0.1729928556012843
2021-12-30,139830.8712,139830.8712,0.0,1.398309,100000.0,1.3983,1.201370015262235,0.1969389847377649,0.1639286666354638
2021-12-31,139830.8712,139830.8712,0.0,1.398309,100000.0,1.3983,1.2059744390329683,0.1923345609670317,0.1594847740896221
2022-01-04,139830.8712,139830.8712,0.0,1.398309,100000.0,1.3983,1.2004556920755962,0.1978533079244038,0.1648151691315771
2022-01-05,139830.8712,139830.8712,0.0,1.398309,100000.0,1.3983,1.1883370285682788,0.2099719714317212,0.1766939566670724
2022-01-06,139830.8712,139830.8712,0.0,1.398309,100000.0,1.3983,1.1761589740872027,0.2221500259127973,0.1888775504052964
2022-01-07,139830.8712,139830.8712,0.0,1.398309,100000.0,1.3983,1.1771688647470289,0.2211401352529711,0.1878576148890021
2022-01-10,139830.8712,139830.8712,0.0,1.398309,100000.0,1.3983,1.182460153795038,0.2158488462049619,0.1825421732074501
2022-01-11,139830.8712,139830.8712,0.0,1.398309,100000.0,1.3983,1.1711649816562937,0.2271440183437065,0.1939470714215458
2022-01-12,139830.8712,139830.8712,0.0,1.398309,100000.0,1.3983,1.182834514655522,0.2154744853444778,0.1821679048714863
2022-01-13,139830.8712,139830.8712,0.0,1.398309,100000.0,1.3983,1.16338913359017,0.2349198664098299,0.2019271623114418
2022-01-14,139830.8712,139830.8712,0.0,1.398309,100000.0,1.3983,1.1538232567095383,0.2444857432904617,0.2118918490061325
2022-01-17,139830.8712,139830.8712,0.0,1.398309,100000.0,1.3983,1.1637204097532916,0.2345885902467084,0.2015850098362037
2022-01-18,139830.8712,139830.8712,0.0,1.398309,100000.0,1.3983,1.1749666142416626,0.2233423857583374,0.190084027112962
2022-01-19,139830.8712,139830.8712,0.0,1.398309,100000.0,1.3983,1.1669187345226155,0.2313902654773842,0.1982916707323629
2022-01-20,139830.8712,139830.8712,0.0,1.398309,100000.0,1.3983,1.1774471943330516,0.2208618056669484,0.1875768244469362
2022-01-21,139830.8712,139830.8712,0.0,1.398309,100000.0,1.3983,1.1666589569875825,0.2316500430124175,0.1985584918582879
2022-01-24,139830.8712,139830.8712,0.0,1.398309,100000.0,1.3983,1.168471077389124,0.229837922610876,0.1966997104664622
2022-01-25,139830.8712,139830.8712,0.0,1.398309,100000.0,1.3983,1.1420376757492547,0.2562713242507453,0.2243983098741586
2022-01-26,139830.8712,139830.8712,0.0,1.398309,100000.0,1.3983,1.1503030538555548,0.2480059461444452,0.2156005283244146
2022-01-27,139830.8712,139830.8712,0.0,1.398309,100000.0,1.3983,1.1277392683036918,0.2705697316963082,0.2399222402739333
2022-01-28,139830.8712,139830.8712,0.0,1.398309,100000.0,1.3983,1.114043826925866,0.2842651730741339,0.2551651615525268
2022-02-07,139830.8712,139830.8712,0.0,1.398309,100000.0,1.3983,1.1312088435869505,0.2671001564130495,0.2361192258417124
2022-02-08,139830.8712,139830.8712,0.0,1.398309,100000.0,1.3983,1.1250288136541926,0.2732801863458074,0.2429094997648722
2022-02-09,139830.8712,139830.8712,0.0,1.398309,100000.0,1.3983,1.135595671328057,0.2627133286719429,0.2313440736919196
2022-02-10,139830.8712,139830.8712,0.0,1.398309,100000.0,1.3983,1.132617969501942,0.265691030498058,0.2345813307331625
2022-02-11,139830.8712,139830.8712,0.0,1.398309,100000.0,1.3983,1.123227897715025,0.275081102284975,0.2449023059742112
2022-02-14,139830.8712,139830.8712,0.0,1.398309,100000.0,1.3983,1.1110940019974216,0.2872149980025784,0.2584974785987954
2022-02-15,139830.8712,139830.8712,0.0,1.398309,100000.0,1.3983,1.122912317563464,0.2753966824365361,0.2452521698524974
2022-02-16,139830.8712,139830.8712,0.0,1.398309,100000.0,1.3983,1.127278591584922,0.2710304084150781,0.240428950250902
2022-02-17,139830.8712,139830.8712,0.0,1.398309,100000.0,1.3983,1.1300066218616738,0.2683023781383262,0.2374343414875754
2022-02-18,139830.8712,139830.8712,0.0,1.398309,100000.0,1.3983,1.135394259521859,0.2629147404781411,0.2315625063921502
2022-02-21,139830.8712,139830.8712,0.0,1.398309,100000.0,1.3983,1.131263572137368,0.2670454278626319,0.2360594245584042
2022-02-22,139830.8712,139830.8712,0.0,1.398309,100000.0,1.3983,1.116577817395629,0.2817311826043713,0.2523166573929416
2022-02-23,139830.8712,139830.8712,0.0,1.398309,100000.0,1.3983,1.1285130841146824,0.2697959158853176,0.2390720317584729
2022-02-24,139830.8712,139830.8712,0.0,1.398309,100000.0,1.3983,1.105633620768885,0.292675379231115,0.2647128069672675
2022-02-25,139830.8712,139830.8712,0.0,1.398309,100000.0,1.3983,1.1164001082756283,0.2819088917243715,0.2525160017762833
2022-02-28,139830.8712,139830.8712,0.0,1.398309,100000.0,1.3983,1.1184069519807749,0.2799020480192251,0.2502685158774269
2022-03-01,139830.8712,139830.8712,0.0,1.398309,100000.0,1.3983,1.127692814944439,0.270616185055561,0.2399733167306685
2022-03-02,139830.8712,139830.8712,0.0,1.398309,100000.0,1.3983,1.1176636005903555,0.2806453994096443,0.2511000620056034
2022-03-03,139830.8712,139830.8712,0.0,1.398309,100000.0,1.3983,1.1110794776943445,0.2872295223056555,0.2585139299860886
2022-03-04,139830.8712,139830.8712,0.0,1.398309,100000.0,1.3983,1.097605269524563,0.3007037304754369,0.2739634537338631
2022-03-07,139830.8712,139830.8712,0.0,1.398309,100000.0,1.3983,1.062538817420503,0.335770182579497,0.316007450339214
2022-03-08,139830.8712,139830.8712,0.0,1.398309,100000.0,1.3983,1.0412072542132136,0.3571017457867864,0.3429689375883475
2022-03-09,139830.8712,139830.8712,0.0,1.398309,100000.0,1.3983,1.0316762112493731,0.3666327887506269,0.3553758289208102
2022-03-10,139830.8712,139830.8712,0.0,1.398309,100000.0,1.3983,1.0479070833219726,0.3504019166780274,0.3343826206109968
2022-03-11,139830.8712,139830.8712,0.0,1.398309,100000.0,1.3983,1.0512475021555168,0.3470614978444832,0.3301425184201203
2022-03-14,139830.8712,139830.8712,0.0,1.398309,100000.0,1.3983,1.019083127859198,0.3792258721408021,0.3721245713658778
2022-03-15,139830.8712,139830.8712,0.0,1.398309,100000.0,1.3983,0.9724721494047442,0.4258368505952558,0.4378910499965607
2022-03-16,139830.8712,139830.8712,0.0,1.398309,100000.0,1.3983,1.014524034560421,0.3837849654395791,0.3782906588367496
2022-03-17,139830.8712,139830.8712,0.0,1.398309,100000.0,1.3983,1.0344466427268726,0.3638623572731274,0.3517458921940732
2022-03-18,139830.8712,139830.8712,0.0,1.398309,100000.0,1.3983,1.0413319191137416,0.3569770808862584,0.3428081616763223
2022-03-21,139830.8712,139830.8712,0.0,1.398309,100000.0,1.3983,1.0395851458707497,0.3587238541292505,0.3450644283963733
2022-03-22,139830.8712,139830.8712,0.0,1.398309,100000.0,1.3983,1.03874276070288,0.3595662392971201,0.3461552300531216
2022-03-23,139830.8712,139830.8712,0.0,1.398309,100000.0,1.3983,1.0439232744780096,0.3543857255219904,0.3394748773076192
2022-03-24,139830.8712,139830.8712,0.0,1.398309,100000.0,1.3983,1.0377690465424827,0.3605399534575173,0.3474182956783322
2022-03-25,139830.8712,139830.8712,0.0,1.398309,100000.0,1.3983,1.019038334420297,0.3792706655797033,0.3721848852677953
2022-03-28,139830.8712,139830.8712,0.0,1.398309,100000.0,1.3983,1.0126652411042858,0.3856437588957142,0.3808205745021715
2022-03-29,139830.8712,139830.8712,0.0,1.398309,100000.0,1.3983,1.0091691070954008,0.3891398929045992,0.3856042462740709
2022-03-30,139830.8712,139830.8712,0.0,1.398309,100000.0,1.3983,1.0384507855951433,0.3598582144048567,0.346533720612113
2022-03-31,139830.8712,139830.8712,0.0,1.398309,100000.0,1.3983,1.0307609360495915,0.3675480639504083,0.3565793493873004
2022-04-01,139830.8712,139830.8712,0.0,1.398309,100000.0,1.3983,1.0438355428053063,0.3544734571946935,0.3395874567003596
2022-04-06,139830.8712,139830.8712,0.0,1.398309,100000.0,1.3983,1.0408289144260046,0.3574800855739954,0.343457104831814
2022-04-07,139830.8712,139830.8712,0.0,1.398309,100000.0,1.3983,1.0274662382574982,0.3708427617425018,0.3609293891460823
2022-04-08,139830.8712,139830.8712,0.0,1.398309,100000.0,1.3983,1.032755305941507,0.3655536940584927,0.3539596378304124
2022-04-11,139830.8712,139830.8712,0.0,1.398309,100000.0,1.3983,1.000851490319211,0.3974575096807891,0.3971193663847412
2022-04-12,139830.8712,139830.8712,0.0,1.398309,100000.0,1.3983,1.0203561403053545,0.3779528596946457,0.3704126870658499
2022-04-13,139830.8712,139830.8712,0.0,1.398309,100000.0,1.3983,1.0105343671740408,0.3877746328259592,0.3837322563411385
2022-04-14,139830.8712,139830.8712,0.0,1.398309,100000.0,1.3983,1.0231867194850075,0.3751222805149925,0.3666215299430391
2022-04-15,139830.8712,139830.8712,0.0,1.398309,100000.0,1.3983,1.0224980478238197,0.3758109521761805,0.3675419752399707
2022-04-18,139830.8712,139830.8712,0.0,1.398309,100000.0,1.3983,1.0170391556414804,0.3812698443585196,0.3748821687381742
2022-04-19,139830.8712,139830.8712,0.0,1.398309,100000.0,1.3983,1.0093540417510498,0.3889549582489502,0.385350374754712
2022-04-20,139830.8712,139830.8712,0.0,1.398309,100000.0,1.3983,0.9937037268214404,0.4046052731785595,0.4071689199282469
2022-04-21,139830.8712,139830.8712,0.0,1.398309,100000.0,1.3983,0.975405814520354,0.4229031854796459,0.4335663978870212
2022-04-22,139830.8712,139830.8712,0.0,1.398309,100000.0,1.3983,0.9796580910706032,0.4186509089293968,0.4273438996169378
2022-04-25,139830.8712,139830.8712,0.0,1.398309,100000.0,1.3983,0.9312428280150916,0.4670661719849085,0.5015514299105446
2022-04-26,139830.8712,139830.8712,0.0,1.398309,100000.0,1.3983,0.9237260983979796,0.4745829016020203,0.5137701559207761
2022-04-27,139830.8712,139830.8712,0.0,1.398309,100000.0,1.3983,0.9509234783796968,0.4473855216203033,0.4704747877112205
2022-04-28,139830.8712,139830.8712,0.0,1.398309,100000.0,1.3983,0.9571655600408944,0.4411434399591057,0.4608851993590932
2022-04-29,139830.8712,139830.8712,0.0,1.398309,100000.0,1.3983,0.9803882607405824,0.4179207392594176,0.426280848103711
2022-05-05,139830.8712,139830.8712,0.0,1.398309,100000.0,1.3983,0.978916106673415,0.419392893326585,0.4284257767009063
2022-05-06,139830.8712,139830.8712,0.0,1.398309,100000.0,1.3983,0.9541649366675704,0.4441440633324297,0.4654793382825477
2022-05-09,139830.8712,139830.8712,0.0,1.398309,100000.0,1.3983,0.946505234204876,0.4518037657951241,0.4773388983682354
2022-05-10,139830.8712,139830.8712,0.0,1.398309,100000.0,1.3983,0.9568631371991791,0.4414458628008207,0.4613469216642316
2022-05-11,139830.8712,139830.8712,0.0,1.398309,100000.0,1.3983,0.9706684750685216,0.4276405249314784,0.4405629068166556
2022-05-12,139830.8712,139830.8712,0.0,1.398309,100000.0,1.3983,0.9663519254258328,0.4319570745741672,0.446997686048818
2022-05-13,139830.8712,139830.8712,0.0,1.398309,100000.0,1.3983,0.973640977438241,0.424668022561759,0.436164903082765
2022-05-16,139830.8712,139830.8712,0.0,1.398309,100000.0,1.3983,0.965814355337832,0.432494644662168,0.4478030816914973
2022-05-17,139830.8712,139830.8712,0.0,1.398309,100000.0,1.3983,0.9778623501772372,0.4204466498227628,0.4299650658873992
2022-05-18,139830.8712,139830.8712,0.0,1.398309,100000.0,1.3983,0.9744481625304182,0.4238608374695818,0.4349752544752228
2022-05-19,139830.8712,139830.8712,0.0,1.398309,100000.0,1.3983,0.9763257033222896,0.4219832966777105,0.4322156993734414
2022-05-20,139830.8712,139830.8712,0.0,1.398309,100000.0,1.3983,0.9953663079277728,0.4029426920722272,0.4048184963293595
2022-05-23,139830.8712,139830.8712,0.0,1.398309,100000.0,1.3983,0.9896011360299608,0.4087078639700393,0.4130026220560698
2022-05-24,139830.8712,139830.8712,0.0,1.398309,100000.0,1.3983,0.96645300969313,0.4318559903068701,0.4468463401484921
2022-05-25,139830.8712,139830.8712,0.0,1.398309,100000.0,1.3983,0.97231748388492,0.42599151611508,0.4381197738140219
2022-05-26,139830.8712,139830.8712,0.0,1.398309,100000.0,1.3983,0.9747258818516056,0.4235831181483945,0.4345664007030869
2022-05-27,139830.8712,139830.8712,0.0,1.398309,100000.0,1.3983,0.976740781052576,0.4215682189474241,0.4316070621041592
2022-05-30,139830.8712,139830.8712,0.0,1.398309,100000.0,1.3983,0.9835071778495544,0.4148018221504456,0.4217577985118652
2022-05-31,139830.8712,139830.8712,0.0,1.398309,100000.0,1.3983,0.9987637254969214,0.3995452745030786,0.4000398335495116
2022-06-01,139830.8712,139830.8712,0.0,1.398309,100000.0,1.3983,0.9967277843644344,0.4015812156355656,0.4028995899734395
2022-06-02,139830.8712,139830.8712,0.0,1.398309,100000.0,1.3983,0.9982878653890525,0.4000211346109475,0.4007071992756834
2022-06-06,139830.8712,139830.8712,0.0,1.398309,100000.0,1.3983,1.016966070324821,0.3813429296751791,0.3749809760647939
2022-06-07,139830.8712,139830.8712,0.0,1.398309,100000.0,1.3983,1.0201500660758154,0.3781589339241846,0.3706895156894305
2022-06-08,139830.8712,139830.8712,0.0,1.398309,100000.0,1.3983,1.030081198665591,0.3682278013344091,0.3574745387173617
2022-06-09,139830.8712,139830.8712,0.0,1.398309,100000.0,1.3983,1.0193069730007371,0.3790020269992629,0.3718232456347463
2022-06-10,139830.8712,139830.8712,0.0,1.398309,100000.0,1.3983,1.0347634922292912,0.3635455077707088,0.3513319811732898
2022-06-13,139830.8712,139830.8712,0.0,1.398309,100000.0,1.3983,1.022645853966897,0.375663146033103,0.3673443202022342
2022-06-14,139830.8712,139830.8712,0.0,1.398309,100000.0,1.3983,1.0306912682160096,0.3676177317839904,0.3566710450747177
2022-06-15,139830.8712,139830.8712,0.0,1.398309,100000.0,1.3983,1.044338352208297,0.353970647791703,0.3389424960246048
2022-06-16,139830.8712,139830.8712,0.0,1.398309,100000.0,1.3983,1.0374652078863509,0.3608437921136491,0.3478129091661817
2022-06-17,139830.8712,139830.8712,0.0,1.398309,100000.0,1.3983,1.0518633081953868,0.3464456918046132,0.3293637957568722
2022-06-20,139830.8712,139830.8712,0.0,1.398309,100000.0,1.3983,1.0570843435555717,0.3412246564444285,0.3227979475097486
2022-06-21,139830.8712,139830.8712,0.0,1.398309,100000.0,1.3983,1.0558962555638771,0.3424127444361227,0.3242863516485006
2022-06-22,139830.8712,139830.8712,0.0,1.398309,100000.0,1.3983,1.0424843432284696,0.3558246567715304,0.3413237417739792
2022-06-23,139830.8712,139830.8712,0.0,1.398309,100000.0,1.3983,1.060366421070874,0.3379425789291261,0.3187035841703047
2022-06-24,139830.8712,139830.8712,0.0,1.398309,100000.0,1.3983,1.0727899973004336,0.3255190026995664,0.3034321754664955
2022-06-27,139830.8712,139830.8712,0.0,1.398309,100000.0,1.3983,1.084871190546872,0.313437809453128,0.2889170734593176
2022-06-28,139830.8712,139830.8712,0.0,1.398309,100000.0,1.3983,1.0961617490834628,0.3021472509165372,0.2756411188122305
2022-06-29,139830.8712,139830.8712,0.0,1.398309,100000.0,1.3983,1.0792794803258074,0.3190295196741926,0.2955949089089376
2022-06-30,139830.8712,139830.8712,0.0,1.398309,100000.0,1.3983,1.0948177506316803,0.3034912493683197,0.2772070960607036
2022-07-01,99198.3912,139798.3912,40600.0,1.397984,100000.0,1.3983,1.0903523451903978,0.3076316548096021,0.2821396736262196
2022-07-04,99198.3912,139406.3912,40208.0,1.394064,100000.0,1.398,1.0975076759721245,0.2965563240278754,0.2702088837467116
2022-07-05,99198.3912,138920.3912,39722.0,1.389204,100000.0,1.3941,1.0959229402481658,0.2932810597518342,0.2676110235318392
2022-07-06,99198.3912,138146.3912,38948.0,1.381464,100000.0,1.3892,1.079917280310336,0.3015467196896639,0.2792313126085068
2022-07-07,99198.3912,137516.3912,38318.0,1.375164,100000.0,1.3815,1.0846782736271794,0.2904857263728206,0.2678081910882499
2022-07-08,99198.3912,137738.3912,38540.0,1.377384,100000.0,1.3752,1.081091722780316,0.2962922772196839,0.274067658623534
2022-07-11,99198.3912,137074.3912,37876.0,1.370744,100000.0,1.3774,1.0629877770544387,0.3077562229455612,0.2895200016300847
2022-07-12,99198.3912,137198.3912,38000.0,1.371984,100000.0,1.3707,1.0529798487378064,0.3190041512621937,0.3029537095553918
2022-07-13,99198.3912,137818.3912,38620.0,1.378184,100000.0,1.372,1.054894444810469,0.3232895551895312,0.3064662599940186
2022-07-14,99198.3912,137224.3912,38026.0,1.372244,100000.0,1.3782,1.0550439596950845,0.3172000403049155,0.3006510177989063
2022-07-15,99198.3912,137178.3912,37980.0,1.371784,100000.0,1.3722,1.0370907249728998,0.3346932750271001,0.3227232362297387
2022-07-18,99198.3912,136664.3912,37466.0,1.366644,100000.0,1.3718,1.047845666268962,0.3187983337310378,0.3042416874864551
2022-07-19,99198.3912,136978.3912,37780.0,1.369784,100000.0,1.3666,1.042171252957436,0.3276127470425638,0.3143559622402518
2022-07-20,99198.3912,137020.3912,37822.0,1.370204,100000.0,1.3698,1.045701659439464,0.3245023405605358,0.3103201927923509
2022-07-21,99198.3912,136538.3912,37340.0,1.365384,100000.0,1.3702,1.0340468460280594,0.3313371539719405,0.320427604653174
2022-07-22,99198.3912,136380.3912,37182.0,1.363804,100000.0,1.3654,1.034578093772368,0.3292259062276319,0.3182223828335471
2022-07-25,99198.3912,136814.3912,37616.0,1.368144,100000.0,1.3638,1.0283314229196103,0.3398125770803897,0.3304504457479313
2022-07-26,99198.3912,137396.3912,38198.0,1.373964,100000.0,1.3681,1.0364678886821297,0.3374961113178703,0.3256213868304178
2022-07-27,99198.3912,136818.3912,37620.0,1.368184,100000.0,1.374,1.0313562860121868,0.3368277139878133,0.3265871537857998
2022-07-28,99198.3912,136622.3912,37424.0,1.366224,100000.0,1.3682,1.0315119279557476,0.3347120720442524,0.3244868653216501
2022-07-29,99198.3912,134878.3912,35680.0,1.348784,100000.0,1.3662,1.0179466194513724,0.3308373805486275,0.325004645849636
2022-08-01,134867.9604,134867.9604,0.0,1.34868,100000.0,1.3488,1.022481253335556,0.326198746664444,0.3190266282147598
2022-08-02,134867.9604,134867.9604,0.0,1.34868,100000.0,1.3487,1.0025489297529286,0.3461310702470714,0.3452510495745808
2022-08-03,134867.9604,134867.9604,0.0,1.34868,100000.0,1.3487,0.9927728288418788,0.3559071711581213,0.3584980982742101
2022-08-04,134867.9604,134867.9604,0.0,1.34868,100000.0,1.3487,1.001209447260926,0.347470552739074,0.3470508130837877
2022-08-05,134867.9604,134867.9604,0.0,1.34868,100000.0,1.3487,1.01472666689629,0.3339533331037101,0.3291066885284111
2022-08-08,134867.9604,134867.9604,0.0,1.34868,100000.0,1.3487,1.0125696248099123,0.3361103751900876,0.3319380385849366
2022-08-09,134867.9604,134867.9604,0.0,1.34868,100000.0,1.3487,1.014575223574795,0.3341047764252052,0.3293050812417901
2022-08-10,134867.9604,134867.9604,0.0,1.34868,100000.0,1.3487,1.0032112623838303,0.3454687376161696,0.3443628979954498
2022-08-11,134867.9604,134867.9604,0.0,1.34868,100000.0,1.3487,1.0236686822412284,0.3250113177587717,0.3174965918144425
2022-08-12,134867.9604,134867.9604,0.0,1.34868,100000.0,1.3487,1.0230850737740624,0.3255949262259376,0.3182481443354943
2022-08-15,134867.9604,134867.9604,0.0,1.34868,100000.0,1.3487,1.021749179639291,0.3269308203607091,0.3199716984124476
2022-08-16,134867.9604,134867.9604,0.0,1.34868,100000.0,1.3487,1.0198348032619693,0.3288451967380308,0.3224494748426025
2022-08-17,134867.9604,134867.9604,0.0,1.34868,100000.0,1.3487,1.029384617972139,0.3192953820278608,0.3101808366408896
2022-08-18,134867.9604,134867.9604,0.0,1.34868,100000.0,1.3487,1.0203871173483876,0.3282928826516125,0.3217336607548764
2022-08-19,134867.9604,134867.9604,0.0,1.34868,100000.0,1.3487,1.0133017473273649,0.3353782526726354,0.3309756975720339
2022-08-22,134867.9604,134867.9604,0.0,1.34868,100000.0,1.3487,1.0207036983342783,0.3279763016657215,0.3213237124553947
2022-08-23,134867.9604,134867.9604,0.0,1.34868,100000.0,1.3487,1.0157448815684678,0.3329351184315323,0.327774350107902
2022-08-24,134867.9604,134867.9604,0.0,1.34868,100000.0,1.3487,0.996542825298193,0.352137174701807,0.353358797798216
2022-08-25,134867.9604,134867.9604,0.0,1.34868,100000.0,1.3487,1.0047985123989105,0.3438814876010896,0.3422392483246101
2022-08-26,134867.9604,134867.9604,0.0,1.34868,100000.0,1.3487,1.0026762309975443,0.3460037690024558,0.3450802545286457
2022-08-29,134867.9604,134867.9604,0.0,1.34868,100000.0,1.3487,0.9982762215359984,0.3504037784640017,0.3510088399429696
2022-08-30,134867.9604,134867.9604,0.0,1.34868,100000.0,1.3487,0.9949254282002564,0.3537545717997437,0.3555588808697536
2022-08-31,134867.9604,134867.9604,0.0,1.34868,100000.0,1.3487,0.9956690969283896,0.3530109030716106,0.3545464092042618
2022-09-01,134867.9604,134867.9604,0.0,1.34868,100000.0,1.3487,0.9871008077685066,0.3615791922314935,0.3663042207906799
2022-09-02,134867.9604,134867.9604,0.0,1.34868,100000.0,1.3487,0.9821878340971136,0.3664921659028866,0.3731385720530618
2022-09-05,134867.9604,134867.9604,0.0,1.34868,100000.0,1.3487,0.9801894120466924,0.3684905879533077,0.3759381436123432
2022-09-06,134867.9604,134867.9604,0.0,1.34868,100000.0,1.3487,0.989185643319587,0.3594943566804131,0.3634245594931944
2022-09-07,134867.9604,134867.9604,0.0,1.34868,100000.0,1.3487,0.9898454128381816,0.3588345871618186,0.3625157853011946
2022-09-08,134867.9604,134867.9604,0.0,1.34868,100000.0,1.3487,0.9856225998741742,0.3630574001258259,0.3683533638252352
2022-09-09,134867.9604,134867.9604,0.0,1.34868,100000.0,1.3487,0.9993177971460658,0.3493622028539342,0.3496007014502009
2022-09-13,134867.9604,134867.9604,0.0,1.34868,100000.0,1.3487,1.0035474450762267,0.3451325549237733,0.3439125440626855
2022-09-14,134867.9604,134867.9604,0.0,1.34868,100000.0,1.3487,0.9923782560100538,0.3563017439899463,0.359038241549638
2022-09-15,134867.9604,134867.9604,0.0,1.34868,100000.0,1.3487,0.9830435474489828,0.3656364525510173,0.3719432913219878
2022-09-16,134867.9604,134867.9604,0.0,1.34868,100000.0,1.3487,0.9599911594594928,0.3886888405405072,0.4048879374674159
2022-09-19,134867.9604,134867.9604,0.0,1.34868,100000.0,1.3487,0.9588481334232272,0.3898318665767729,0.4065626797280364
2022-09-20,134867.9604,134867.9604,0.0,1.34868,100000.0,1.3487,0.960028629720372,0.3886513702796281,0.4048331041886019
2022-09-21,134867.9604,134867.9604,0.0,1.34868,100000.0,1.3487,0.9529248297013267,0.3957551702986733,0.4153057596607217
2022-09-22,134867.9604,134867.9604,0.0,1.34868,100000.0,1.3487,0.9445298313440376,0.4041501686559625,0.4278850230499009
2022-09-23,134867.9604,134867.9604,0.0,1.34868,100000.0,1.3487,0.9412776568056584,0.4074023431943416,0.4328184571775681
2022-09-26,134867.9604,134867.9604,0.0,1.34868,100000.0,1.3487,0.9365556960276724,0.4121243039723278,0.4400424937036
2022-09-27,134867.9604,134867.9604,0.0,1.34868,100000.0,1.3487,0.9501323066367944,0.3985476933632056,0.4194654687345114
2022-09-28,134867.9604,134867.9604,0.0,1.34868,100000.0,1.3487,0.9346107819979986,0.4140692180020014,0.4430392051724567
2022-09-29,134867.9604,134867.9604,0.0,1.34868,100000.0,1.3487,0.9342284144628772,0.414451585537123,0.4436298223442569
2022-09-30,134867.9604,134867.9604,0.0,1.34868,100000.0,1.3487,0.9287950801718348,0.4198849198281653,0.4520748750633812
2022-10-10,134867.9604,134867.9604,0.0,1.34868,100000.0,1.3487,0.9083026799340852,0.4403773200659148,0.4848354296365971
2022-10-11,134867.9604,134867.9604,0.0,1.34868,100000.0,1.3487,0.9099504438102202,0.4387295561897799,0.4821466478467717
2022-10-12,134867.9604,134867.9604,0.0,1.34868,100000.0,1.3487,0.9237716485652768,0.4249083514347233,0.4599711975298814
2022-10-13,134867.9604,134867.9604,0.0,1.34868,100000.0,1.3487,0.9160497234999888,0.4326302765000113,0.4722781584901778
2022-10-14,134867.9604,134867.9604,0.0,1.34868,100000.0,1.3487,0.9379696796507516,0.4107103203492485,0.4378716383478136
2022-10-17,134867.9604,134867.9604,0.0,1.34868,100000.0,1.3487,0.9389319696534346,0.4097480303465655,0.436397996436106
2022-10-18,134867.9604,134867.9604,0.0,1.34868,100000.0,1.3487,0.9369436779992774,0.4117363220007227,0.4394461819518678
2022-10-19,134867.9604,134867.9604,0.0,1.34868,100000.0,1.3487,0.9218742375503725,0.4268057624496277,0.4629761252291275
2022-10-20,134867.9604,134867.9604,0.0,1.34868,100000.0,1.3487,0.9165999382753744,0.4320800617246257,0.4713943823055504
2022-10-21,134867.9604,134867.9604,0.0,1.34868,100000.0,1.3487,0.91366236746482,0.4350176325351802,0.476125150850027
2022-10-24,134867.9604,134867.9604,0.0,1.34868,100000.0,1.3487,0.8869279832082466,0.4617520167917535,0.5206195153765221
2022-10-25,134867.9604,134867.9604,0.0,1.34868,100000.0,1.3487,0.8854830957739145,0.4631969042260856,0.5231007869452893
2022-10-26,134867.9604,134867.9604,0.0,1.34868,100000.0,1.3487,0.8926716493732674,0.4560083506267327,0.5108354801531896
2022-10-27,134867.9604,134867.9604,0.0,1.34868,100000.0,1.3487,0.8863839931341796,0.4622960068658205,0.5215527473947048
2022-10-28,134867.9604,134867.9604,0.0,1.34868,100000.0,1.3487,0.8644595454342299,0.4842204545657702,0.5601424116643188
2022-10-31,134867.9604,134867.9604,0.0,1.34868,100000.0,1.3487,0.8564953208187877,0.4921846791812124,0.5746495832699896
2022-11-01,134867.9604,134867.9604,0.0,1.34868,100000.0,1.3487,0.8871232435449062,0.4615567564550938,0.5202848192892939
2022-11-02,134867.9604,134867.9604,0.0,1.34868,100000.0,1.3487,0.897774049249496,0.4509059507505041,0.5022488131924105
2022-11-03,134867.9604,134867.9604,0.0,1.34868,100000.0,1.3487,0.8904732069204725,0.4582067930795276,0.5145655023851265
2022-11-04,134867.9604,134867.9604,0.0,1.34868,100000.0,1.3487,0.9195896745240388,0.4290903254759612,0.4666106388135009
2022-11-07,134867.9604,134867.9604,0.0,1.34868,100000.0,1.3487,0.9215724249734928,0.4271075750265073,0.4634552461124173
2022-11-08,134867.9604,134867.9604,0.0,1.34868,100000.0,1.3487,0.9152325056539216,0.4334474943460785,0.473592766502962
2022-11-09,134867.9604,134867.9604,0.0,1.34868,100000.0,1.3487,0.9066754453670056,0.4420045546329944,0.4875003033241722
2022-11-10,134867.9604,134867.9604,0.0,1.34868,100000.0,1.3487,0.8996984339701146,0.4489815660298855,0.4990356202451713
2022-11-11,134867.9604,134867.9604,0.0,1.34868,100000.0,1.3487,0.9247803675166192,0.423899632483381,0.4583787106355965
2022-11-14,134867.9604,134867.9604,0.0,1.34868,100000.0,1.3487,0.9261420880592148,0.4225379119407852,0.4562344346386831
2022-11-15,134867.9604,134867.9604,0.0,1.34868,100000.0,1.3487,0.9437068525979262,0.4049731474020739,0.4291302392127654
2022-11-16,134867.9604,134867.9604,0.0,1.34868,100000.0,1.3487,0.9359973281140888,0.4126826718859112,0.4409015490646883
2022-11-17,134867.9604,134867.9604,0.0,1.34868,100000.0,1.3487,0.9321585426055548,0.4165214573944452,0.4468354237576271
2022-11-18,134867.9604,134867.9604,0.0,1.34868,100000.0,1.3487,0.927985454020317,0.4206945459796831,0.4533417459908511
2022-11-21,134867.9604,134867.9604,0.0,1.34868,100000.0,1.3487,0.9200662425391166,0.4286137574608835,0.4658509764232121
2022-11-22,134867.9604,134867.9604,0.0,1.34868,100000.0,1.3487,0.9201750649645234,0.4285049350354767,0.4656776208688042
2022-11-23,134867.9604,134867.9604,0.0,1.34868,100000.0,1.3487,0.9211407480396898,0.4275392519603103,0.4641410695055785
2022-11-24,134867.9604,134867.9604,0.0,1.34868,100000.0,1.3487,0.9170591747691336,0.4316208252308666,0.4706575509039814
2022-11-25,134867.9604,134867.9604,0.0,1.34868,100000.0,1.3487,0.9216894249476908,0.4269905750523092,0.4632694739624927
2022-11-28,134867.9604,134867.9604,0.0,1.34868,100000.0,1.3487,0.9113066231481128,0.4373733768518874,0.4799409614087728
2022-11-29,134867.9604,134867.9604,0.0,1.34868,100000.0,1.3487,0.9394227446338752,0.4092572553661249,0.4356475907187305
2022-11-30,134867.9604,134867.9604,0.0,1.34868,100000.0,1.3487,0.9405490738242508,0.4081309261757493,0.4339283696450824
2022-12-01,134867.9604,134867.9604,0.0,1.34868,100000.0,1.3487,0.9507361514858946,0.3979438485141054,0.4185639179620588
2022-12-02,134867.9604,134867.9604,0.0,1.34868,100000.0,1.3487,0.9449213284410934,0.4037586715589066,0.4272934258188638
2022-12-05,134867.9604,134867.9604,0.0,1.34868,100000.0,1.3487,0.963455828213477,0.3852241717865231,0.3998358414633696
2022-12-06,134867.9604,134867.9604,0.0,1.34868,100000.0,1.3487,0.9686606549396396,0.3800193450603604,0.39231421563627
2022-12-07,134867.9604,134867.9604,0.0,1.34868,100000.0,1.3487,0.9662789133409544,0.3824010866590458,0.395746074326383
2022-12-08,134867.9604,134867.9604,0.0,1.34868,100000.0,1.3487,0.9664592832156358,0.3822207167843643,0.3954855868450315
2022-12-09,134867.9604,134867.9604,0.0,1.34868,100000.0,1.3487,0.9759951350663776,0.3726848649336226,0.3818511502193875
2022-12-12,134867.9604,134867.9604,0.0,1.34868,100000.0,1.3487,0.965058969524864,0.3836210304751359,0.3975104554118671
2022-12-13,134867.9604,134867.9604,0.0,1.34868,100000.0,1.3487,0.9631642192646412,0.3855157807353588,0.4002596577245085
2022-12-14,134867.9604,134867.9604,0.0,1.34868,100000.0,1.3487,0.9654110679241614,0.3832689320758387,0.3970007645550906
2022-12-15,134867.9604,134867.9604,0.0,1.34868,100000.0,1.3487,0.9647038442119844,0.3839761557880156,0.3980249048366395
2022-12-16,134867.9604,134867.9604,0.0,1.34868,100000.0,1.3487,0.965250275345392,0.383429724654608,0.397233478661694
2022-12-19,134867.9604,134867.9604,0.0,1.34868,100000.0,1.3487,0.95035827549996,0.3983217245000402,0.4191279591799135
2022-12-20,134867.9604,134867.9604,0.0,1.34868,100000.0,1.3487,0.9346858445727242,0.4139941554272759,0.4429233178518139
2022-12-21,134867.9604,134867.9604,0.0,1.34868,100000.0,1.3487,0.9350571541090326,0.4136228458909675,0.4423503355632707
2022-12-22,134867.9604,134867.9604,0.0,1.34868,100000.0,1.3487,0.9363971980446832,0.4122828019553169,0.4402862405144057
2022-12-23,134867.9604,134867.9604,0.0,1.34868,100000.0,1.3487,0.9344909259843722,0.4141890740156279,0.4432242866128744
2022-12-26,134867.9604,134867.9604,0.0,1.34868,100000.0,1.3487,0.938218399186972,0.4104616008130282,0.4374904618889592
2022-12-27,134867.9604,134867.9604,0.0,1.34868,100000.0,1.3487,0.949048232183606,0.3996317678163942,0.421086889226806
2022-12-28,134867.9604,134867.9604,0.0,1.34868,100000.0,1.3487,0.9449986123798187,0.4036813876201813,0.4271766988139571
2022-12-29,134867.9604,134867.9604,0.0,1.34868,100000.0,1.3487,0.9414435267878564,0.4072364732121436,0.4325660133875557
2022-12-30,134867.9604,134867.9604,0.0,1.34868,100000.0,1.3487,0.9450887851118628,0.4035912148881372,0.4270405291502503
2023-01-03,134867.9604,134867.9604,0.0,1.34868,100000.0,1.3487,0.9490592657718256,0.3996207342281744,0.4210703679323773
2023-01-04,134867.9604,134867.9604,0.0,1.34868,100000.0,1.3487,0.9502916345799596,0.3983883654200404,0.4192274780953247
2023-01-05,134867.9604,134867.9604,0.0,1.34868,100000.0,1.3487,0.968753488426365,0.3799265115736351,0.3921807932694874
2023-01-06,134867.9604,134867.9604,0.0,1.34868,100000.0,1.3487,0.9717585789382824,0.3769214210617178,0.3878755785964165
2023-01-09,134867.9604,134867.9604,0.0,1.34868,100000.0,1.3487,0.979626308477988,0.369053691522012,0.3767290530359461
2023-01-10,134867.9604,134867.9604,0.0,1.34868,100000.0,1.3487,0.9806891701255064,0.3679908298744938,0.3752369671089559
2023-01-11,134867.9604,134867.9604,0.0,1.34868,100000.0,1.3487,0.9788723384794372,0.3698076615205629,0.3777894695594479
2023-01-12,134867.9604,134867.9604,0.0,1.34868,100000.0,1.3487,0.9807857140224294,0.3678942859775707,0.3751015953003138
2023-01-13,134867.9604,134867.9604,0.0,1.34868,100000.0,1.3487,0.9945796521446508,0.3541003478553491,0.3560301551432192
2023-01-16,134867.9604,134867.9604,0.0,1.34868,100000.0,1.3487,1.0101016405847214,0.3385783594152787,0.3351923666011318
2023-01-17,134867.9604,134867.9604,0.0,1.34868,100000.0,1.3487,1.009925371689732,0.338754628310268,0.3354254064768063
2023-01-18,134867.9604,134867.9604,0.0,1.34868,100000.0,1.3487,1.0082342301891138,0.3404457698108862,0.3376653555464279
2023-01-19,134867.9604,134867.9604,0.0,1.34868,100000.0,1.3487,1.0145061415954542,0.3341738584045459,0.329395599201608
2023-01-20,134867.9604,134867.9604,0.0,1.34868,100000.0,1.3487,1.0207354809268934,0.3279445190731067,0.3212825704611659
2023-01-30,134867.9604,134867.9604,0.0,1.34868,100000.0,1.3487,1.0255732455600006,0.3231067544399995,0.3150499058344402
2023-01-31,134867.9604,134867.9604,0.0,1.34868,100000.0,1.3487,1.014713656050004,0.3339663439499962,0.3291237305803429
2023-02-01,61431.258,134809.258,73378.0,1.348093,100000.0,1.3487,1.0242521930660204,0.3238408069339795,0.3161729202303067
2023-02-02,61431.258,133938.258,72507.0,1.339383,100000.0,1.3481,1.0206433553473768,0.3187396446526231,0.3122928719250222
2023-02-03,61431.258,132406.258,70975.0,1.324063,100000.0,1.3394,1.0109969235085032,0.3130660764914967,0.3096607607914878
2023-02-06,61431.258,130294.258,68863.0,1.302943,100000.0,1.3241,0.997631147194634,0.305311852805366,0.3060368089588132
2023-02-07,61431.258,130791.258,69360.0,1.307913,100000.0,1.3029,0.9994266928032524,0.3084863071967477,0.3086632660685564
2023-02-08,61431.258,129792.258,68361.0,1.297923,100000.0,1.3079,0.9950102306017504,0.3029127693982496,0.3044318139473376
2023-02-09,61431.258,130164.258,68733.0,1.301643,100000.0,1.2979,1.0083665844265643,0.2932764155734357,0.2908430526188206
2023-02-10,61431.258,128782.258,67351.0,1.287823,100000.0,1.3016,1.0023745648842244,0.2854484351157755,0.2847722249903111
2023-02-13,61431.258,129213.258,67782.0,1.292133,100000.0,1.2878,1.0114710016430533,0.2806619983569467,0.2774790358804493
2023-02-14,61431.258,130123.258,68692.0,1.301233,100000.0,1.2921,1.011889936247098,0.289343063752902,0.2859432171309251
2023-02-15,61431.258,129826.258,68395.0,1.298263,100000.0,1.3012,1.006617028375924,0.2916459716240758,0.2897288277495338
2023-02-16,61431.258,128578.258,67147.0,1.285783,100000.0,1.2983,0.9992446141870324,0.2865383858129675,0.2867549964690978
2023-02-17,61431.258,128357.258,66926.0,1.283573,100000.0,1.2858,0.9848470997322384,0.2987259002677616,0.303322109948823
2023-02-20,61431.258,129626.258,68195.0,1.296263,100000.0,1.2836,1.0090093397615547,0.2872536602384452,0.2846888020940696
2023-02-21,61431.258,131361.258,69930.0,1.313613,100000.0,1.2963,1.0116613066292517,0.3019516933707482,0.2984711300037947
2023-02-22,61431.258,130298.258,68867.0,1.302983,100000.0,1.3136,1.002531012377368,0.3004519876226321,0.2996934597665468
2023-02-23,61431.258,130300.258,68869.0,1.303003,100000.0,1.303,1.0017244131394325,0.3012785868605674,0.3007599524467532
2023-02-24,61431.258,128894.258,67463.0,1.288943,100000.0,1.303,0.9913253538846454,0.2976176461153546,0.3002219654214417
2023-02-27,61431.258,127347.258,65916.0,1.273473,100000.0,1.2889,0.9871264144809898,0.2863465855190102,0.2900809676636657
2023-02-28,61431.258,127446.258,66015.0,1.274463,100000.0,1.2735,0.9933790171079456,0.2810839828920543,0.2829574392565515
2023-03-01,47905.7532,129756.7532,81851.0,1.297568,100000.0,1.2745,1.0074109096946948,0.2901570903053052,0.2880225809677206
2023-03-02,47905.7532,129509.7532,81604.0,1.295098,100000.0,1.2976,1.0051642074987348,0.2899337925012653,0.2884442067657191
2023-03-03,47905.7532,129584.7532,81679.0,1.295848,100000.0,1.2951,1.0082920832954876,0.2875559167045125,0.2851910884440041
2023-03-06,47905.7532,129215.7532,81310.0,1.292158,100000.0,1.2958,1.0030337729591707,0.2891242270408292,0.2882497427657386
2023-03-07,47905.7532,128142.7532,80237.0,1.281428,100000.0,1.2922,0.988348774945827,0.293079225054173,0.2965342118932026
2023-03-08,47905.7532,127589.7532,79684.0,1.275898,100000.0,1.2814,0.9847496282327658,0.2911483717672342,0.2956572548189022
2023-03-09,47905.7532,127025.7532,79120.0,1.270258,100000.0,1.2759,0.981269361109595,0.2889886388904051,0.2945049038967486
2023-03-10,47905.7532,126378.7532,78473.0,1.263788,100000.0,1.2703,0.968401243563507,0.2953867564364929,0.3050251725715815
2023-03-13,47905.7532,127411.7532,79506.0,1.274118,100000.0,1.2638,0.9785440404087112,0.2955739595912889,0.3020548359456931
2023-03-14,47905.7532,126994.7532,79089.0,1.269948,100000.0,1.2741,0.9726878414080856,0.2972601585919144,0.3056069439107964
2023-03-15,47905.7532,126288.7532,78383.0,1.262888,100000.0,1.2699,0.9732264367410096,0.2896615632589904,0.2976301838130952
2023-03-16,47905.7532,126444.7532,78539.0,1.264448,100000.0,1.2629,0.9615700122304404,0.3028779877695597,0.3149827718389528
2023-03-17,47905.7532,125885.7532,77980.0,1.258858,100000.0,1.2644,0.9663713074369978,0.2924866925630022,0.3026649180414233
2023-03-20,47905.7532,124890.7532,76985.0,1.248908,100000.0,1.2589,0.9615520704442864,0.2873559295557135,0.2988459370930794
2023-03-21,47905.7532,126139.7532,78234.0,1.261398,100000.0,1.2489,0.9721221503164804,0.2892758496835197,0.2975715033232646
2023-03-22,47905.7532,126102.7532,78197.0,1.261028,100000.0,1.2614,0.9762876960283556,0.2847403039716445,0.2916561430918356
2023-03-23,47905.7532,126569.7532,78664.0,1.265698,100000.0,1.261,0.9859657151750976,0.2797322848249025,0.2837140080223022
2023-03-24,47905.7532,125991.7532,78086.0,1.259918,100000.0,1.2657,0.9830257521263892,0.276892247873611,0.2816734427095766
2023-03-27,47905.7532,124595.7532,76690.0,1.245958,100000.0,1.2599,0.97946947041535,0.2664885295846498,0.2720743602877624
2023-03-28,47905.7532,124747.7532,76842.0,1.247478,100000.0,1.246,0.9763052716556084,0.2711727283443916,0.2777540347442144
2023-03-29,47905.7532,126329.7532,78424.0,1.263298,100000.0,1.2475,0.9779235231243144,0.2853744768756856,0.2918167628936445
2023-03-30,47905.7532,127901.7532,79996.0,1.279018,100000.0,1.2633,0.9858280882494708,0.2931899117505291,0.2974047049837509
2023-03-31,47905.7532,127680.7532,79775.0,1.276808,100000.0,1.279,0.9888550018318936,0.2879529981681065,0.2911984038455204
2023-04-03,47376.294,126867.294,79491.0,1.268673,100000.0,1.2768,0.9985318248595584,0.2701411751404416,0.2705383728540014
2023-04-04,47376.294,127607.294,80231.0,1.276073,100000.0,1.2687,1.0015923274185086,0.2744806725814914,0.2740443043218337
2023-04-06,47376.294,129832.294,82456.0,1.298323,100000.0,1.2761,1.0000141337335828,0.298308866266417,0.2983046501079658
2023-04-07,47376.294,129478.294,82102.0,1.294783,100000.0,1.2983,1.0065170914065171,0.2882659085934829,0.2863994174114392
2023-04-10,47376.294,129840.294,82464.0,1.298403,100000.0,1.2948,1.0020089186055865,0.2963940813944137,0.2957998435851061
2023-04-11,47376.294,132126.294,84750.0,1.321263,100000.0,1.2984,1.000870432939694,0.320392567060306,0.3201139293517434
2023-04-12,47376.294,132296.294,84920.0,1.322963,100000.0,1.3213,1.000172216736484,0.3227907832635159,0.3227352028601309
2023-04-13,47376.294,130834.294,83458.0,1.308343,100000.0,1.323,0.9932618218489996,0.3150811781510003,0.3172186539541639
2023-04-14,47376.294,132530.294,85154.0,1.325303,100000.0,1.3083,0.9988811892723938,0.3264218107276061,0.3267874240032278
2023-04-17,47376.294,133464.294,86088.0,1.334643,100000.0,1.3253,1.0128891594776048,0.3217538405223952,0.3176594768655032
2023-04-18,47376.294,134246.294,86870.0,1.342463,100000.0,1.3346,1.0159767089740497,0.3264862910259503,0.3213521413848568
2023-04-19,47376.294,133892.294,86516.0,1.338923,100000.0,1.3425,1.0068293028961877,0.3320936971038124,0.3298411122407052
2023-04-20,47376.294,133510.294,86134.0,1.335103,100000.0,1.3389,1.004012393648842,0.3310906063511578,0.3297674495310645
2023-04-21,47376.294,132357.294,84981.0,1.323573,100000.0,1.3351,0.984373583041336,0.3391994169586642,0.3445840306996743
2023-04-24,47376.294,130443.294,83067.0,1.304433,100000.0,1.3236,0.9721867651572272,0.3322462348427728,0.3417514481273977
2023-04-25,47376.294,131523.294,84147.0,1.315233,100000.0,1.3044,0.9673102365017904,0.3479227634982098,0.3596806385058511
2023-04-26,47376.294,129804.294,82428.0,1.298043,100000.0,1.3152,0.9664720987771734,0.3315709012228266,0.343073433410386
2023-04-27,47376.294,131046.294,83670.0,1.310463,100000.0,1.298,0.9735966233900208,0.3368663766099791,0.3460019976620554
2023-04-28,47376.294,130744.294,83368.0,1.307443,100000.0,1.3105,0.9835237526424772,0.3239192473575226,0.3293456273803599
2023-05-04,13020.585,130824.585,117804.0,1.308246,100000.0,1.3074,0.9838072328637084,0.3244387671362915,0.3297787984256846
2023-05-05,13020.585,129212.585,116192.0,1.292126,100000.0,1.3082,0.9805436097570216,0.3115823902429786,0.3177649490981729
2023-05-08,13020.585,130183.585,117163.0,1.301836,100000.0,1.2921,0.9917199999482496,0.3101160000517504,0.3127051991166187
2023-05-09,13020.585,129766.585,116746.0,1.297666,100000.0,1.3018,0.9832282868198832,0.3144377131801167,0.319801329350605
2023-05-10,13020.585,128719.585,115699.0,1.287196,100000.0,1.2977,0.9756595626388154,0.3115364373611846,0.3193085470495347
2023-05-11,13020.585,129520.585,116500.0,1.295206,100000.0,1.2872,0.9741446900331864,0.3210613099668136,0.329582774768167
2023-05-12,13020.585,129221.585,116201.0,1.292216,100000.0,1.2952,0.9612311199621754,0.3309848800378246,0.3443343366274376
2023-05-15,13020.585,131630.585,118610.0,1.316306,100000.0,1.2922,0.9761520951819812,0.3401539048180187,0.3484640421271696
2023-05-16,13020.585,130333.585,117313.0,1.303336,100000.0,1.3163,0.9711035450748076,0.3322324549251924,0.3421184657498077
2023-05-17,13020.585,129055.585,116035.0,1.290556,100000.0,1.3033,0.9666997763818772,0.3238562236181229,0.3350122049580255
2023-05-18,13020.585,129338.585,116318.0,1.293386,100000.0,1.2906,0.9657001869924688,0.3276858130075311,0.3393245827445268
2023-05-19,13020.585,128884.585,115864.0,1.288846,100000.0,1.2934,0.9628856943938708,0.3259603056061292,0.3385244037832744
2023-05-22,13020.585,130525.585,117505.0,1.305256,100000.0,1.2888,0.9689364458239468,0.3363195541760531,0.3471017687749991
2023-05-23,13020.585,128587.585,115567.0,1.285876,100000.0,1.3053,0.9552324607384288,0.3306435392615711,0.3461393460247066
2023-05-24,13020.585,125203.585,112183.0,1.252036,100000.0,1.2859,0.9420276234668896,0.3100083765331102,0.3290862909011143
2023-05-25,13020.585,125567.585,112547.0,1.255676,100000.0,1.252,0.939929801480117,0.315746198519883,0.3359252978495568
2023-05-26,13020.585,125518.585,112498.0,1.255186,100000.0,1.2557,0.940040015309348,0.3151459846906519,0.3352474145336714
2023-05-29,13020.585,125265.585,112245.0,1.252656,100000.0,1.2552,0.9358878954238464,0.3167681045761537,0.3384680004144036
2023-05-30,13020.585,124194.585,111174.0,1.241946,100000.0,1.2527,0.93681830519154,0.3051276948084599,0.3257063756307303
2023-05-31,13020.585,122369.585,109349.0,1.223696,100000.0,1.2419,0.9272469847485786,0.2964490152514213,0.3197087940186756
2023-06-01,122352.5464,122352.5464,0.0,1.223525,100000.0,1.2237,0.929279044596714,0.294245955403286,0.3166389655660233
2023-06-02,122352.5464,122352.5464,0.0,1.223525,100000.0,1.2235,0.9426965225474182,0.2808284774525817,0.2978991337463599
2023-06-05,122352.5464,122352.5464,0.0,1.223525,100000.0,1.2235,0.9384040417498284,0.2851209582501716,0.3038360296472195
2023-06-06,122352.5464,122352.5464,0.0,1.223525,100000.0,1.2235,0.9295951617813296,0.2939298382186702,0.3161912306594081
2023-06-07,122352.5464,122352.5464,0.0,1.223525,100000.0,1.2235,0.9250008195856736,0.2985241804143264,0.3227285577412151
2023-06-08,122352.5464,122352.5464,0.0,1.223525,100000.0,1.2235,0.9325302427113568,0.2909947572886431,0.3120486006358014
2023-06-09,122352.5464,122352.5464,0.0,1.223525,100000.0,1.2235,0.9365618719078032,0.2869631280921967,0.3064006091852156
2023-06-12,122352.5464,122352.5464,0.0,1.223525,100000.0,1.2235,0.9384487619569496,0.2850762380430505,0.3037738975206066
2023-06-13,122352.5464,122352.5464,0.0,1.223525,100000.0,1.2235,0.943446830956958,0.280078169043042,0.2968669350014699
2023-06-14,122352.5464,122352.5464,0.0,1.223525,100000.0,1.2235,0.9432313586489576,0.2802936413510424,0.2971631920216504
2023-06-15,122352.5464,122352.5464,0.0,1.223525,100000.0,1.2235,0.9582376977139064,0.2652873022860935,0.276849160619538
2023-06-16,122352.5464,122352.5464,0.0,1.223525,100000.0,1.2235,0.9674774734772188,0.256047526522781,0.2646547682423226
2023-06-19,122352.5464,122352.5464,0.0,1.223525,100000.0,1.2235,0.9595579446583044,0.2639670553416956,0.2750923556114097
2023-06-20,122352.5464,122352.5464,0.0,1.223525,100000.0,1.2235,0.9579297092568948,0.265595290743105,0.2772596863595953
2023-06-21,122352.5464,122352.5464,0.0,1.223525,100000.0,1.2235,0.9432332138540566,0.2802917861459434,0.2971606406868026
2023-06-26,122352.5464,122352.5464,0.0,1.223525,100000.0,1.2235,0.929969449410034,0.2935555505899661,0.3156614991774145
2023-06-27,122352.5464,122352.5464,0.0,1.223525,100000.0,1.2235,0.9386931119969498,0.2848318880030501,0.3034345137540284
2023-06-28,122352.5464,122352.5464,0.0,1.223525,100000.0,1.2235,0.9375617298137392,0.2859632701862609,0.3050074049450288
2023-06-29,122352.5464,122352.5464,0.0,1.223525,100000.0,1.2235,0.932934677422918,0.2905903225770819,0.3114798169790311
2023-06-30,122352.5464,122352.5464,0.0,1.223525,100000.0,1.2235,0.9379652369227508,0.2855597630772492,0.3044459984616332
2023-07-03,122352.5464,122352.5464,0.0,1.223525,100000.0,1.2235,0.950275621230684,0.273249378769316,0.287547499551168
2023-07-04,122352.5464,122352.5464,0.0,1.223525,100000.0,1.2235,0.9517722835336316,0.2717527164663683,0.285522830584471
2023-07-05,122352.5464,122352.5464,0.0,1.223525,100000.0,1.2235,0.9443983558879488,0.2791266441120512,0.2955602817093099
2023-07-06,122352.5464,122352.5464,0.0,1.223525,100000.0,1.2235,0.9380392254313664,0.2854857745686336,0.3043431093591531
2023-07-07,122352.5464,122352.5464,0.0,1.223525,100000.0,1.2235,0.933875779030524,0.2896492209694759,0.3101581896364918
2023-07-10,122352.5464,122352.5464,0.0,1.223525,100000.0,1.2235,0.9384230087809056,0.2851019912190944,0.303809677034099
2023-07-11,122352.5464,122352.5464,0.0,1.223525,100000.0,1.2235,0.9445645187972675,0.2789604812027323,0.2953323734390722
2023-07-12,122352.5464,122352.5464,0.0,1.223525,100000.0,1.2235,0.9382057544995864,0.2853192455004135,0.3041115918678148
2023-07-13,122352.5464,122352.5464,0.0,1.223525,100000.0,1.2235,0.9516281633901588,0.2718968366098412,0.2857175176922186
2023-07-14,122352.5464,122352.5464,0.0,1.223525,100000.0,1.2235,0.951794106604137,0.271730893395863,0.2854933556642405
2023-07-17,122352.5464,122352.5464,0.0,1.223525,100000.0,1.2235,0.9440003411624532,0.2795246588375466,0.2961065231113546
2023-07-18,122352.5464,122352.5464,0.0,1.223525,100000.0,1.2235,0.9410135585955912,0.2825114414044088,0.3002203728350536
2023-07-19,122352.5464,122352.5464,0.0,1.223525,100000.0,1.2235,0.9400193151261388,0.2835056848738611,0.3015955952307407
2023-07-20,122352.5464,122352.5464,0.0,1.223525,100000.0,1.2235,0.933386541917468,0.2901384580825319,0.3108449126409052
2023-07-21,122352.5464,122352.5464,0.0,1.223525,100000.0,1.2235,0.9329509104675332,0.2905740895324668,0.3114569976536603
2023-07-24,122352.5464,122352.5464,0.0,1.223525,100000.0,1.2235,0.9288770265338998,0.2946479734661001,0.3172088070318388
2023-07-25,122352.5464,122352.5464,0.0,1.223525,100000.0,1.2235,0.9557028772839676,0.2678221227160322,0.280235760592415
2023-07-26,122352.5464,122352.5464,0.0,1.223525,100000.0,1.2235,0.9537250089531952,0.2697999910468048,0.2828907583569988
2023-07-27,122352.5464,122352.5464,0.0,1.223525,100000.0,1.2235,0.9525857665589076,0.2709392334410925,0.2844250281209064
2023-07-28,122352.5464,122352.5464,0.0,1.223525,100000.0,1.2235,0.9746509413298464,0.2488740586701535,0.255346861236887
2023-07-31,122352.5464,122352.5464,0.0,1.223525,100000.0,1.2235,0.979995030491394,0.243529969508606,0.2485012290179615
2023-08-01,44651.4352,122290.4352,77639.0,1.222904,100000.0,1.2235,0.9759357685032112,0.2469682314967888,0.2530578747775205
2023-08-02,44651.4352,120664.4352,76013.0,1.206644,100000.0,1.2229,0.9690749271203422,0.2375690728796579,0.2451503658087688
2023-08-03,44651.4352,121019.4352,76368.0,1.210194,100000.0,1.2066,0.977640335830203,0.2325536641697969,0.2378724114040513
2023-08-04,44651.4352,121569.4352,76918.0,1.215694,100000.0,1.2102,0.981447241103748,0.234246758896252,0.2386748355752828
2023-08-07,44651.4352,121151.4352,76500.0,1.211514,100000.0,1.2157,0.9740200495432518,0.2374939504567481,0.2438286055488452
2023-08-08,44651.4352,121306.4352,76655.0,1.213064,100000.0,1.2115,0.9714762460149398,0.2415877539850601,0.2486810716948244
2023-08-09,44651.4352,120683.4352,76032.0,1.206834,100000.0,1.2131,0.9685062091151544,0.2383277908848454,0.2460777108518346
2023-08-10,44651.4352,120395.4352,75744.0,1.203954,100000.0,1.2068,0.9704960142261028,0.2334579857738971,0.2405553267110141
2023-08-11,44651.4352,118616.4352,73965.0,1.186164,100000.0,1.204,0.9481694019997788,0.2379945980002211,0.2510043010228637
2023-08-14,44651.4352,117317.4352,72666.0,1.173174,100000.0,1.1862,0.9412495602126462,0.2319244397873537,0.2464005823651673
2023-08-15,44651.4352,117207.4352,72556.0,1.172074,100000.0,1.1732,0.9389621899680708,0.2331118100319292,0.2482653854676046
2023-08-16,44651.4352,116388.4352,71737.0,1.163884,100000.0,1.1721,0.9320779388261248,0.231806061173875,0.2486981522873672
2023-08-17,44651.4352,116490.4352,71839.0,1.164904,100000.0,1.1639,0.9351944392863502,0.2297095607136497,0.2456275947159629
2023-08-18,44651.4352,115959.4352,71308.0,1.159594,100000.0,1.1649,0.9236977821096272,0.2358962178903728,0.2553824664941937
2023-08-21,44651.4352,114834.4352,70183.0,1.148344,100000.0,1.1596,0.9104065069268352,0.2379374930731649,0.2613530233613399
2023-08-22,44651.4352,116333.4352,71682.0,1.163334,100000.0,1.1483,0.917405536678979,0.2459284633210211,0.2680695215894224
2023-08-23,44651.4352,115096.4352,70445.0,1.150964,100000.0,1.1633,0.9023702710608432,0.2485937289391568,0.2754897151552937
2023-08-24,44651.4352,116287.4352,71636.0,1.162874,100000.0,1.151,0.9089111872065248,0.2539628127934752,0.2794143326302454
2023-08-25,44651.4352,116267.4352,71616.0,1.162674,100000.0,1.1629,0.9054259403222992,0.2572480596777009,0.2841182787254028
2023-08-28,44651.4352,116557.4352,71906.0,1.165574,100000.0,1.1627,0.916036663832515,0.249537336167485,0.2724097691935938
2023-08-29,44651.4352,116135.4352,71484.0,1.161354,100000.0,1.1656,0.9251875362146404,0.2361664637853595,0.2552633434207545
2023-08-30,44651.4352,116827.4352,72176.0,1.168274,100000.0,1.1614,0.9247976990379364,0.2434763009620635,0.2632752019337321
2023-08-31,44651.4352,116436.4352,71785.0,1.164364,100000.0,1.1683,0.9191242133289598,0.2452397866710401,0.2668189817160953
2023-09-01,118452.3691,118452.3691,0.0,1.184524,100000.0,1.1644,0.9255255008803552,0.2589984991196447,0.2798393981292646
2023-09-04,118452.3691,118452.3691,0.0,1.184524,100000.0,1.1845,0.939551949904775,0.2449720500952249,0.2607328419892623
2023-09-05,118452.3691,118452.3691,0.0,1.184524,100000.0,1.1845,0.9325621473569388,0.2519618526430611,0.2701823716061924
2023-09-06,118452.3691,118452.3691,0.0,1.184524,100000.0,1.1845,0.9305387288588692,0.2539852711411305,0.2729443313472786
2023-09-07,118452.3691,118452.3691,0.0,1.184524,100000.0,1.1845,0.917466001718847,0.2670579982811529,0.291082173923423
2023-09-08,118452.3691,118452.3691,0.0,1.184524,100000.0,1.1845,0.9129544114348392,0.2715695885651606,0.2974623761753339
2023-09-11,118452.3691,118452.3691,0.0,1.184524,100000.0,1.1845,0.919678138514543,0.2648458614854568,0.2879766848793794
2023-09-12,118452.3691,118452.3691,0.0,1.184524,100000.0,1.1845,0.9179859473584084,0.2665380526415916,0.2903509072318373
2023-09-13,118452.3691,118452.3691,0.0,1.184524,100000.0,1.1845,0.91213875586675,0.2723852441332499,0.2986225970350518
2023-09-14,118452.3691,118452.3691,0.0,1.184524,100000.0,1.1845,0.9113713844524188,0.2731526155475809,0.2997160325718366
2023-09-15,118452.3691,118452.3691,0.0,1.184524,100000.0,1.1845,0.9053343761864304,0.2791896238135694,0.3083828816813616
2023-09-18,118452.3691,118452.3691,0.0,1.184524,100000.0,1.1845,0.9099563755844164,0.2745676244155834,0.3017371291445079
2023-09-19,118452.3691,118452.3691,0.0,1.184524,100000.0,1.1845,0.9081966403163256,0.2763273596836743,0.3042593942953029
2023-09-20,118452.3691,118452.3691,0.0,1.184524,100000.0,1.1845,0.9045808699891548,0.2799431300108452,0.3094727506388695
2023-09-21,118452.3691,118452.3691,0.0,1.184524,100000.0,1.1845,0.8964655682111189,0.288058431788881,0.3213268216912073
2023-09-22,118452.3691,118452.3691,0.0,1.184524,100000.0,1.1845,0.912695659144729,0.2718283408552708,0.2978302111242605
2023-09-25,118452.3691,118452.3691,0.0,1.184524,100000.0,1.1845,0.9067568058748288,0.277767194125171,0.3063304210407158
2023-09-26,118452.3691,118452.3691,0.0,1.184524,100000.0,1.1845,0.9014570463509076,0.2830669536490923,0.314010473150047
2023-09-27,118452.3691,118452.3691,0.0,1.184524,100000.0,1.1845,0.9033127884828668,0.2812112115171332,0.3113110044522158
2023-09-28,118452.3691,118452.3691,0.0,1.184524,100000.0,1.1845,0.9006330423598731,0.2838909576401268,0.3152126829549413
2023-10-09,118452.3691,118452.3691,0.0,1.184524,100000.0,1.1845,0.8994637749356953,0.2850602250643046,0.3169224075585304
2023-10-10,118452.3691,118452.3691,0.0,1.184524,100000.0,1.1845,0.8927261338177497,0.2917978661822502,0.3268615705629392
2023-10-11,118452.3691,118452.3691,0.0,1.184524,100000.0,1.1845,0.8952703035049628,0.289253696495037,0.3230909093740912
2023-10-12,118452.3691,118452.3691,0.0,1.184524,100000.0,1.1845,0.9037735140228236,0.2807504859771762,0.3106425245054107
2023-10-13,118452.3691,118452.3691,0.0,1.184524,100000.0,1.1845,0.8942602175603899,0.29026378243961,0.3245853687100963
2023-10-16,118452.3691,118452.3691,0.0,1.184524,100000.0,1.1845,0.8852738969884184,0.2992501030115815,0.3380310930092818
2023-10-17,118452.3691,118452.3691,0.0,1.184524,100000.0,1.1845,0.8883995758317643,0.2961244241682356,0.3333234641529281
2023-10-18,118452.3691,118452.3691,0.0,1.184524,100000.0,1.1845,0.8813631978717084,0.3031608021282915,0.3439680745240507
2023-10-19,118452.3691,118452.3691,0.0,1.184524,100000.0,1.1845,0.8625591807375222,0.3219648192624776,0.3732669322320412
2023-10-20,118452.3691,118452.3691,0.0,1.184524,100000.0,1.1845,0.8569555825574687,0.3275684174425312,0.3822466696172832
2023-10-23,118452.3691,118452.3691,0.0,1.184524,100000.0,1.1845,0.8480835279732337,0.3364404720267662,0.396706764050468
2023-10-24,118452.3691,118452.3691,0.0,1.184524,100000.0,1.1845,0.8512291746819863,0.3332948253180136,0.3915453502196167
2023-10-25,118452.3691,118452.3691,0.0,1.184524,100000.0,1.1845,0.8554588958439278,0.3290651041560721,0.3846650093356534
2023-10-26,118452.3691,118452.3691,0.0,1.184524,100000.0,1.1845,0.8578235988484153,0.3267004011515846,0.3808479990410187
2023-10-27,118452.3691,118452.3691,0.0,1.184524,100000.0,1.1845,0.8695993423395563,0.3149246576604436,0.3621491442405824
2023-10-30,118452.3691,118452.3691,0.0,1.184524,100000.0,1.1845,0.8748199627196531,0.3097040372803468,0.354020313296846
2023-10-31,118452.3691,118452.3691,0.0,1.184524,100000.0,1.1845,0.8720698164452747,0.3124541835547252,0.3582903314190473
2023-11-01,118452.3691,118452.3691,0.0,1.184524,100000.0,1.1845,0.8717088325899773,0.3128151674100226,0.3588528138238567
2023-11-02,118452.3691,118452.3691,0.0,1.184524,100000.0,1.1845,0.8675986012827616,0.3169253987172383,0.3652903522996209
2023-11-03,118452.3691,118452.3691,0.0,1.184524,100000.0,1.1845,0.8749089637432136,0.3096150362567863,0.3538825741733498
2023-11-06,118452.3691,118452.3691,0.0,1.184524,100000.0,1.1845,0.8867412665792779,0.297782733420722,0.3358169340302144
2023-11-07,118452.3691,118452.3691,0.0,1.184524,100000.0,1.1845,0.8836047250218659,0.300919274978134,0.3405586983146649
2023-11-08,118452.3691,118452.3691,0.0,1.184524,100000.0,1.1845,0.8814841767726315,0.3030398232273684,0.3437836222277806
2023-11-09,118452.3691,118452.3691,0.0,1.184524,100000.0,1.1845,0.8819123385809838,0.3026116614190161,0.3431312253845147
2023-11-10,118452.3691,118452.3691,0.0,1.184524,100000.0,1.1845,0.8754833205954783,0.3090406794045216,0.352994365665723
2023-11-13,118452.3691,118452.3691,0.0,1.184524,100000.0,1.1845,0.873756222290772,0.3107677777092279,0.3556687435020169
2023-11-14,118452.3691,118452.3691,0.0,1.184524,100000.0,1.1845,0.8744017116122237,0.3101222883877762,0.3546679795673915
2023-11-15,118452.3691,118452.3691,0.0,1.184524,100000.0,1.1845,0.880550007773553,0.3039739922264469,0.3452092323467659
2023-11-16,118452.3691,118452.3691,0.0,1.184524,100000.0,1.1845,0.8720352754556043,0.3124887245443956,0.3583441327888168
2023-11-17,118452.3691,118452.3691,0.0,1.184524,100000.0,1.1845,0.8709866940052289,0.313537305994771,0.3599794441783845
2023-11-20,118452.3691,118452.3691,0.0,1.184524,100000.0,1.1845,0.8730017396697599,0.31152226033024,0.356840366031897
2023-11-21,118452.3691,118452.3691,0.0,1.184524,100000.0,1.1845,0.8741598026315641,0.3103641973684358,0.3550428610811407
2023-11-22,118452.3691,118452.3691,0.0,1.184524,100000.0,1.1845,0.8652130272209115,0.3193109727790884,0.3690547445924665
2023-11-23,118452.3691,118452.3691,0.0,1.184524,100000.0,1.1845,0.8693882639383692,0.3151357360616307,0.3624798598431167
2023-11-24,118452.3691,118452.3691,0.0,1.184524,100000.0,1.1845,0.8636489184483814,0.3208750815516185,0.3715341670642023
2023-11-27,118452.3691,118452.3691,0.0,1.184524,100000.0,1.1845,0.8572859799392276,0.3272380200607723,0.3817139527745106
2023-11-28,118452.3691,118452.3691,0.0,1.184524,100000.0,1.1845,0.8588923922701315,0.3256316077298684,0.3791296915195561
2023-11-29,118452.3691,118452.3691,0.0,1.184524,100000.0,1.1845,0.851516511776976,0.3330074882230239,0.3910757849288109
2023-11-30,118452.3691,118452.3691,0.0,1.184524,100000.0,1.1845,0.8534438501793968,0.3310801498206031,0.3879343084504141
2023-12-01,118452.3691,118452.3691,0.0,1.184524,100000.0,1.1845,0.8501919929787319,0.334332007021268,0.3932429495717815
2023-12-04,118452.3691,118452.3691,0.0,1.184524,100000.0,1.1845,0.8446402184884806,0.3398837815115193,0.402400660152977
2023-12-05,118452.3691,118452.3691,0.0,1.184524,100000.0,1.1845,0.8285582998568486,0.3559657001431513,0.4296205833731339
2023-12-06,118452.3691,118452.3691,0.0,1.184524,100000.0,1.1845,0.8298620452401037,0.3546619547598962,0.4273745941197757
2023-12-07,118452.3691,118452.3691,0.0,1.184524,100000.0,1.1845,0.827832133524188,0.3566918664758118,0.4308746327076342
2023-12-08,118452.3691,118452.3691,0.0,1.184524,100000.0,1.1845,0.8298287980118837,0.3546952019881162,0.4274317821192761
2023-12-11,118452.3691,118452.3691,0.0,1.184524,100000.0,1.1845,0.8347092079516722,0.3498147920483276,0.4190858190084578
2023-12-12,118452.3691,118452.3691,0.0,1.184524,100000.0,1.1845,0.8365029471763785,0.3480210528236214,0.4160428292552571
2023-12-13,118452.3691,118452.3691,0.0,1.184524,100000.0,1.1845,0.8225405759596514,0.3619834240403485,0.4400797171835875
2023-12-14,118452.3691,118452.3691,0.0,1.184524,100000.0,1.1845,0.8182342787661935,0.3662897212338064,0.4476587338605891
2023-12-15,118452.3691,118452.3691,0.0,1.184524,100000.0,1.1845,0.8156925989595077,0.3688314010404921,0.4521696059409772
2023-12-18,118452.3691,118452.3691,0.0,1.184524,100000.0,1.1845,0.8127179240469752,0.3718060759530247,0.457484774177977
2023-12-19,118452.3691,118452.3691,0.0,1.184524,100000.0,1.1845,0.8138592413417025,0.3706647586582974,0.4554408672035612
2023-12-20,118452.3691,118452.3691,0.0,1.184524,100000.0,1.1845,0.804939854616852,0.3795841453831479,0.4715683329704532
2023-12-21,118452.3691,118452.3691,0.0,1.184524,100000.0,1.1845,0.8130850837824045,0.3714389162175954,0.4568266269130068
2023-12-22,118452.3691,118452.3691,0.0,1.184524,100000.0,1.1845,0.8146371825429786,0.3698868174570213,0.45405098783041
2023-12-25,118452.3691,118452.3691,0.0,1.184524,100000.0,1.1845,0.8171326042751587,0.3673913957248412,0.4496104962679068
2023-12-26,118452.3691,118452.3691,0.0,1.184524,100000.0,1.1845,0.8116010173456546,0.3729229826543453,0.459490531288381
2023-12-27,118452.3691,118452.3691,0.0,1.184524,100000.0,1.1845,0.8144245906850001,0.3700994093149998,0.4544305434143569
2023-12-28,118452.3691,118452.3691,0.0,1.184524,100000.0,1.1845,0.8335095493387031,0.3510144506612968,0.4211282893396812
2023-12-29,118452.3691,118452.3691,0.0,1.184524,100000.0,1.1845,0.837554287023809,0.3469697129761909,0.4142653417835442
2024-01-02,118452.3691,118452.3691,0.0,1.184524,100000.0,1.1845,0.8266286668586473,0.3578953331413526,0.4329578049856724
2024-01-03,118452.3691,118452.3691,0.0,1.184524,100000.0,1.1845,0.8246623691491495,0.3598616308508504,0.4363745022367638
2024-01-04,118452.3691,118452.3691,0.0,1.184524,100000.0,1.1845,0.8170352304180596,0.3674887695819403,0.44978326013421
2024-01-05,118452.3691,118452.3691,0.0,1.184524,100000.0,1.1845,0.8126558479079422,0.3718681520920577,0.4575961067029483
2024-01-08,118452.3691,118452.3691,0.0,1.184524,100000.0,1.1845,0.8021458669167155,0.3823781330832844,0.4766940139616598
2024-01-09,118452.3691,118452.3691,0.0,1.184524,100000.0,1.1845,0.8037186414499051,0.3808053585500948,0.4738043127419857
2024-01-10,118452.3691,118452.3691,0.0,1.184524,100000.0,1.1845,0.7999666356009316,0.3845573643990683,0.4807167540308608
2024-01-11,118452.3691,118452.3691,0.0,1.184524,100000.0,1.1845,0.8044930187045437,0.3800309812954562,0.4723856795021182
2024-01-12,118452.3691,118452.3691,0.0,1.184524,100000.0,1.1845,0.8016845799331105,0.3828394200668894,0.4775436994170849
2024-01-15,118452.3691,118452.3691,0.0,1.184524,100000.0,1.1845,0.8008919191440101,0.3836320808559897,0.4790060577287558
2024-01-16,118452.3691,118452.3691,0.0,1.184524,100000.0,1.1845,0.805763468038392,0.3787605319616078,0.4700641652117705
2024-01-17,118452.3691,118452.3691,0.0,1.184524,100000.0,1.1845,0.7882380777868455,0.3962859222131544,0.5027490213690458
2024-01-18,118452.3691,118452.3691,0.0,1.184524,100000.0,1.1845,0.7993806837167987,0.3851433162832012,0.4818021302346706
2024-01-19,118452.3691,118452.3691,0.0,1.184524,100000.0,1.1845,0.798171797899522,0.3863522021004779,0.4840464209800532
2024-01-22,118452.3691,118452.3691,0.0,1.184524,100000.0,1.1845,0.7857529817356765,0.3987710182643234,0.5075017563197335
2024-01-23,118452.3691,118452.3691,0.0,1.184524,100000.0,1.1845,0.7889339993942753,0.3955900006057246,0.5014234408828231
2024-01-24,118452.3691,118452.3691,0.0,1.184524,100000.0,1.1845,0.799961729071657,0.3845622709283429,0.4807258359404536
2024-01-25,118452.3691,118452.3691,0.0,1.184524,100000.0,1.1845,0.8160263405925636,0.3684976594074363,0.451575691956033
2024-01-26,118452.3691,118452.3691,0.0,1.184524,100000.0,1.1845,0.8138055624468016,0.3707184375531983,0.455536868583928
2024-01-29,118452.3691,118452.3691,0.0,1.184524,100000.0,1.1845,0.8065163395602396,0.3780076604397603,0.4686918812405864
2024-01-30,118452.3691,118452.3691,0.0,1.184524,100000.0,1.1845,0.7921332029449623,0.3923907970550376,0.4953596132521933
2024-01-31,118452.3691,118452.3691,0.0,1.184524,100000.0,1.1845,0.7848864544909278,0.3996375455090721,0.5091660624571162
2024-02-01,118452.3691,118452.3691,0.0,1.184524,100000.0,1.1845,0.7854623247999837,0.3990616752000162,0.5080596008238032
2024-02-02,118452.3691,118452.3691,0.0,1.184524,100000.0,1.1845,0.7761659652811544,0.4083580347188454,0.5261220576335421
2024-02-05,118452.3691,118452.3691,0.0,1.184524,100000.0,1.1845,0.781241952895317,0.4032820471046829,0.5162063373710308
2024-02-06,118452.3691,118452.3691,0.0,1.184524,100000.0,1.1845,0.8084037178212535,0.3761202821787464,0.4652629297554893
2024-02-07,118452.3691,118452.3691,0.0,1.184524,100000.0,1.1845,0.816199997554058,0.3683240024459419,0.4512668507102602
2024-02-08,118452.3691,118452.3691,0.0,1.184524,100000.0,1.1845,0.821399307486111,0.3631246925138889,0.4420805924772817
2024-02-19,118452.3691,118452.3691,0.0,1.184524,100000.0,1.1845,0.830889682401336,0.3536343175986639,0.4256092295870533
2024-02-20,118452.3691,118452.3691,0.0,1.184524,100000.0,1.1845,0.8326097504551412,0.3519142495448587,0.4226640984596768
2024-02-21,118452.3691,118452.3691,0.0,1.184524,100000.0,1.1845,0.8438427976336659,0.340681202366334,0.4037259111788172
2024-02-22,118452.3691,118452.3691,0.0,1.184524,100000.0,1.1845,0.851117984429019,0.3334060155709809,0.3917271420303141
2024-02-23,118452.3691,118452.3691,0.0,1.184524,100000.0,1.1845,0.8518666329182071,0.3326573670817928,0.3905040463226281
2024-02-26,118452.3691,118452.3691,0.0,1.184524,100000.0,1.1845,0.8429853023084776,0.3415386976915223,0.4051537989526435
2024-02-27,118452.3691,118452.3691,0.0,1.184524,100000.0,1.1845,0.853098342640319,0.3314256573596809,0.3884964262548283
2024-02-28,118452.3691,118452.3691,0.0,1.184524,100000.0,1.1845,0.8422288912505861,0.3422951087494138,0.4064157764062877
2024-02-29,118452.3691,118452.3691,0.0,1.184524,100000.0,1.1845,0.8582966273274489,0.326227372672551,0.3800869795892743
2024-03-01,19195.0267,118373.0267,99178.0,1.18373,100000.0,1.1845,0.8635989011424909,0.320131098857509,0.3706941943001482
2024-03-04,19195.0267,118595.0267,99400.0,1.18595,100000.0,1.1837,0.8643470370092174,0.3216029629907826,0.3720762022897441
2024-03-05,19195.0267,120198.0267,101003.0,1.20198,100000.0,1.186,0.8703631986284367,0.3316168013715633,0.3810096772176745
2024-03-06,19195.0267,120442.0267,101247.0,1.20442,100000.0,1.202,0.8668319133650461,0.337588086634954,0.3894504591143111
2024-03-07,19195.0267,122462.0267,103267.0,1.22462,100000.0,1.2044,0.8616254755397186,0.3629945244602814,0.4212903805251384
2024-03-08,19195.0267,123110.0267,103915.0,1.2311,100000.0,1.2246,0.8653335423205601,0.3657664576794399,0.4226884083316198
2024-03-11,19195.0267,123231.0267,104036.0,1.23231,100000.0,1.2311,0.8761605192777656,0.3561494807222344,0.4064888486596207
2024-03-12,19195.0267,122566.0267,103371.0,1.22566,100000.0,1.2323,0.8781696087575054,0.3474903912424946,0.3956984935223935
2024-03-13,19195.0267,123383.0267,104188.0,1.23383,100000.0,1.2257,0.8720345187272092,0.3617954812727908,0.4148866512771245
2024-03-14,19195.0267,125988.0267,106793.0,1.25988,100000.0,1.2338,0.8695597483570512,0.3903202516429489,0.4488711125146043
2024-03-15,19195.0267,127987.0267,108792.0,1.27987,100000.0,1.2599,0.87145647587534,0.40841352412466,0.4686562501178575
2024-03-18,19195.0267,126837.0267,107642.0,1.26837,100000.0,1.2799,0.8796425683742551,0.3887274316257448,0.4419152114752542
2024-03-19,19195.0267,127006.0267,107811.0,1.27006,100000.0,1.2684,0.873320786125585,0.396739213874415,0.4542880693754187
2024-03-20,19195.0267,126504.0267,107309.0,1.26504,100000.0,1.2701,0.8752134614853684,0.3898265385146315,0.445407384220345
2024-03-21,19195.0267,126090.0267,106895.0,1.2609,100000.0,1.265,0.8741653682468611,0.3867346317531388,0.4424044303296244
2024-03-22,19195.0267,125822.0267,106627.0,1.25822,100000.0,1.2609,0.865356097708868,0.3928639022911319,0.4539910255804347
2024-03-25,19195.0267,126635.0267,107440.0,1.26635,100000.0,1.2582,0.8606597680539588,0.4056902319460412,0.4713712049807428
2024-03-26,19195.0267,126636.0267,107441.0,1.26636,100000.0,1.2664,0.8650495982980543,0.4013104017019456,0.4639160604102996
2024-03-27,19195.0267,127150.0267,107955.0,1.2715,100000.0,1.2664,0.8550509948281031,0.416449005171897,0.4870458109409237
2024-03-28,19195.0267,128795.0267,109600.0,1.28795,100000.0,1.2715,0.859488401318748,0.4284615986812519,0.4985077146170278
2024-03-29,19195.0267,130785.0267,111590.0,1.30785,100000.0,1.288,0.8635209092965571,0.4443290907034428,0.5145551033215894
2024-04-01,17715.7988,132601.7988,114886.0,1.326018,100000.0,1.3079,0.8777186718655045,0.4482993281344954,0.5107551457025283
2024-04-02,17715.7988,132825.7988,115110.0,1.328258,100000.0,1.326,0.8740642351583773,0.4541937648416226,0.5196343089811064
2024-04-03,17715.7988,133691.7988,115976.0,1.336918,100000.0,1.3283,0.870921908290328,0.465996091709672,0.535060706676274
2024-04-08,17715.7988,131073.7988,113358.0,1.310738,100000.0,1.3369,0.8632581048479413,0.4474798951520586,0.5183616494754835
2024-04-09,17715.7988,130437.7988,112722.0,1.304378,100000.0,1.3107,0.862545169056907,0.441832830943093,0.5122431227876285
2024-04-10,17715.7988,131661.7988,113946.0,1.316618,100000.0,1.3044,0.8555201664333786,0.4610978335666215,0.5389678135688087
2024-04-11,46146.7904,131440.7904,85294.0,1.314408,100000.0,1.3166,0.8554069256905652,0.4590010743094348,0.5365879799709194
2024-04-12,46146.7904,131638.7904,85492.0,1.316388,100000.0,1.3144,0.8484729013486632,0.4679150986513367,0.5514791313989842
2024-04-15,46146.7904,133570.7904,87424.0,1.335708,100000.0,1.3164,0.8663504876418805,0.4693575123581194,0.5417640078158941
2024-04-16,46146.7904,132220.7904,86074.0,1.322208,100000.0,1.3357,0.8570839090470075,0.4651240909529925,0.5426820945339699
2024-04-17,46146.7904,132352.7904,86206.0,1.323528,100000.0,1.3222,0.8703360296379752,0.4531919703620248,0.5207091915412654
2024-04-18,46146.7904,133280.7904,87134.0,1.332808,100000.0,1.3235,0.8714098028207464,0.4613981971792535,0.5294847449336826
2024-04-19,46146.7904,132744.7904,86598.0,1.327448,100000.0,1.3328,0.8645406862467127,0.4629073137532873,0.5354372803007541
2024-04-22,92366.6264,130486.6264,38120.0,1.304866,100000.0,1.3274,0.8619147410715873,0.4429512589284128,0.5139154000054664
2024-04-23,92366.6264,130352.6264,37986.0,1.303526,100000.0,1.3049,0.8558903042612034,0.4476356957387966,0.5230059196957391
2024-04-24,92366.6264,130286.6264,37920.0,1.302866,100000.0,1.3035,0.859648803328023,0.4432171966719771,0.5155793795746788
2024-04-25,92366.6264,131006.6264,38640.0,1.310066,100000.0,1.3029,0.8617626142534772,0.4483033857465227,0.5202167955903685
2024-04-26,92366.6264,132062.6264,39696.0,1.320626,100000.0,1.3101,0.8749412345476977,0.4456847654523024,0.5093882284365074
2024-04-29,92366.6264,134292.6264,41926.0,1.342926,100000.0,1.3206,0.8846185213766374,0.4583074786233626,0.5180848778862865
2024-04-30,93372.2264,133892.2264,40520.0,1.338922,100000.0,1.3429,0.8798540373449368,0.4590679626550631,0.5217546810836429
2024-05-06,8842.6568,134700.6568,125858.0,1.347007,100000.0,1.3389,0.8929094085530471,0.4540975914469529,0.5085595325765631
2024-05-07,8842.6568,134722.6568,125880.0,1.347227,100000.0,1.347,0.8931854679538829,0.4540415320461171,0.5083395871702205
2024-05-08,8842.6568,133422.6568,124580.0,1.334227,100000.0,1.3472,0.8861590495159368,0.4480679504840632,0.5056292668103088
2024-05-09,8842.6568,135640.6568,126798.0,1.356407,100000.0,1.3342,0.894541085848127,0.4618659141518729,0.5163160434536904
2024-05-10,8842.6568,135414.6568,126572.0,1.354147,100000.0,1.3564,0.894959996041578,0.4591870039584219,0.5130810382468638
2024-05-13,8842.6568,135430.6568,126588.0,1.354307,100000.0,1.3541,0.8945727463877753,0.4597342536122246,0.5139148889440246
2024-05-14,8842.6568,133556.6568,124714.0,1.335567,100000.0,1.3543,0.8927064832900578,0.4428605167099422,0.4960874878804349
2024-05-15,10642.6568,134136.6568,123494.0,1.341367,100000.0,1.3356,0.8851417624463085,0.4562252375536915,0.5154261802005591
2024-05-16,10642.6568,135680.6568,125038.0,1.356807,100000.0,1.3414,0.8886332828530397,0.4681737171469604,0.5268469302025749
2024-05-17,10642.6568,136280.6568,125638.0,1.362807,100000.0,1.3568,0.8978142046756488,0.4649927953243513,0.5179165053334596
2024-05-20,10642.6568,134930.6568,124288.0,1.349307,100000.0,1.3628,0.9009857998451928,0.4483212001548073,0.4975896404048077
2024-05-21,10642.6568,134372.6568,123730.0,1.343727,100000.0,1.3493,0.8973727390938897,0.4463542609061102,0.4974011817617845
2024-05-22,10642.6568,134138.6568,123496.0,1.341387,100000.0,1.3437,0.8993963528767065,0.4419906471232936,0.4914303306985765
2024-05-23,10642.6568,133554.6568,122912.0,1.335547,100000.0,1.3414,0.8889829646035898,0.4465640353964102,0.5023313754898999
2024-05-24,52276.4624,132444.4624,80168.0,1.324445,100000.0,1.3355,0.8791415165339904,0.4453034834660097,0.5065208218372119
2024-05-27,52276.4624,132832.4624,80556.0,1.328325,100000.0,1.3244,0.8874978729219168,0.4408271270780831,0.4967078125232504
2024-05-28,52276.4624,132054.4624,79778.0,1.320545,100000.0,1.3283,0.8810203999084991,0.4395246000915009,0.4988812973424328
2024-05-29,52276.4624,131544.4624,79268.0,1.315445,100000.0,1.3205,0.8820822363110945,0.4333627636889055,0.4912951943134542
2024-05-30,52276.4624,131254.4624,78978.0,1.312545,100000.0,1.3154,0.8773929124964931,0.435152087503507,0.4959603403512178
2024-05-31,52276.4624,130684.4624,78408.0,1.306845,100000.0,1.3125,0.8738808627807068,0.4329641372192933,0.4954498440915533
2024-06-03,27930.1592,131602.1592,103672.0,1.316022,100000.0,1.3068,0.8760347559005346,0.4399872440994654,0.5022486164343709
2024-06-04,27930.1592,131908.1592,103978.0,1.319082,100000.0,1.316,0.8826068443739964,0.4364751556260037,0.4945295387274964
2024-06-05,27930.1592,132721.1592,104791.0,1.327212,100000.0,1.3191,0.8775104495037459,0.4497015504962541,0.5124742967454936
2024-06-06,27930.1592,132030.1592,104100.0,1.320302,100000.0,1.3272,0.876888418762558,0.4434135812374421,0.5056670515311124
2024-06-07,27930.1592,131853.1592,103923.0,1.318532,100000.0,1.3203,0.8724625096614076,0.4460694903385924,0.5112763991563452
2024-06-11,27930.1592,132310.1592,104380.0,1.323102,100000.0,1.3185,0.8648373237777901,0.4582646762222099,0.5298854057551703
2024-06-12,27930.1592,132050.1592,104120.0,1.320502,100000.0,1.3231,0.8651413333080762,0.4553606666919239,0.5263425167200633
2024-06-13,27930.1592,133449.1592,105519.0,1.334492,100000.0,1.3205,0.8607494037529477,0.4737425962470523,0.5503838796535789
2024-06-14,27930.1592,132768.1592,104838.0,1.327682,100000.0,1.3345,0.8645092454024047,0.4631727545975953,0.5357637955415981
2024-06-17,27930.1592,132908.1592,104978.0,1.329082,100000.0,1.3277,0.8632070622971277,0.4658749377028723,0.5397024167794771
2024-06-18,27930.1592,132751.1592,104821.0,1.327512,100000.0,1.3291,0.8654996075875052,0.4620123924124948,0.5338100541724204
2024-06-19,27930.1592,133190.1592,105260.0,1.331902,100000.0,1.3275,0.8613885707307068,0.470513429269293,0.5462266917126164
2024-06-20,27930.1592,132949.1592,105019.0,1.329492,100000.0,1.3319,0.8551718516760589,0.474320148323941,0.5546489251187545
2024-06-21,27930.1592,132995.1592,105065.0,1.329952,100000.0,1.3295,0.8533015364198359,0.4766504635801641,0.5585955764008441
2024-06-24,27930.1592,133879.1592,105949.0,1.338792,100000.0,1.33,0.8487100014424214,0.4900819985575786,0.5774434114416724
2024-06-25,27930.1592,133701.1592,105771.0,1.337012,100000.0,1.3388,0.8440944708516883,0.4929175291483118,0.5839601444740654
2024-06-26,27930.1592,133662.1592,105732.0,1.336622,100000.0,1.337,0.8495532898022471,0.4870687101977529,0.5733233171413288
2024-06-27,27930.1592,133388.1592,105458.0,1.333882,100000.0,1.3366,0.843170578712434,0.490711421287566,0.5819835673546725
2024-06-28,27930.1592,133559.1592,105629.0,1.335592,100000.0,1.3339,0.8450110154023273,0.4905809845976726,0.5805616443521708
2024-07-01,134149.8938,134149.8938,0.0,1.341499,100000.0,1.3356,0.8490450368369276,0.4924539631630724,0.5800092360208402
2024-07-02,134149.8938,134149.8938,0.0,1.341499,100000.0,1.3415,0.8474834911767052,0.4940155088232948,0.58292050991739
2024-07-03,134149.8938,134149.8938,0.0,1.341499,100000.0,1.3415,0.8454399339390753,0.4960590660609246,0.5867466701622259
2024-07-04,134149.8938,134149.8938,0.0,1.341499,100000.0,1.3415,0.8411433521617934,0.5003556478382066,0.5948518127763358
2024-07-05,134149.8938,134149.8938,0.0,1.341499,100000.0,1.3415,0.8375422281906663,0.5039567718093337,0.6017090898187023
2024-07-08,134149.8938,134149.8938,0.0,1.341499,100000.0,1.3415,0.8303898999119287,0.5111091000880713,0.6155049575413665
2024-07-09,134149.8938,134149.8938,0.0,1.341499,100000.0,1.3415,0.8396783015773073,0.5018206984226927,0.5976344720115305
2024-07-10,134149.8938,134149.8938,0.0,1.341499,100000.0,1.3415,0.8370308750799841,0.5044681249200159,0.6026875948534283
2024-07-11,134149.8938,134149.8938,0.0,1.341499,100000.0,1.3415,0.8466006332449674,0.4948983667550326,0.5845712220390364
2024-07-12,134149.8938,134149.8938,0.0,1.341499,100000.0,1.3415,0.8476337872003098,0.4938652127996902,0.5826398384034468
2024-07-15,134149.8938,134149.8938,0.0,1.341499,100000.0,1.3415,0.8485724477485751,0.4929265522514249,0.5808891787133241
2024-07-16,134149.8938,134149.8938,0.0,1.341499,100000.0,1.3415,0.8539515661116612,0.4875474338883387,0.5709310143996948
2024-07-17,134149.8938,134149.8938,0.0,1.341499,100000.0,1.3415,0.8547573353894207,0.4867416646105793,0.5694501169607673
2024-07-18,134149.8938,134149.8938,0.0,1.341499,100000.0,1.3415,0.8594801505381761,0.4820188494618239,0.5608260402058161
2024-07-19,134149.8938,134149.8938,0.0,1.341499,100000.0,1.3415,0.8638947087133924,0.4776042912866076,0.5528501175773015
2024-07-22,134149.8938,134149.8938,0.0,1.341499,100000.0,1.3415,0.85801402588758,0.48348497411242,0.5634930893026775
2024-07-23,134149.8938,134149.8938,0.0,1.341499,100000.0,1.3415,0.8396946078537024,0.5018043921462976,0.5976034470781375
2024-07-24,134149.8938,134149.8938,0.0,1.341499,100000.0,1.3415,0.8343946774556273,0.5071043225443727,0.6077511473236119
2024-07-25,134149.8938,134149.8938,0.0,1.341499,100000.0,1.3415,0.8297823690632239,0.5117166309367761,0.6166877605684422
2024-07-26,134149.8938,134149.8938,0.0,1.341499,100000.0,1.3415,0.8322286766814698,0.5092703233185302,0.6119355624096694
2024-07-29,134149.8938,134149.8938,0.0,1.341499,100000.0,1.3415,0.8277002430880116,0.5137987569119884,0.620754628505473
2024-07-30,134149.8938,134149.8938,0.0,1.341499,100000.0,1.3415,0.8224861647469476,0.5190128352530524,0.6310292592128111
2024-07-31,134149.8938,134149.8938,0.0,1.341499,100000.0,1.3415,0.8402332275972197,0.5012657724027803,0.5965793257620022
2024-08-01,134149.8938,134149.8938,0.0,1.341499,100000.0,1.3415,0.8346632672148804,0.5068357327851196,0.6072337824046556
2024-08-02,134149.8938,134149.8938,0.0,1.341499,100000.0,1.3415,0.8261501459960966,0.5153488540039034,0.6237956338826796
2024-08-05,134149.8938,134149.8938,0.0,1.341499,100000.0,1.3415,0.8161243735356837,0.5253746264643163,0.6437433355754878
2024-08-06,134149.8938,134149.8938,0.0,1.341499,100000.0,1.3415,0.8160409869486067,0.5254580130513933,0.6439113003578654
2024-08-07,134149.8938,134149.8938,0.0,1.341499,100000.0,1.3415,0.8156772935174412,0.5258217064825588,0.6446442859958261
2024-08-08,134149.8938,134149.8938,0.0,1.341499,100000.0,1.3415,0.8160307344993759,0.5254682655006241,0.6439319541352715
2024-08-09,134149.8938,134149.8938,0.0,1.341499,100000.0,1.3415,0.8132700184380524,0.5282289815619476,0.6495124246390542
2024-08-12,134149.8938,134149.8938,0.0,1.341499,100000.0,1.3415,0.8118632603506214,0.5296357396493786,0.6523706214032194
2024-08-13,134149.8938,134149.8938,0.0,1.341499,100000.0,1.3415,0.8139444587232842,0.5275545412767157,0.6481456266736105
2024-08-14,134149.8938,134149.8938,0.0,1.341499,100000.0,1.3415,0.8078048527332077,0.5336941472667923,0.6606721232993813
2024-08-15,134149.8938,134149.8938,0.0,1.341499,100000.0,1.3415,0.8157905586708478,0.5257084413291522,0.644415941985991
2024-08-16,134149.8938,134149.8938,0.0,1.341499,100000.0,1.3415,0.8166891126141461,0.5248098873858539,0.6426066899630707
2024-08-19,134149.8938,134149.8938,0.0,1.341499,100000.0,1.3415,0.8194557360390738,0.5220432639609262,0.6370609674224474
2024-08-20,134149.8938,134149.8938,0.0,1.341499,100000.0,1.3415,0.8135326764231076,0.5279663235768924,0.6489798613845772
2024-08-21,134149.8938,134149.8938,0.0,1.341499,100000.0,1.3415,0.8108308143024876,0.5306681856975124,0.6544746158346444
2024-08-22,134149.8938,134149.8938,0.0,1.341499,100000.0,1.3415,0.8087560847370774,0.5327429152629226,0.6587188959896539
2024-08-23,134149.8938,134149.8938,0.0,1.341499,100000.0,1.3415,0.8121869448191932,0.5293120551808068,0.6517120948042827
2024-08-26,134149.8938,134149.8938,0.0,1.341499,100000.0,1.3415,0.8114625848704446,0.5300364151295553,0.6531865116297126
2024-08-27,134149.8938,134149.8938,0.0,1.341499,100000.0,1.3415,0.806851594650085,0.534647405349915,0.6626341311028585
2024-08-28,134149.8938,134149.8938,0.0,1.341499,100000.0,1.3415,0.8022530782429563,0.5392459217570437,0.6721643535953341
2024-08-29,134149.8938,134149.8938,0.0,1.341499,100000.0,1.3415,0.8001014308977218,0.5413975691022782,0.6766611684406372
2024-08-30,134149.8938,134149.8938,0.0,1.341499,100000.0,1.3415,0.8107813340296521,0.5307176659703479,0.6545755849269939
2024-09-02,134149.8938,134149.8938,0.0,1.341499,100000.0,1.3415,0.7970085598919142,0.5444904401080858,0.6831676189047788
2024-09-03,134149.8938,134149.8938,0.0,1.341499,100000.0,1.3415,0.7990632483601374,0.5424357516398626,0.6788395696499196
2024-09-04,134149.8938,134149.8938,0.0,1.341499,100000.0,1.3415,0.7938727506523044,0.5476262493476955,0.6898161561758172
2024-09-05,134149.8938,134149.8938,0.0,1.341499,100000.0,1.3415,0.795238010730944,0.546260989269056,0.6869150894421652
2024-09-06,134149.8938,134149.8938,0.0,1.341499,100000.0,1.3415,0.7887906603897901,0.5527083396102099,0.7007034532293812
2024-09-09,134149.8938,134149.8938,0.0,1.341499,100000.0,1.3415,0.7794184327466532,0.5620805672533468,0.7211538034487937
2024-09-10,134149.8938,134149.8938,0.0,1.341499,100000.0,1.3415,0.7801028081434016,0.5613961918565984,0.7196438546256332
2024-09-11,134149.8938,134149.8938,0.0,1.341499,100000.0,1.3415,0.7777532152962328,0.5637457847037672,0.7248388995589639
2024-09-12,134149.8938,134149.8938,0.0,1.341499,100000.0,1.3415,0.77441989994537,0.56707910005463,0.732263078589062
2024-09-13,134149.8938,134149.8938,0.0,1.341499,100000.0,1.3415,0.7711909398813205,0.5703080601186795,0.7395160272583661
2024-09-18,134149.8938,134149.8938,0.0,1.341499,100000.0,1.3415,0.7740624068049298,0.5674365931950702,0.7330631073239409
2024-09-19,134149.8938,134149.8938,0.0,1.341499,100000.0,1.3415,0.7801712798579071,0.5613277201420929,0.7194929301221236
2024-09-20,134149.8938,134149.8938,0.0,1.341499,100000.0,1.3415,0.7813952270113158,0.5601037729886842,0.716799583139216
2024-09-23,134149.8938,134149.8938,0.0,1.341499,100000.0,1.3415,0.7842547327441559,0.5572442672558441,0.7105398845423754
2024-09-24,134149.8938,134149.8938,0.0,1.341499,100000.0,1.3415,0.8182208773504118,0.5232781226495882,0.6395316193154146
2024-09-25,134149.8938,134149.8938,0.0,1.341499,100000.0,1.3415,0.8303343902225205,0.5111646097774795,0.615612957618789
2024-09-26,134149.8938,134149.8938,0.0,1.341499,100000.0,1.3415,0.8654337478064927,0.4760652521935072,0.5500886155643117
2024-09-27,134149.8938,134149.8938,0.0,1.341499,100000.0,1.3415,0.9040914620019436,0.4374075379980565,0.4838089467513589
2024-09-30,134149.8938,134149.8938,0.0,1.341499,100000.0,1.3415,0.9807821256651956,0.3607168743348045,0.3677849186843158
2024-10-08,18530.4722,134057.4722,115527.0,1.340575,100000.0,1.3415,1.038938338377251,0.301636661622749,0.2903316303582408
2024-10-09,18530.4722,121190.4722,102660.0,1.211905,100000.0,1.3406,0.96567914506095,0.2462258549390501,0.2549768794308065
2024-10-10,18530.4722,122570.4722,104040.0,1.225705,100000.0,1.2119,0.9758837495286594,0.2498212504713406,0.2559948872926734
2024-10-11,18530.4722,118627.4722,100097.0,1.186275,100000.0,1.2257,0.9488805314068988,0.2373944685931011,0.2501837278093564
2024-10-14,18530.4722,121421.4722,102891.0,1.214215,100000.0,1.1863,0.966987186708644,0.2472278132913559,0.2556681377887237
2024-10-15,18530.4722,118545.4722,100015.0,1.185455,100000.0,1.2142,0.9412712368195892,0.2441837631804108,0.2594191276952966
2024-10-16,18530.4722,117127.4722,98597.0,1.171275,100000.0,1.1855,0.935313611803359,0.235961388196641,0.2522805027307244
2024-10-17,18530.4722,115922.4722,97392.0,1.159225,100000.0,1.1713,0.9247273965289232,0.2344976034710766,0.2535856560012084
2024-10-18,19181.4722,120386.4722,101205.0,1.203865,100000.0,1.1592,0.9581729119990026,0.2456920880009974,0.256417275967882
2024-10-21,19181.4722,122869.4722,103688.0,1.228695,100000.0,1.2039,0.9606050370624792,0.2680899629375207,0.2790844859166439
2024-10-22,19181.4722,124614.4722,105433.0,1.246145,100000.0,1.2287,0.9661164852524228,0.2800285147475772,0.2898496392745151
2024-10-23,19181.4722,128004.4722,108823.0,1.280045,100000.0,1.2461,0.9698838697752424,0.3101611302247575,0.3197920286030049
2024-10-24,19181.4722,125387.4722,106206.0,1.253875,100000.0,1.28,0.9590515468980813,0.2948234531019189,0.3074114775743644
2024-10-25,19181.4722,130471.4722,111290.0,1.304715,100000.0,1.2539,0.96578584376473,0.3389291562352702,0.3509361401634243
2024-10-28,19181.4722,129231.4722,110050.0,1.292315,100000.0,1.3047,0.9676742228600737,0.3246407771399264,0.3354856102092012
2024-10-29,61454.4458,126973.4458,65519.0,1.269734,100000.0,1.2923,0.9580301100275735,0.3117038899724264,0.3253591789129206
2024-10-30,61454.4458,125436.4458,63982.0,1.254364,100000.0,1.2697,0.9494375079166576,0.3049264920833423,0.3211654158812831
2024-10-31,61454.4458,125196.4458,63742.0,1.251964,100000.0,1.2544,0.949825856047164,0.3021381439528362,0.3180984619751532
2024-11-01,21501.509,125347.509,103846.0,1.253475,100000.0,1.252,0.94957703886857,0.3038979611314298,0.320035077399857
2024-11-04,21501.509,126946.509,105445.0,1.269465,100000.0,1.2535,0.9629397882688566,0.3065252117311434,0.3183223037052036
2024-11-05,21501.509,129988.509,108487.0,1.299885,100000.0,1.2695,0.9873041480115796,0.3125808519884203,0.3166003633408762
2024-11-06,21501.509,127735.509,106234.0,1.277355,100000.0,1.2999,0.9823513850729338,0.2950036149270661,0.3003035567615797
2024-11-07,21501.509,130647.509,109146.0,1.306475,100000.0,1.2774,1.011988799150391,0.2944862008496089,0.2909974903841259
2024-11-08,21501.509,129018.509,107517.0,1.290185,100000.0,1.3065,1.0018222263872087,0.2883627736127911,0.2878382671271835
2024-11-11,21501.509,131173.509,109672.0,1.311735,100000.0,1.2902,1.0084336403266487,0.3033013596733513,0.3007648173806527
2024-11-12,21501.509,130920.509,109419.0,1.309205,100000.0,1.3117,0.9973541113700584,0.3118508886299416,0.3126782003250121
2024-11-13,21501.509,131902.509,110401.0,1.319025,100000.0,1.3092,1.003492667704618,0.3155323322953818,0.3144341184047994
2024-11-14,21501.509,129200.509,107699.0,1.292005,100000.0,1.319,0.9860949936777752,0.3059100063222248,0.3102236683925268
2024-11-15,21501.509,126009.509,104508.0,1.260095,100000.0,1.292,0.9688151495853062,0.2912798504146937,0.3006557551658577
2024-11-18,21501.509,125066.509,103565.0,1.250665,100000.0,1.2601,0.9643113462805952,0.2863536537194047,0.2969514512339686
2024-11-19,21501.509,126444.509,104943.0,1.264445,100000.0,1.2507,0.9707827410562546,0.2936622589437454,0.302500494213801
2024-11-20,21501.509,126138.509,104637.0,1.261385,100000.0,1.2644,0.9729507679096648,0.2884342320903351,0.2964530597062187
2024-11-21,21501.509,126251.509,104750.0,1.262515,100000.0,1.2614,0.9738112901484356,0.2887037098515644,0.2964678195583028
2024-11-22,21501.509,121807.509,100306.0,1.218075,100000.0,1.2625,0.9436400408037686,0.2744349591962314,0.2908258947579998
2024-11-25,21501.509,122111.509,100610.0,1.221115,100000.0,1.2181,0.9393418235167283,0.2817731764832716,0.2999687328180098
2024-11-26,21501.509,122108.509,100607.0,1.221085,100000.0,1.2211,0.9374118731808128,0.2836731268191871,0.3026131148271371
2024-11-27,21501.509,123511.509,102010.0,1.235115,100000.0,1.2211,0.9537327959324892,0.2813822040675107,0.2950325345500948
2024-11-28,21501.509,122557.509,101056.0,1.225575,100000.0,1.2351,0.9453125570216178,0.2802624429783823,0.2964759548539173
2024-11-29,21501.509,123750.509,102249.0,1.237505,100000.0,1.2256,0.9560612003845812,0.2814437996154189,0.294378434667369
2024-12-02,29723.5388,124076.5388,94353.0,1.240765,100000.0,1.2375,0.9636403967102204,0.2771246032897794,0.2875809318868918
2024-12-03,29723.5388,124435.5388,94712.0,1.244355,100000.0,1.2408,0.964680092704596,0.2796749072954042,0.2899146664375567
2024-12-04,29723.5388,124596.5388,94873.0,1.245965,100000.0,1.2444,0.9594722390648506,0.2864927609351494,0.2985941117112252
2024-12-05,29723.5388,123949.5388,94226.0,1.239495,100000.0,1.246,0.9572829261739896,0.2822120738260103,0.2948052933043927
2024-12-06,29723.5388,125118.5388,95395.0,1.251185,100000.0,1.2395,0.969867172929352,0.2813178270706481,0.290058097565016
2024-12-09,29723.5388,125454.5388,95731.0,1.254545,100000.0,1.2512,0.968263470174316,0.2862815298256839,0.2956649079967302
2024-12-10,29723.5388,125828.5388,96105.0,1.258285,100000.0,1.2545,0.975358677664482,0.2829263223355179,0.2900741325365468
2024-12-11,29723.5388,125751.5388,96028.0,1.257515,100000.0,1.2583,0.9736972682666332,0.2838177317333668,0.2914845722414487
2024-12-12,29723.5388,127218.5388,97495.0,1.272185,100000.0,1.2575,0.9833819270947816,0.2888030729052182,0.2936835271708042
2024-12-13,29723.5388,126242.5388,96519.0,1.262425,100000.0,1.2722,0.9601127730358407,0.3023122269641591,0.3148715811875506
2024-12-16,29723.5388,126353.5388,96630.0,1.263535,100000.0,1.2624,0.954903747687612,0.3086312523123881,0.323206661466946
2024-12-17,29723.5388,127059.5388,97336.0,1.270595,100000.0,1.2635,0.9573916265464294,0.3132033734535705,0.3271423780709048
2024-12-18,29723.5388,127092.5388,97369.0,1.270925,100000.0,1.2706,0.9622387404368112,0.3086862595631887,0.3208000744420867
2024-12-19,29723.5388,126376.5388,96653.0,1.263765,100000.0,1.2709,0.9631110529921976,0.3006539470078025,0.312169553109924
2024-12-20,29723.5388,125516.5388,95793.0,1.255165,100000.0,1.2638,0.958785642304102,0.2963793576958979,0.3091195201710102
2024-12-23,29723.5388,125961.5388,96238.0,1.259615,100000.0,1.2552,0.9602082184560606,0.2994067815439393,0.3118144333583832
2024-12-24,29723.5388,126976.5388,97253.0,1.269765,100000.0,1.2596,0.9724419290901036,0.2973230709098965,0.3057489213655116
2024-12-25,29723.5388,126842.5388,97119.0,1.268425,100000.0,1.2698,0.972915714297533,0.2955092857024669,0.3037357515762104
2024-12-26,29723.5388,125394.5388,95671.0,1.253945,100000.0,1.2684,0.9733675543814898,0.2805774456185103,0.288254364300029
2024-12-27,29723.5388,125881.5388,96158.0,1.258815,100000.0,1.2539,0.9717932175703222,0.2870217824296778,0.2953527327009853
2024-12-30,29723.5388,125797.5388,96074.0,1.257975,100000.0,1.2588,0.976193031747121,0.281781968252879,0.2886539435223847
2024-12-31,29723.5388,125701.5388,95978.0,1.257015,100000.0,1.258,0.9605351007123688,0.2964798992876311,0.3086611817389604
2025-01-02,47526.2,123696.2,76170.0,1.236962,100000.0,1.257,0.9325811387986068,0.304380861201393,0.3263853926892734
2025-01-03,47526.2,123531.2,76005.0,1.235312,100000.0,1.237,0.921540129758412,0.3137718702415879,0.3404863880684667
2025-01-06,47526.2,124266.2,76740.0,1.242662,100000.0,1.2353,0.9200278690862776,0.3226341309137224,0.3506786498045384
2025-01-07,47526.2,124391.2,76865.0,1.243912,100000.0,1.2427,0.9266518788919152,0.3172601211080847,0.3423725007577414
2025-01-08,47526.2,125596.2,78070.0,1.255962,100000.0,1.2439,0.9249699401850112,0.3309920598149889,0.357840882644018
2025-01-09,47526.2,125891.2,78365.0,1.258912,100000.0,1.256,0.9226904789726996,0.3362215210273005,0.3643925332378428
2025-01-10,47526.2,124691.2,77165.0,1.246912,100000.0,1.2589,0.9111206632475368,0.3357913367524632,0.3685476032950359
2025-01-13,47526.2,123746.2,76220.0,1.237462,100000.0,1.2469,0.9086875129391372,0.328774487060863,0.3618124849074315
2025-01-14,47526.2,124686.2,77160.0,1.246862,100000.0,1.2375,0.9326163632848924,0.3142456367151075,0.3369505930694385
2025-01-15,47526.2,125076.2,77550.0,1.250762,100000.0,1.2469,0.9266324724701568,0.324129527529843,0.3497929731145721
2025-01-16,47526.2,125561.2,78035.0,1.255612,100000.0,1.2508,0.9276961884884446,0.3279158115115553,0.3534732766832316
2025-01-17,47526.2,125411.2,77885.0,1.254112,100000.0,1.2556,0.9306155245857244,0.3234964754142756,0.3476156015754028
2025-01-20,47526.2,125091.2,77565.0,1.250912,100000.0,1.2541,0.9348467347938632,0.3160652652061367,0.3380931370272477
2025-01-21,47526.2,124866.2,77340.0,1.248662,100000.0,1.2509,0.9355639424387436,0.3130980575612562,0.3346623820763126
2025-01-22,47526.2,123476.2,75950.0,1.234762,100000.0,1.2487,0.9268742838084432,0.3078877161915567,0.3321785074524603
2025-01-23,47526.2,124061.2,76535.0,1.240612,100000.0,1.2348,0.9285164576586876,0.3120955423413123,0.3361227900346331
2025-01-24,47526.2,124196.2,76670.0,1.241962,100000.0,1.2406,0.9356247736375132,0.3063372263624868,0.3274146164081482
2025-01-27,47526.2,125116.2,77590.0,1.251162,100000.0,1.242,0.9317719276271768,0.3193900723728232,0.3427770926584712
2025-02-05,15722.0171,123530.0171,107808.0,1.2353,100000.0,1.2512,0.926402719965014,0.3088972800349862,0.3334373630149227
2025-02-06,15722.0171,126174.0171,110452.0,1.26174,100000.0,1.2353,0.9380579483565062,0.3236820516434938,0.3450554970624047
2025-02-07,15722.0171,128500.0171,112778.0,1.285,100000.0,1.2617,0.950231853036703,0.3347681469632969,0.3523015418747137
2025-02-10,15722.0171,129823.0171,114101.0,1.29823,100000.0,1.285,0.9522723345395636,0.3459576654604364,0.3632969822941581
2025-02-11,15722.0171,131164.0171,115442.0,1.31164,100000.0,1.2982,0.94789634510193,0.36374365489807,0.3837377966247519
2025-02-12,15722.0171,132599.0171,116877.0,1.32599,100000.0,1.3116,0.9568615016894176,0.3691284983105822,0.3857700384630957
2025-02-13,15722.0171,132386.0171,116664.0,1.32386,100000.0,1.326,0.9532677985386864,0.3705922014613138,0.3887598028900314
2025-02-14,15722.0171,134541.0171,118819.0,1.34541,100000.0,1.3239,0.9615353491877994,0.3838746508122006,0.399230929093201
2025-02-17,15722.0171,131892.0171,116170.0,1.31892,100000.0,1.3454,0.9635833491534292,0.3553366508465708,0.3687658687323283
2025-02-18,15722.0171,132778.0171,117056.0,1.32778,100000.0,1.3189,0.955133524603349,0.3726464753966509,0.3901511838896083
2025-02-19,15722.0171,132792.0171,117070.0,1.32792,100000.0,1.3278,0.9618164859920636,0.3661035140079364,0.3806375949465241
2025-02-20,15722.0171,133306.0171,117584.0,1.33306,100000.0,1.3279,0.95906680351896,0.3739931964810398,0.3899553139664542
2025-02-21,15722.0171,134278.0171,118556.0,1.34278,100000.0,1.3331,0.971161788750673,0.371618211249327,0.3826532464043772
2025-02-24,15722.0171,133212.0171,117490.0,1.33212,100000.0,1.3428,0.9690314518534826,0.3630885481465173,0.3746922222720756
2025-02-25,15722.0171,131873.0171,116151.0,1.31873,100000.0,1.3321,0.9582745821205412,0.3604554178794588,0.3761504527040844
2025-02-26,15722.0171,132476.0171,116754.0,1.32476,100000.0,1.3187,0.9666451698844236,0.3581148301155764,0.3704718559328179
2025-02-27,15722.0171,133452.0171,117730.0,1.33452,100000.0,1.3248,0.9686406382530424,0.3658793617469577,0.3777245629574519
2025-02-28,15722.0171,130794.0171,115072.0,1.30794,100000.0,1.3345,0.9495839714770976,0.3583560285229025,0.3773821371115524
2025-03-03,25270.6529,131169.6529,105899.0,1.311697,100000.0,1.3079,0.9491995290415366,0.3624974709584633,0.3818980729209786
2025-03-04,59709.8237,129584.8237,69875.0,1.295848,100000.0,1.3117,0.9484054524380188,0.3474425475619814,0.3663438950807676
2025-03-05,59709.8237,128458.8237,68749.0,1.284588,100000.0,1.2958,0.9526406415728832,0.331947358427117,0.3484497132927757
2025-03-06,59709.8237,128965.8237,69256.0,1.289658,100000.0,1.2846,0.9657409038622682,0.3239170961377318,0.3354078664808508
2025-03-07,59709.8237,129160.8237,69451.0,1.291608,100000.0,1.2897,0.9627572946725488,0.3288507053274513,0.3415717618003604
2025-03-10,59709.8237,128409.8237,68700.0,1.284098,100000.0,1.2916,0.9590438331505644,0.3250541668494354,0.3389356728165351
2025-03-11,59709.8237,128554.8237,68845.0,1.285548,100000.0,1.2841,0.962122960992284,0.3234250390077158,0.3361576972179854
2025-03-12,59709.8237,127734.8237,68025.0,1.277348,100000.0,1.2855,0.9586605136023,0.3186874863976998,0.3324299706474687
2025-03-13,59709.8237,127056.8237,67347.0,1.270568,100000.0,1.2773,0.9548397187011068,0.3157282812988932,0.3306610262593459
2025-03-14,59709.8237,129709.8237,70000.0,1.297098,100000.0,1.2706,0.9780242656433004,0.3190737343566998,0.3262431675422976
2025-03-17,59709.8237,129484.8237,69775.0,1.294848,100000.0,1.2971,0.9756395703628128,0.3192084296371873,0.3271786419225317
2025-03-18,59709.8237,130159.8237,70450.0,1.301598,100000.0,1.2948,0.9783089419836084,0.3232890580163915,0.3304570204182067
2025-03-19,59709.8237,130398.8237,70689.0,1.303988,100000.0,1.3016,0.978905805402994,0.3250821945970058,0.3320873089144431
2025-03-20,59709.8237,129499.8237,69790.0,1.294998,100000.0,1.304,0.9703190862450892,0.3246789137549108,0.3346104578972504
2025-03-21,59709.8237,127959.8237,68250.0,1.279598,100000.0,1.295,0.9556004260234376,0.3239975739765623,0.3390513075897434
2025-03-24,59709.8237,128150.8237,68441.0,1.281508,100000.0,1.2796,0.9605198929126768,0.3209881070873233,0.3341816337753924
2025-03-25,59709.8237,128582.8237,68873.0,1.285828,100000.0,1.2815,0.9598965684100385,0.3259314315899615,0.3395484912815456
2025-03-26,59709.8237,128801.8237,69092.0,1.288018,100000.0,1.2858,0.956738203782121,0.331279796217879,0.3462596088546306
2025-03-27,59709.8237,128197.8237,68488.0,1.281978,100000.0,1.288,0.9599250311619506,0.3220529688380494,0.335498042433811
2025-03-28,59709.8237,127564.8237,67855.0,1.275648,100000.0,1.282,0.9557153022760092,0.3199326977239906,0.3347573246573323
2025-03-31,59709.8237,124628.8237,64919.0,1.246288,100000.0,1.2756,0.9489143644893604,0.2973736355106396,0.3133830055051021
2025-04-01,124631.3159,124631.3159,0.0,1.246313,100000.0,1.2463,0.9490067585854044,0.2973062414145955,0.3132814795310437
2025-04-02,124631.3159,124631.3159,0.0,1.246313,100000.0,1.2463,0.9482016239830736,0.2981113760169265,0.3143966098314215
2025-04-03,124631.3159,124631.3159,0.0,1.246313,100000.0,1.2463,0.9426158943573936,0.3036971056426063,0.3221854282964798
2025-04-07,124631.3159,124631.3159,0.0,1.246313,100000.0,1.2463,0.8762037504386865,0.3701092495613135,0.4224008963394781
2025-04-08,124631.3159,124631.3159,0.0,1.246313,100000.0,1.2463,0.8911719357461408,0.3551410642538591,0.3985101527647574
2025-04-09,124631.3159,124631.3159,0.0,1.246313,100000.0,1.2463,0.899968366312002,0.3463446336879979,0.3848408973609709
2025-04-10,124631.3159,124631.3159,0.0,1.246313,100000.0,1.2463,0.9117637603308356,0.3345492396691645,0.3669253530626974
2025-04-11,124631.3159,124631.3159,0.0,1.246313,100000.0,1.2463,0.915523382284952,0.3307896177150481,0.3613120364981477
2025-04-14,124631.3159,124631.3159,0.0,1.246313,100000.0,1.2463,0.9176289180192412,0.3286840819807589,0.3581884523541867
2025-04-15,124631.3159,124631.3159,0.0,1.246313,100000.0,1.2463,0.9181397340968684,0.3281732659031315,0.3574328108410867
2025-04-16,124631.3159,124631.3159,0.0,1.246313,100000.0,1.2463,0.9209678478065876,0.3253451521934124,0.3532643978487055
2025-04-17,124631.3159,124631.3159,0.0,1.246313,100000.0,1.2463,0.9208217992262356,0.3254912007737643,0.3534790347570766
2025-04-18,124631.3159,124631.3159,0.0,1.246313,100000.0,1.2463,0.9208952507017962,0.3254177492982038,0.3533710799900524
2025-04-21,124631.3159,124631.3159,0.0,1.246313,100000.0,1.2463,0.9239118141926146,0.3224011858073854,0.3489523359857935
2025-04-22,124631.3159,124631.3159,0.0,1.246313,100000.0,1.2463,0.9236851862434274,0.3226278137565725,0.349283304053712
2025-04-23,124631.3159,124631.3159,0.0,1.246313,100000.0,1.2463,0.9244004654514284,0.3219125345485715,0.3482392605583191
2025-04-24,124631.3159,124631.3159,0.0,1.246313,100000.0,1.2463,0.9237840979679108,0.322528902032089,0.3491388331338136
2025-04-25,124631.3159,124631.3159,0.0,1.246313,100000.0,1.2463,0.92442763444189,0.32188536555811,0.3481996357156107
2025-04-28,124631.3159,124631.3159,0.0,1.246313,100000.0,1.2463,0.9231155894568768,0.3231974105431231,0.3501158622326801
2025-04-29,124631.3159,124631.3159,0.0,1.246313,100000.0,1.2463,0.9215186240256212,0.3247943759743786,0.3524555744251005
2025-04-30,124631.3159,124631.3159,0.0,1.246313,100000.0,1.2463,0.9204186338655316,0.3258943661344685,0.3540718909240163
2025-05-06,124631.3159,124631.3159,0.0,1.246313,100000.0,1.2463,0.9296877999833056,0.3166252000166943,0.3405715338228381
2025-05-07,124631.3159,124631.3159,0.0,1.246313,100000.0,1.2463,0.9353228878288538,0.3109901121711462,0.3324949236440064
2025-05-08,124631.3159,124631.3159,0.0,1.246313,100000.0,1.2463,0.9405148501722912,0.3057981498277088,0.3251390977736186
2025-05-09,124631.3159,124631.3159,0.0,1.246313,100000.0,1.2463,0.9388696494084642,0.3074433505915358,0.3274611665051061
2025-05-12,124631.3159,124631.3159,0.0,1.246313,100000.0,1.2463,0.9497208904955156,0.2965921095044843,0.3122939723372178
2025-05-13,124631.3159,124631.3159,0.0,1.246313,100000.0,1.2463,0.9510997716852764,0.2952132283147236,0.3103914406283878
2025-05-14,124631.3159,124631.3159,0.0,1.246313,100000.0,1.2463,0.9625611555545268,0.2837518444454733,0.2947883807777443
2025-05-15,124631.3159,124631.3159,0.0,1.246313,100000.0,1.2463,0.9537705102993028,0.2925424897006971,0.306722095663132
2025-05-16,124631.3159,124631.3159,0.0,1.246313,100000.0,1.2463,0.949348824230812,0.2969641757691881,0.3128082830984664
2025-05-19,124631.3159,124631.3159,0.0,1.246313,100000.0,1.2463,0.9464341749674664,0.2998788250325337,0.3168512221601065
2025-05-20,124631.3159,124631.3159,0.0,1.246313,100000.0,1.2463,0.9515665510523984,0.2947464489476017,0.3097486440876076
2025-05-21,124631.3159,124631.3159,0.0,1.246313,100000.0,1.2463,0.9560117689329336,0.2903012310670665,0.3036586373733563
2025-05-22,124631.3159,124631.3159,0.0,1.246313,100000.0,1.2463,0.955397696045196,0.2909153039548039,0.30449655170724
2025-05-23,124631.3159,124631.3159,0.0,1.246313,100000.0,1.2463,0.947686145482106,0.2986268545178939,0.315111554538952
2025-05-26,124631.3159,124631.3159,0.0,1.246313,100000.0,1.2463,0.9422749515992836,0.3040380484007164,0.3226638338254513
2025-05-27,124631.3159,124631.3159,0.0,1.246313,100000.0,1.2463,0.9372195665259564,0.3090934334740437,0.3297983146252243
2025-05-28,124631.3159,124631.3159,0.0,1.246313,100000.0,1.2463,0.9364481185425264,0.3098648814574737,0.3308938053500954
2025-05-29,124631.3159,124631.3159,0.0,1.246313,100000.0,1.2463,0.9419315189606456,0.3043814810393543,0.3231460832473445
2025-05-30,124631.3159,124631.3159,0.0,1.246313,100000.0,1.2463,0.9374234926232752,0.3088895073767247,0.329509031731573
2025-06-03,124631.3159,124631.3159,0.0,1.246313,100000.0,1.2463,0.9402991581689504,0.3060138418310495,0.3254430668926173
2025-06-04,124631.3159,124631.3159,0.0,1.246313,100000.0,1.2463,0.9443830992670674,0.3019299007329326,0.3197112495630845
2025-06-05,124631.3159,124631.3159,0.0,1.246313,100000.0,1.2463,0.9465343560428072,0.2997786439571928,0.316711846794957
2025-06-06,124631.3159,124631.3159,0.0,1.246313,100000.0,1.2463,0.945662507288696,0.300650492711304,0.3179257826064159
2025-06-09,124631.3159,124631.3159,0.0,1.246313,100000.0,1.2463,0.9484115794969644,0.2979014205030356,0.3141056340339516
2025-06-10,124631.3159,124631.3159,0.0,1.246313,100000.0,1.2463,0.9435829932469784,0.3027300067530217,0.3208302914736654
2025-06-11,124631.3159,124631.3159,0.0,1.246313,100000.0,1.2463,0.950701122284353,0.295611877715647,0.3109409159056719
2025-06-12,124631.3159,124631.3159,0.0,1.246313,100000.0,1.2463,0.950108921288308,0.2962040787116919,0.3117580227644339
2025-06-13,124631.3159,124631.3159,0.0,1.246313,100000.0,1.2463,0.9432698053335712,0.3030431946664289,0.3212688384096669
2025-06-16,124631.3159,124631.3159,0.0,1.246313,100000.0,1.2463,0.9456163712671576,0.3006966287328425,0.317990083367422
2025-06-17,124631.3159,124631.3159,0.0,1.246313,100000.0,1.2463,0.94478238334342,0.3015306166565801,0.3191535129915483
2025-06-18,124631.3159,124631.3159,0.0,1.246313,100000.0,1.2463,0.9459033666138394,0.3004096333861605,0.3175901936596039
2025-06-19,124631.3159,124631.3159,0.0,1.246313,100000.0,1.2463,0.9381213670781776,0.3081916329218224,0.3285200015022571
2025-06-20,124631.3159,124631.3159,0.0,1.246313,100000.0,1.2463,0.9389886998725088,0.3073243001274912,0.3272928632359668
2025-06-23,124631.3159,124631.3159,0.0,1.246313,100000.0,1.2463,0.941736673604074,0.304576326395926,0.3234198422264867
2025-06-24,124631.3159,124631.3159,0.0,1.246313,100000.0,1.2463,0.9529979150179833,0.2933150849820167,0.3077814550900479
2025-06-25,124631.3159,124631.3159,0.0,1.246313,100000.0,1.2463,0.9666756587155892,0.2796373412844108,0.2892773173330565
2025-06-26,124631.3159,124631.3159,0.0,1.246313,100000.0,1.2463,0.9632467758915392,0.2830662241084608,0.2938667755689783
2025-06-27,124631.3159,124631.3159,0.0,1.246313,100000.0,1.2463,0.9573243509510015,0.2889886490489984,0.3018711983685764
2025-06-30,124631.3159,124631.3159,0.0,1.246313,100000.0,1.2463,0.960820265264546,0.285492734735454,0.2971343809623419
2025-07-01,8588.5559,124538.5559,115950.0,1.245386,100000.0,1.2463,0.962451600811318,0.2829343991886821,0.2939725997132498
2025-07-02,8588.5559,125515.5559,116927.0,1.255156,100000.0,1.2454,0.9626768861778678,0.2924791138221321,0.3038185688485435
2025-07-03,8588.5559,125516.5559,116928.0,1.255166,100000.0,1.2552,0.9686288479364276,0.2865371520635725,0.2958172809678474
2025-07-04,8588.5559,125943.5559,117355.0,1.259436,100000.0,1.2552,0.9720794805992026,0.2873565194007974,0.2956101071320496
2025-07-07,8588.5559,125449.5559,116861.0,1.254496,100000.0,1.2594,0.9679226494691734,0.2865733505308266,0.296070507997709
2025-07-08,8588.5559,125839.5559,117251.0,1.258396,100000.0,1.2545,0.9760460311536268,0.2823499688463732,0.2892793575653933
2025-07-09,8588.5559,123222.5559,114634.0,1.232226,100000.0,1.2584,0.9743245716959976,0.2579014283040025,0.2646976539399761
2025-07-10,8588.5559,124851.5559,116263.0,1.248516,100000.0,1.2322,0.9788707273802688,0.269645272619731,0.2754656616828015
2025-07-11,10188.5559,124877.5559,114689.0,1.248776,100000.0,1.2485,0.980038212831128,0.2687377871688722,0.2742115395608342
2025-07-14,10188.5559,125103.5559,114915.0,1.251036,100000.0,1.2488,0.980736551087305,0.2702994489126951,0.2756086215131113
2025-07-15,10188.5559,124574.5559,114386.0,1.245746,100000.0,1.251,0.981077469434822,0.264668530565178,0.2697733245445417
2025-07-16,10188.5559,124337.5559,114149.0,1.243376,100000.0,1.2457,0.9781817627919598,0.2651942372080402,0.2711093656572718
2025-07-17,10188.5559,124095.5559,113907.0,1.240956,100000.0,1.2434,0.9848431940372898,0.2561128059627101,0.2600544000439249
2025-07-18,10188.5559,125117.5559,114929.0,1.251176,100000.0,1.241,0.9907157969566844,0.2604602030433155,0.2629010295822538
2025-07-21,10188.5559,125681.5559,115493.0,1.256816,100000.0,1.2512,0.9973209617842124,0.2594950382157875,0.2601921028026419
2025-07-22,10188.5559,126330.5559,116142.0,1.263306,100000.0,1.2568,1.0054621387912597,0.2578438612087406,0.256443133223011
2025-07-23,10188.5559,127304.5559,117116.0,1.273046,100000.0,1.2633,1.0056599378296334,0.2673860621703665,0.2658811911583414
2025-07-24,10188.5559,127380.5559,117192.0,1.273806,100000.0,1.273,1.0128045035396676,0.2610014964603324,0.2577017534461525
2025-07-25,10188.5559,126408.5559,116220.0,1.264086,100000.0,1.2738,1.0074650768014606,0.2566209231985394,0.2547194231419609
2025-07-28,10188.5559,127403.5559,117215.0,1.274036,100000.0,1.2641,1.0095792294752224,0.2644567705247775,0.2619475151665331
2025-07-29,10188.5559,126323.5559,116135.0,1.263236,100000.0,1.274,1.0135338676600645,0.2497021323399357,0.2463678228300556
2025-07-30,10188.5559,127861.5559,117673.0,1.278616,100000.0,1.2632,1.013341805111141,0.265274194888859,0.2617815563819203
2025-07-31,10188.5559,125155.5559,114967.0,1.251556,100000.0,1.2786,0.9948759967486038,0.256680003251396,0.2580020063709074
2025-08-01,7987.4031,124827.4031,116840.0,1.248274,100000.0,1.2516,0.9898321334753644,0.2584418665246356,0.2610966625393636
2025-08-04,7987.4031,124460.4031,116473.0,1.244604,100000.0,1.2483,0.9936825872475468,0.2509214127524533,0.2525166647505554
2025-08-05,7987.4031,125770.4031,117783.0,1.257704,100000.0,1.2446,1.0016764951445714,0.2560275048554286,0.2555989943823891
2025-08-06,7987.4031,125827.4031,117840.0,1.258274,100000.0,1.2577,1.004126147014114,0.2541478529858858,0.2531035106909864
2025-08-07,7987.4031,125568.4031,117581.0,1.255684,100000.0,1.2583,1.0044143873010598,0.2512696126989402,0.2501652862362131
2025-08-08,7987.4031,125181.4031,117194.0,1.251814,100000.0,1.2557,1.0020467794359569,0.2497672205640431,0.2492570463672712
2025-08-11,7987.4031,126123.4031,118136.0,1.261234,100000.0,1.2518,1.006329300711437,0.2549046992885633,0.2533014780632496
2025-08-12,7987.4031,125669.4031,117682.0,1.256694,100000.0,1.2612,1.0115323210536875,0.2451616789463124,0.2423666291660693
2025-08-13,7987.4031,125546.4031,117559.0,1.255464,100000.0,1.2567,1.019527376248602,0.2359366237513978,0.231417644339809
2025-08-14,7987.4031,125473.4031,117486.0,1.254734,100000.0,1.2555,1.0187304924268428,0.2360035075731572,0.2316643207674527
2025-08-15,7987.4031,127177.4031,119190.0,1.271774,100000.0,1.2547,1.0258193775733162,0.2459546224266837,0.2397640635415907
2025-08-18,7987.4031,127425.4031,119438.0,1.274254,100000.0,1.2718,1.034865748205068,0.2393882517949319,0.2313230022446302
2025-08-19,48674.4411,125922.4411,77248.0,1.259224,100000.0,1.2743,1.0309506795921382,0.2282733204078617,0.2214202142998447
2025-08-20,48674.4411,126908.4411,78234.0,1.269084,100000.0,1.2592,1.0426730615260924,0.2264109384739077,0.2171447089488671
2025-08-21,48674.4411,126809.4411,78135.0,1.268094,100000.0,1.2691,1.0467435035660555,0.2213504964339445,0.2114658420901067
2025-08-22,48674.4411,127711.4411,79037.0,1.277114,100000.0,1.2681,1.0686952178988405,0.2084187821011598,0.195021722386792
2025-08-25,48674.4411,129578.4411,80904.0,1.295784,100000.0,1.2771,1.0909635376281093,0.2048204623718907,0.187742720363685
2025-08-26,48674.4411,129721.4411,81047.0,1.297214,100000.0,1.2958,1.086903763017465,0.2103102369825351,0.1934948098796449
2025-08-27,48674.4411,128035.4411,79361.0,1.280354,100000.0,1.2972,1.0706795306262722,0.2096744693737278,0.1958330792511584
2025-08-28,48674.4411,128540.4411,79866.0,1.285404,100000.0,1.2804,1.0896356745785687,0.1957683254214313,0.1796640198084074
2025-08-29,48674.4411,130458.4411,81784.0,1.304584,100000.0,1.2854,1.0976855803768684,0.2068984196231316,0.188486050397143
2025-09-01,15381.705,129927.705,114546.0,1.299277,100000.0,1.3046,1.1042647235118248,0.1950122764881752,0.1765992088092696
2025-09-02,15381.705,129015.705,113634.0,1.290157,100000.0,1.2993,1.0961461751248658,0.1940108248751342,0.1769935700893485
2025-09-03,15381.705,131629.705,116248.0,1.316297,100000.0,1.2902,1.0886708702847652,0.2276261297152348,0.209086268337183
2025-09-04,15381.705,129863.705,114482.0,1.298637,100000.0,1.3163,1.0655732982868795,0.2330637017131205,0.2187214169947919
2025-09-05,15381.705,136101.705,120720.0,1.361017,100000.0,1.2986,1.088791775953908,0.2722252240460918,0.250025055348706
2025-09-08,15381.705,134781.705,119400.0,1.347817,100000.0,1.361,1.0905611534063948,0.2572558465936052,0.2358930957608935
2025-09-09,15381.705,134229.705,118848.0,1.342297,100000.0,1.3478,1.0829170004917004,0.2593799995082997,0.2395197410240377
2025-09-10,15381.705,132791.705,117410.0,1.327917,100000.0,1.3423,1.0851399511802755,0.2427770488197245,0.2237287905174469
2025-09-11,15381.705,134543.705,119162.0,1.345437,100000.0,1.3279,1.1102022097884945,0.2352347902115057,0.2118846351930072
2025-09-12,15381.705,134286.705,118905.0,1.342867,100000.0,1.3454,1.1038465456361757,0.2390204543638243,0.2165341326733696
2025-09-15,15381.705,137101.705,121720.0,1.371017,100000.0,1.3429,1.1065457958233011,0.2644712041766988,0.2390061081746055
2025-09-16,15381.705,136392.705,121011.0,1.363927,100000.0,1.371,1.1041733302501102,0.2597536697498896,0.2352471868624575
2025-09-17,15381.705,138960.705,123579.0,1.389607,100000.0,1.3639,1.1109317203724514,0.2786752796275487,0.2508482515326142
2025-09-18,56841.7368,135580.7368,78739.0,1.355807,100000.0,1.3896,1.0980150989772646,0.2577919010227354,0.2347799235755985
2025-09-19,56841.7368,135940.7368,79099.0,1.359407,100000.0,1.3558,1.0989452646390243,0.2604617353609757,0.2370106535256155
2025-09-22,56841.7368,135346.7368,78505.0,1.353467,100000.0,1.3594,1.103995450255956,0.2494715497440438,0.2259715379136797
2025-09-23,97513.7943,134328.7943,36815.0,1.343288,100000.0,1.3535,1.1033046548731418,0.2399833451268582,0.2175132172848954
2025-09-24,97513.7943,135506.7943,37993.0,1.355068,100000.0,1.3433,1.1146049776470952,0.2404630223529047,0.2157383352625219
2025-09-25,97513.7943,136798.7943,39285.0,1.367988,100000.0,1.3551,1.1212975568096122,0.2466904431903878,0.2200044419005846
2025-09-26,97513.7943,135553.7943,38040.0,1.355538,100000.0,1.368,1.1106938879608907,0.2448441120391091,0.2204424771694886
2025-09-29,97513.7943,137250.7943,39737.0,1.372508,100000.0,1.3555,1.1277823041798651,0.2447256958201349,0.2169972829978939
2025-09-30,97513.7943,137713.7943,40200.0,1.377138,100000.0,1.3725,1.1328208215331486,0.2443171784668514,0.2156715111717271
2025-10-09,54055.0551,138468.0551,84413.0,1.384681,100000.0,1.3771,1.149612502578672,0.2350684974213281,0.20447628822238
2025-10-10,54055.0551,134570.0551,80515.0,1.345701,100000.0,1.3847,1.126996600409886,0.2187043995901141,0.1940595024959008
2025-10-13,54055.0551,133204.0551,79149.0,1.332041,100000.0,1.3457,1.121417412823239,0.210623587176761,0.1878190803605437
2025-10-14,89808.5151,134152.5151,44344.0,1.341525,100000.0,1.332,1.108012555149326,0.233512444850674,0.2107489159445523
2025-10-15,89808.5151,135164.5151,45356.0,1.351645,100000.0,1.3415,1.1244222104080357,0.2272227895919645,0.2020795991832187
2025-10-16,89808.5151,136383.5151,46575.0,1.363835,100000.0,1.3516,1.1273841674014031,0.2364508325985967,0.2097340369286993
2025-10-17,89808.5151,135118.5151,45310.0,1.351185,100000.0,1.3638,1.1019514292170518,0.2492335707829482,0.2261747334544783
2025-10-20,89808.5151,133646.5151,43838.0,1.336465,100000.0,1.3512,1.1078064565091938,0.2286585434908061,0.2064065813547715
2025-10-21,89808.5151,133531.5151,43723.0,1.335315,100000.0,1.3365,1.124808776565223,0.2105062234347769,0.1871484538710572
2025-10-22,89808.5151,132979.5151,43171.0,1.329795,100000.0,1.3353,1.1210735896151067,0.2087214103848933,0.1861799370874062
2025-10-23,89808.5151,133600.5151,43792.0,1.336005,100000.0,1.3298,1.1244360756250906,0.2115689243749094,0.1881555821279525
2025-10-24,89808.5151,133140.5151,43332.0,1.331405,100000.0,1.336,1.1377004991551354,0.1937045008448645,0.1702596605949553
2025-10-27,89808.5151,133646.5151,43838.0,1.336465,100000.0,1.3314,1.1512081254272906,0.1852568745727094,0.1609238768219676
2025-10-28,89808.5151,133278.5151,43470.0,1.332785,100000.0,1.3365,1.1453384517791048,0.1874465482208953,0.1636603991856959
2025-10-29,89808.5151,137625.5151,47817.0,1.376255,100000.0,1.3328,1.158975380964535,0.2172796190354653,0.1874756121692926
2025-10-30,89808.5151,139281.5151,49473.0,1.392815,100000.0,1.3763,1.149717224024387,0.243097775975613,0.2114413621852955
2025-10-31,89808.5151,138361.5151,48553.0,1.383615,100000.0,1.3928,1.1328144991894569,0.2508005008105431,0.2213959134438994
2025-11-03,8267.6855,139780.6855,131513.0,1.397807,100000.0,1.3836,1.1359232370809789,0.2618837629190211,0.2305470601974768
2025-11-04,8267.6855,137530.6855,129263.0,1.375307,100000.0,1.3978,1.1274518335663268,0.2478551664336732,0.2198365899584944
2025-11-05,8267.6855,138491.6855,130224.0,1.384917,100000.0,1.3753,1.1295408921500667,0.2553761078499332,0.2260884131107712
2025-11-06,8267.6855,139764.6855,131497.0,1.397647,100000.0,1.3849,1.1456875720860067,0.2519594279139934,0.2199198403236923
2025-11-07,8267.6855,141848.6855,133581.0,1.418487,100000.0,1.3976,1.1421214773164183,0.2763655226835817,0.2419755938159424
2025-11-10,8267.6855,142912.6855,134645.0,1.429127,100000.0,1.4185,1.1460897366123812,0.2830372633876188,0.2469590768906298
2025-11-11,8267.6855,141261.6855,132994.0,1.412617,100000.0,1.4291,1.135621204808759,0.2769957951912409,0.2439156595687974
2025-11-12,51869.9288,138125.9288,86256.0,1.381259,100000.0,1.4126,1.1340936875157457,0.2471653124842545,0.2179408237653408
2025-11-13,51869.9288,140565.9288,88696.0,1.405659,100000.0,1.3813,1.147804116997923,0.257854883002077,0.2246505995086474
2025-11-14,51869.9288,139354.9288,87485.0,1.393549,100000.0,1.4057,1.1297563888686613,0.2637926111313387,0.2334951266754956
2025-11-17,51869.9288,137220.9288,85351.0,1.372209,100000.0,1.3935,1.1224119003986266,0.2497970996013734,0.2225538588041142
2025-11-18,51869.9288,136188.9288,84319.0,1.361889,100000.0,1.3722,1.1151229704391856,0.2467660295608142,0.221290419175588
2025-11-19,51869.9288,138138.9288,86269.0,1.381389,100000.0,1.3619,1.120029353250359,0.2613596467496411,0.2333507117390874
2025-11-20,51869.9288,137464.9288,85595.0,1.374649,100000.0,1.3814,1.1143309687361074,0.2603180312638926,0.2336092584406495
2025-11-21,51869.9288,135316.9288,83447.0,1.353169,100000.0,1.3746,1.087152043163006,0.2660169568369941,0.2446915852386508
2025-11-24,51869.9288,134749.9288,82880.0,1.347499,100000.0,1.3532,1.085794862990784,0.2617041370092161,0.2410253961677082
2025-11-25,51869.9288,136263.9288,84394.0,1.362639,100000.0,1.3475,1.0961344336294387,0.2665045663705612,0.2431312786043324
2025-11-26,51869.9288,136360.9288,84491.0,1.363609,100000.0,1.3626,1.102779192439472,0.260829807560528,0.2365204288843563
2025-11-27,51869.9288,136307.9288,84438.0,1.363079,100000.0,1.3636,1.1022365937692291,0.2608424062307706,0.2366482910341316
2025-11-28,51869.9288,136032.9288,84163.0,1.360329,100000.0,1.3631,1.104984958070289,0.2553440419297108,0.231083726583605
2025-12-01,54382.2065,137822.2065,83440.0,1.378222,100000.0,1.3603,1.117147292129211,0.2610747078707891,0.2336976598432221
2025-12-02,54382.2065,138542.2065,84160.0,1.385422,100000.0,1.3782,1.1117401259943007,0.2736818740056992,0.2461743240228266
2025-12-03,54382.2065,138477.2065,84095.0,1.384772,100000.0,1.3854,1.1060558508030385,0.2787161491969616,0.2519910264880414
2025-12-04,54382.2065,138547.2065,84165.0,1.385472,100000.0,1.3848,1.1098438378666928,0.2756281621333072,0.2483485989011851
2025-12-05,54382.2065,138947.2065,84565.0,1.389472,100000.0,1.3855,1.119112637825566,0.270359362174434,0.2415836914322957
2025-12-08,54382.2065,138467.2065,84085.0,1.384672,100000.0,1.3895,1.1281976992478673,0.2564743007521326,0.2273309907679439
2025-12-09,54382.2065,137522.2065,83140.0,1.375222,100000.0,1.3847,1.1224535692815718,0.2527684307184281,0.2251927720094586
2025-12-10,54382.2065,136117.2065,81735.0,1.361172,100000.0,1.3752,1.1208922921378768,0.2402797078621232,0.2143646713850071
2025-12-11,54382.2065,135712.2065,81330.0,1.357122,100000.0,1.3612,1.1112153226466517,0.2459066773533484,0.2212952542515855
2025-12-12,54382.2065,135782.2065,81400.0,1.357822,100000.0,1.3571,1.1182370786612568,0.2395849213387433,0.2142523494441557
2025-12-15,54382.2065,136387.2065,82005.0,1.363872,100000.0,1.3578,1.1111847605837062,0.2526872394162938,0.227403442145442
2025-12-16,54382.2065,136062.2065,81680.0,1.360622,100000.0,1.3639,1.0978797422368265,0.2627422577631737,0.2393178848785944
2025-12-17,54382.2065,136137.2065,81755.0,1.361372,100000.0,1.3606,1.1179746647821354,0.2433973352178646,0.2177127468852762
2025-12-18,54382.2065,136667.2065,82285.0,1.366672,100000.0,1.3614,1.1113636902333768,0.2553083097666233,0.2297252573664798
2025-12-19,54382.2065,136097.2065,81715.0,1.360972,100000.0,1.3667,1.1151193820819547,0.2458526179180453,0.2204720157038546
2025-12-22,54382.2065,135732.2065,81350.0,1.357322,100000.0,1.361,1.125724662029841,0.231597337970159,0.2057317795210742
2025-12-23,54382.2065,136117.2065,81735.0,1.361172,100000.0,1.3573,1.127948613552746,0.2332233864472541,0.2067677406975667
2025-12-24,54382.2065,135612.2065,81230.0,1.356122,100000.0,1.3612,1.131201203071213,0.2249207969287869,0.1988335906274911
2025-12-25,54382.2065,135457.2065,81075.0,1.354572,100000.0,1.3561,1.1332705134848868,0.2213014865151132,0.1952768415676815
2025-12-26,54382.2065,135517.2065,81135.0,1.355172,100000.0,1.3546,1.136859920371179,0.2183120796288213,0.1920307644916743
2025-12-29,54382.2065,135457.2065,81075.0,1.354572,100000.0,1.3552,1.1324982599518745,0.2220737400481256,0.1960919039801107
2025-12-30,54382.2065,136087.2065,81705.0,1.360872,100000.0,1.3546,1.1354054883948246,0.2254665116051755,0.1985779652377124
2025-12-31,54382.2065,135557.2065,81175.0,1.355572,100000.0,1.3609,1.1301957063182004,0.2253762936817995,0.1994135107945156
2026-01-05,7440.2711,135863.2711,128423.0,1.358633,100000.0,1.3556,1.151629720786017,0.2070032792139826,0.1797481217076417
2026-01-06,7440.2711,140461.2711,133021.0,1.404613,100000.0,1.3586,1.169436784874883,0.2351762151251168,0.2011021187009078
2026-01-07,7440.2711,138469.2711,131029.0,1.384693,100000.0,1.4046,1.1660124668318002,0.2186805331681998,0.187545621842605
2026-01-08,7440.2711,136399.2711,128959.0,1.363993,100000.0,1.3847,1.1564893573108168,0.2075036426891832,0.179425466717386
2026-01-09,7440.2711,135801.2711,128361.0,1.358013,100000.0,1.364,1.1616811243695069,0.196331875630493,0.1690066848052218
2026-01-12,7440.2711,136911.2711,129471.0,1.369113,100000.0,1.358,1.169246797226399,0.1998662027736011,0.1709358565255077
2026-01-13,7440.2711,136798.2711,129358.0,1.367983,100000.0,1.3691,1.162196261122167,0.2057867388778329,0.177067114877081
2026-01-14,7440.2711,136597.2711,129157.0,1.365973,100000.0,1.368,1.1575333983908185,0.2084396016091818,0.1800722138116712
2026-01-15,7440.2711,136336.2711,128896.0,1.363363,100000.0,1.366,1.1598520874267344,0.2035109125732657,0.1754628152842989
2026-01-16,7440.2711,135281.2711,127841.0,1.352813,100000.0,1.3634,1.155078229727166,0.197734770272834,0.1711873405488213
2026-01-19,7440.2711,134068.2711,126628.0,1.340683,100000.0,1.3528,1.1557087065336724,0.1849742934663276,0.1600526953034062
2026-01-20,7440.2711,132146.2711,124706.0,1.321463,100000.0,1.3407,1.1519061707563472,0.1695568292436529,0.1471967366337843
2026-01-21,7440.2711,132312.2711,124872.0,1.323123,100000.0,1.3215,1.1529292187260192,0.1701937812739808,0.1476185862147236
2026-01-22,7440.2711,131969.2711,124529.0,1.319693,100000.0,1.3231,1.153085422113228,0.1666075778867719,0.1444884955543317
2026-01-23,7440.2711,135357.2711,127917.0,1.353573,100000.0,1.3197,1.1479073249868457,0.2056656750131542,0.1791657484331421
2026-01-26,7440.2711,137231.2711,129791.0,1.372313,100000.0,1.3536,1.1489978438366937,0.2233151561633064,0.194356462339059
2026-01-27,7440.2711,139518.2711,132078.0,1.395183,100000.0,1.3723,1.1486872922673743,0.2464957077326257,0.2145890438520235
2026-01-28,7440.2711,140336.2711,132896.0,1.403363,100000.0,1.3952,1.151689697614017,0.2516733023859829,0.218525270224593
2026-01-29,7440.2711,143551.2711,136111.0,1.435513,100000.0,1.4034,1.16044780354823,0.2750651964517701,0.2370336654614884
2026-01-30,7440.2711,136782.2711,129342.0,1.367823,100000.0,1.4355,1.1488455461444298,0.2189774538555702,0.1906065219911128
2026-02-02,99182.1707,131369.1707,32187.0,1.313692,100000.0,1.3678,1.1243470257803438,0.1893449742196562,0.1684043892838538
2026-02-03,99182.1707,131366.1707,32184.0,1.313662,100000.0,1.3137,1.1375598697265203,0.1761021302734797,0.1548069116712216
2026-02-04,99182.1707,131738.1707,32556.0,1.317382,100000.0,1.3137,1.146976451417877,0.1704055485821229,0.1485693523798765
2026-02-05,99182.1707,131849.1707,32667.0,1.318492,100000.0,1.3174,1.140076943655052,0.178415056344948,0.1564938729248877
2026-02-06,99182.1707,131282.1707,32100.0,1.312822,100000.0,1.3185,1.1335293145961836,0.1792926854038163,0.1581720764475234
2026-02-09,99182.1707,131390.1707,32208.0,1.313902,100000.0,1.3128,1.1519495483808304,0.1619524516191695,0.1405898824708151
2026-02-10,99182.1707,131132.1707,31950.0,1.311322,100000.0,1.3139,1.153228590243558,0.1580934097564421,0.1370876607586129
2026-02-11,99182.1707,130994.1707,31812.0,1.309942,100000.0,1.3113,1.1506710679617511,0.1592709320382486,0.1384156919147834
2026-02-12,99182.1707,130568.1707,31386.0,1.305682,100000.0,1.3099,1.1520769960890067,0.1536050039109933,0.1333287657269792
2026-02-13,99182.1707,131000.1707,31818.0,1.310002,100000.0,1.3057,1.1376326621160588,0.1723693378839412,0.1515158131653189
2026-02-24,99182.1707,130730.1707,31548.0,1.307302,100000.0,1.31,1.149139425278452,0.1581625747215478,0.1376356699999417
2026-02-25,99182.1707,130733.1707,31551.0,1.307332,100000.0,1.3073,1.156057826840574,0.1512741731594258,0.130853465672083
2026-02-26,99182.1707,130346.1707,31164.0,1.303462,100000.0,1.3073,1.1538579685733614,0.1496040314266384,0.1296554996379753
2026-02-27,99182.1707,130397.1707,31215.0,1.303972,100000.0,1.3035,1.1498968615812668,0.1540751384187331,0.1339903982404635
2026-03-02,50558.3261,130044.3261,79486.0,1.300443,100000.0,1.304,1.1542961143144177,0.1461468856855825,0.1266112602071654
2026-03-03,50558.3261,127502.3261,76944.0,1.275023,100000.0,1.3004,1.1365318908169804,0.1384911091830196,0.1218541338804555
2026-03-04,50558.3261,126914.3261,76356.0,1.269143,100000.0,1.275,1.1235280015503646,0.1456149984496353,0.1296051351178611
2026-03-05,50558.3261,126016.3261,75458.0,1.260163,100000.0,1.2691,1.1345292213233067,0.1256337786766932,0.1107364855090773
2026-03-06,50558.3261,125106.3261,74548.0,1.251063,100000.0,1.2602,1.137640815254257,0.113422184745743,0.099699468606349
2026-03-09,50558.3261,125966.3261,75408.0,1.259663,100000.0,1.2511,1.1266599783268096,0.1330030216731903,0.1180507200324196
2026-03-10,50558.3261,126328.3261,75770.0,1.263283,100000.0,1.2597,1.1411357287334718,0.1221472712665281,0.1070400901408086
2026-03-11,50558.3261,127486.3261,76928.0,1.274863,100000.0,1.2633,1.148395365980825,0.126467634019175,0.1101255175399991
2026-03-12,50558.3261,126948.3261,76390.0,1.269483,100000.0,1.2749,1.144261236702664,0.1252217632973358,0.1094345935008498
2026-03-13,50558.3261,126196.3261,75638.0,1.261963,100000.0,1.2695,1.1397647809865683,0.1221982190134314,0.1072135418218993
2026-03-16,50558.3261,127156.3261,76598.0,1.271563,100000.0,1.262,1.1403552976516684,0.1312077023483315,0.11505861604583
2026-03-17,50558.3261,126606.3261,76048.0,1.266063,100000.0,1.2716,1.1320264275919178,0.1340365724080821,0.1184041018310932
2026-03-18,50558.3261,126154.3261,75596.0,1.261543,100000.0,1.2661,1.1371265816935532,0.1244164183064469,0.1094129891160842
2026-03-19,50558.3261,123802.3261,73244.0,1.238023,100000.0,1.2615,1.1187987908261372,0.1192242091738629,0.1065644780379375
2026-03-20,50558.3261,123420.3261,72862.0,1.234203,100000.0,1.238,1.1148361703772511,0.1193668296227488,0.107071184802298
2026-03-23,50558.3261,124190.3261,73632.0,1.241903,100000.0,1.2342,1.078459308797936,0.163443691202064,0.151552951389738
2026-03-24,50558.3261,125414.3261,74856.0,1.254143,100000.0,1.2419,1.09230629113963,0.16183670886037,0.1481605573208975
2026-03-25,50558.3261,126438.3261,75880.0,1.264383,100000.0,1.2541,1.1076222785819425,0.1567607214180577,0.1415290432933094
2026-03-26,50558.3261,123904.3261,73346.0,1.239043,100000.0,1.2644,1.0929926926156317,0.1460503073843684,0.1336242304007144
2026-03-27,50558.3261,125148.3261,74590.0,1.251483,100000.0,1.239,1.0991040067279496,0.1523789932720503,0.1386392846712341
2026-03-30,50558.3261,125758.3261,75200.0,1.257583,100000.0,1.2515,1.0965116505293515,0.1610713494706481,0.1468943347687088
2026-03-31,50558.3261,125378.3261,74820.0,1.253783,100000.0,1.2576,1.0862834410178177,0.1674995589821823,0.1541950771386517
2026-04-01,125670.5531,125670.5531,0.0,1.256706,100000.0,1.2538,1.1048397638607066,0.1518662361392935,0.1374554402428622
2026-04-02,125670.5531,125670.5531,0.0,1.256706,100000.0,1.2567,1.093329509983456,0.1633764900165439,0.149430239031064
2026-04-03,125670.5531,125670.5531,0.0,1.256706,100000.0,1.2567,1.0840229224259894,0.1726830775740107,0.1592983635323452
2026-04-07,125670.5531,125670.5531,0.0,1.256706,100000.0,1.2567,1.0839807653311764,0.1727252346688237,0.1593434498037913
2026-04-08,125670.5531,125670.5531,0.0,1.256706,100000.0,1.2567,1.12180248993423,0.13490351006577,0.1202560265966956
2026-04-09,125670.5531,125670.5531,0.0,1.256706,100000.0,1.2567,1.1146423014444156,0.1420636985555845,0.1274522762786685
2026-04-10,125670.5531,125670.5531,0.0,1.256706,100000.0,1.2567,1.131813152237324,0.124892847762676,0.1103475847720913
2026-04-13,125670.5531,125670.5531,0.0,1.256706,100000.0,1.2567,1.13415390844968,0.1225520915503202,0.1080559619265797
2026-04-14,125670.5531,125670.5531,0.0,1.256706,100000.0,1.2567,1.1476112488994172,0.1090947511005828,0.0950624623148361
2026-04-15,125670.5531,125670.5531,0.0,1.256706,100000.0,1.2567,1.1436964488030148,0.1130095511969853,0.0988107913732356
2026-04-16,125670.5531,125670.5531,0.0,1.256706,100000.0,1.2567,1.1562340469143768,0.1004719530856232,0.0868958610531762
2026-04-17,125670.5531,125670.5531,0.0,1.256706,100000.0,1.2567,1.1542967978110328,0.1024092021889673,0.0887199915855025
2026-04-20,125670.5531,125670.5531,0.0,1.256706,100000.0,1.2567,1.161319798765902,0.0953862012340982,0.0821360329303453
2026-04-21,125670.5531,125670.5531,0.0,1.256706,100000.0,1.2567,1.163896361310566,0.0928096386894341,0.0797404663976515
2026-04-22,125670.5531,125670.5531,0.0,1.256706,100000.0,1.2567,1.1716174320050847,0.0850885679949153,0.0726248736751009
2026-04-23,125670.5531,125670.5531,0.0,1.256706,100000.0,1.2567,1.1683708963137824,0.0883351036862176,0.0756053612469427
2026-04-24,125670.5531,125670.5531,0.0,1.256706,100000.0,1.2567,1.1642312258309182,0.0924747741690819,0.0794299037144292
2026-04-27,125670.5531,125670.5531,0.0,1.256706,100000.0,1.2567,1.1646164494054685,0.0920895505945318,0.0790728575416765
2026-04-28,125670.5531,125670.5531,0.0,1.256706,100000.0,1.2567,1.1615068815537708,0.0951991184462293,0.0819617343281509
2026-04-29,125670.5531,125670.5531,0.0,1.256706,100000.0,1.2567,1.1742341987970892,0.0824718012029108,0.0702345420422916
2026-04-30,125670.5531,125670.5531,0.0,1.256706,100000.0,1.2567,1.1734921411681207,0.0832138588318793,0.0709113047395839
2026-05-06,49773.8843,125609.8843,75836.0,1.256099,100000.0,1.2567,1.1905273911146557,0.0655716088853444,0.0550777826488744
2026-05-07,49773.8843,125702.8843,75929.0,1.257029,100000.0,1.2561,1.1962435221303136,0.0607854778696863,0.0508136317941663
2026-05-08,49773.8843,126009.8843,76236.0,1.260099,100000.0,1.257,1.1892626782702578,0.0708363217297423,0.0595632260425185
2026-05-11,49773.8843,126168.8843,76395.0,1.261689,100000.0,1.2601,1.2087726985869507,0.0529163014130493,0.0437768833420115
2026-05-12,49773.8843,125458.8843,75685.0,1.254589,100000.0,1.2617,1.207847512686246,0.0467414873137539,0.0386981691172265
2026-05-13,49773.8843,124787.8843,75014.0,1.247879,100000.0,1.2546,1.2201248694613,0.0277541305386999,0.0227469591296451
2026-05-14,49773.8843,124818.8843,75045.0,1.248189,100000.0,1.2479,1.1996823156552872,0.0485066843447128,0.0404329410475785
2026-05-15,49773.8843,124358.8843,74585.0,1.243589,100000.0,1.2482,1.1862554152155278,0.0573335847844722,0.0483315684371863
2026-05-18,49773.8843,124122.8843,74349.0,1.241229,100000.0,1.2436,1.179891817620352,0.061337182379648,0.0519854290568393
2026-05-19,49773.8843,122961.8843,73188.0,1.229619,100000.0,1.2412,1.1846175864509096,0.0450014135490903,0.0379881356344824
2026-05-20,49773.8843,122989.8843,73216.0,1.229899,100000.0,1.2296,1.184084654375656,0.045814345624344,0.0386917822598595
2026-05-21,49773.8843,122779.8843,73006.0,1.227799,100000.0,1.2299,1.1675825073785289,0.0602164926214712,0.0515736508905653
2026-05-22,49773.8843,122121.8843,72348.0,1.221219,100000.0,1.2278,1.1827165870787746,0.0385024129212254,0.0325542174193427
2026-05-25,49773.8843,122210.8843,72437.0,1.222109,100000.0,1.2212,1.2013911304255318,0.020717869574468,0.0172448997248131
2026-05-26,49773.8843,122110.8843,72337.0,1.221109,100000.0,1.2221,1.2077993749960485,0.0133096250039514,0.0110197316536904
2026-05-27,49773.8843,121750.8843,71977.0,1.217509,100000.0,1.2211,1.1981137641547572,0.0193952358452427,0.0161881420825888
2026-05-28,49773.8843,120730.8843,70957.0,1.207309,100000.0,1.2175,1.1995886277977927,0.0077203722022072,0.0064358497765857
2026-05-29,49773.8843,122298.8843,72525.0,1.222989,100000.0,1.2073,1.1941958395023988,0.0287931604976012,0.0241109201231173
2026-06-01,4902.2189,122830.2189,117928.0,1.228302,100000.0,1.223,1.182511538094159,0.0457904619058409,0.0387230571801784
2026-06-02,4902.2189,124146.2189,119244.0,1.241462,100000.0,1.2283,1.199673039629793,0.041788960370207,0.0348336246541829
2026-06-03,4902.2189,123753.2189,118851.0,1.237532,100000.0,1.2415,1.205592608530902,0.0319393914690979,0.026492690186628
2026-06-04,4902.2189,123020.2189,118118.0,1.230202,100000.0,1.2375,1.197277457224646,0.0329245427753539,0.0274995094718268
2026-06-05,4902.2189,122981.2189,118079.0,1.229812,100000.0,1.2302,1.1758387315123016,0.0539732684876983,0.0459019311417652
2026-06-08,4902.2189,123341.2189,118439.0,1.233412,100000.0,1.2298,1.150626469807599,0.0827855301924009,0.0719482233067729
2026-06-09,4902.2189,123254.2189,118352.0,1.232542,100000.0,1.2334,1.1721504617227128,0.0603915382772872,0.0515220018670039
2026-06-10,4902.2189,124518.2189,119616.0,1.245182,100000.0,1.2325,1.1591597785871302,0.0860222214128698,0.0742108404742269
2026-06-11,4902.2189,125353.2189,120451.0,1.253532,100000.0,1.2452,1.152768841127339,0.1007631588726611,0.0874096829110342
2026-06-12,4902.2189,125449.2189,120547.0,1.254492,100000.0,1.2535,1.166172307397428,0.088319692602572,0.0757346852110363
2026-06-15,4902.2189,122915.2189,118013.0,1.229152,100000.0,1.2545,1.1940960734071462,0.0350559265928538,0.0293577102994968
2026-06-16,4902.2189,121018.2189,116116.0,1.210182,100000.0,1.2292,1.1922700633779564,0.0179119366220437,0.015023388720585
2026-06-17,4902.2189,120542.2189,115640.0,1.205422,100000.0,1.2102,1.2037806101823274,0.0016413898176725,0.0013635290382556
2026-06-18,4902.2189,118486.2189,113584.0,1.184862,100000.0,1.2054,1.2062735420339803,-0.0214115420339802,-0.0177501547434064
2026-06-22,4902.2189,119408.2189,114506.0,1.194082,100000.0,1.1849,1.23509259096748,-0.04101059096748,-0.0332044668289649
2026-06-23,4902.2189,118955.2189,114053.0,1.189552,100000.0,1.1941,1.200851314562938,-0.011299314562938,-0.0094094201554424
2026-06-24,4902.2189,117217.2189,112315.0,1.172172,100000.0,1.1896,1.2066204409768817,-0.0344484409768817,-0.0285495254406532
2026-06-25,4902.2189,116090.2189,111188.0,1.160902,100000.0,1.1722,1.2254371272090456,-0.0645351272090455,-0.052662944329119
2026-06-26,4902.2189,117487.2189,112585.0,1.174872,100000.0,1.1609,1.1883615123934657,-0.0134895123934657,-0.0113513541567806
2026-06-29,6802.2189,119433.2189,112631.0,1.194332,100000.0,1.1749,1.2026906527761274,-0.0083586527761274,-0.0069499607042206
2026-06-30,6802.2189,117125.2189,110323.0,1.171252,100000.0,1.1943,1.2155090947646328,-0.0442570947646328,-0.036410336175397
2026-07-01,4383.9351,118630.9351,114247.0,1.186309,100000.0,1.1713,1.2105157858303384,-0.0242067858303383,-0.0199970839816301
2026-07-02,4383.9351,117680.9351,113297.0,1.176809,100000.0,1.1863,1.174709936851991,0.0020990631480086,0.0017868778343985
2026-07-03,4383.9351,117628.9351,113245.0,1.176289,100000.0,1.1768,1.182003333950026,-0.005714333950026,-0.0048344482506067
2026-07-06,4383.9351,118264.9351,113881.0,1.182649,100000.0,1.1763,1.1819604445374103,0.0006885554625897,0.0005825537273873
2026-07-07,4383.9351,117726.9351,113343.0,1.177269,100000.0,1.1826,1.1698196894430597,0.0074493105569402,0.0063679134692002
2026-07-08,4383.9351,117096.9351,112713.0,1.170969,100000.0,1.1773,1.1608540202331104,0.0101149797668895,0.0087133951303011
2026-07-09,4383.9351,117233.9351,112850.0,1.172339,100000.0,1.171,1.19033681761193,-0.0179978176119299,-0.0151199369335122
2026-07-10,4383.9351,118239.9351,113856.0,1.182399,100000.0,1.1723,1.1670184029754942,0.0153805970245057,0.0131793954450851
2026-07-13,4383.9351,118098.9351,113715.0,1.180989,100000.0,1.1824,1.1461708530142716,0.0348181469857284,0.0303777982960931
2026-07-14,4383.9351,118960.9351,114577.0,1.189609,100000.0,1.181,1.1708546009611271,0.0187543990388727,0.0160177011077871
2026-07-15,4383.9351,120670.9351,116287.0,1.206709,100000.0,1.1896,1.1684820865667491,0.0382269134332506,0.0327150188032145
2026-07-16,4383.9351,119213.9351,114830.0,1.192139,100000.0,1.2067,1.1469157178614815,0.0452232821385183,0.0394303447360899
2026-07-17,5489.9351,120105.9351,114616.0,1.201059,100000.0,1.1921,1.1055790386820263,0.0954799613179737,0.0863619496909027
2026-07-20,5489.9351,123011.9351,117522.0,1.230119,100000.0,1.2011,1.1224773940207369,0.107641605979263,0.0958964577395082
2026-07-21,5489.9351,122443.9351,116954.0,1.224439,100000.0,1.2301,1.156873848567565,0.0675651514324351,0.0584032144179713
2026-07-22,5489.9351,125068.9351,119579.0,1.250689,100000.0,1.2244,1.1515073016600832,0.0991816983399167,0.0861320620346308
2026-07-23,5489.9351,125510.9351,120021.0,1.255109,100000.0,1.2507,1.1541332956563954,0.1009757043436045,0.087490504540185
2026-07-24,5489.9351,124217.9351,118728.0,1.242179,100000.0,1.2551,1.1348952825820329,0.107283717417967,0.0945318207455077
2026-07-27,5489.9351,123900.9351,118411.0,1.239009,100000.0,1.2422,1.147890384035022,0.0911186159649779,0.0793791961604217
2026-07-28,5489.9351,125644.9351,120155.0,1.256449,100000.0,1.239,1.115447802205648,0.1410011977943519,0.126407705959473
2026-07-29,5489.9351,126645.9351,121156.0,1.266459,100000.0,1.2564,1.12295135010232,0.1435076498976799,0.1277950731210251
2026-07-30,5489.9351,129008.9351,123519.0,1.290089,100000.0,1.2665,1.1106136747509583,0.1794753252490417,0.1616001399310043
2026-07-31,5489.9351,127686.9351,122197.0,1.276869,100000.0,1.2901,1.120006065544249,0.156862934455751,0.1400554329851115
